Date,Auto,Consumer,Oil & Gas (Energy),FMCG,IT,Media,Metal,Healthcare (Pharma),Realty,Finance,Benchmark
2017-01-02,9326.900390625,3546.0,10307.650390625,20710.349609375,,2618.39990234375,2705.25,10310.2001953125,172.60000610351562,,1.0
2017-01-03,9300.2998046875,3553.449951171875,10431.0498046875,20864.150390625,10362.25,2665.10009765625,2714.949951171875,10317.4501953125,173.39999389648438,18035.390625,1.0056757417598028
2017-01-04,9330.900390625,3574.949951171875,10346.849609375,20935.25,10496.900390625,2669.550048828125,2711.5,10303.7998046875,177.25,17890.79296875,1.0087865250989663
2017-01-05,9522.2998046875,3618.199951171875,10505.4501953125,21070.5,10400.0498046875,2714.14990234375,2798.25,10457.75,179.25,18115.73828125,1.0221701758651147
2017-01-06,9506.650390625,3603.25,10468.5498046875,20867.099609375,10110.4501953125,2683.60009765625,2797.85009765625,10472.7001953125,177.75,18263.787109375,1.0163487090727419
2017-01-09,9495.9501953125,3598.25,10396.150390625,20987.25,10198.4501953125,2697.85009765625,2793.800048828125,10323.4501953125,179.25,18286.4375,1.0167880566999177
2017-01-10,9616.599609375,3623.050048828125,10489.5498046875,21157.75,10221.5,2707.300048828125,2833.89990234375,10366.7001953125,178.75,18409.384765625,1.0233916056728458
2017-01-11,9703.650390625,3651.35009765625,10523.75,21194.55078125,10220.5498046875,2747.300048828125,2954.800048828125,10464.650390625,179.5,18829.78125,1.03523095271202
2017-01-12,9676.9501953125,3637.800048828125,10644.2998046875,20988.05078125,10398.7998046875,2745.75,2958.550048828125,10401.75,179.0,18873.73046875,1.035948621480056
2017-01-13,9600.7001953125,3632.14990234375,10656.599609375,21232.94921875,10263.5498046875,2748.199951171875,2952.300048828125,10445.099609375,178.8000030517578,18911.87890625,1.0353515202425818
2017-01-16,9650.7001953125,3633.60009765625,10599.849609375,21197.69921875,10173.099609375,2754.800048828125,2980.949951171875,10418.2001953125,181.1999969482422,19096.2265625,1.0376820992864026
2017-01-17,9641.849609375,3654.25,10445.650390625,21442.94921875,10206.7998046875,2747.550048828125,2937.10009765625,10426.650390625,181.89999389648438,19066.830078125,1.0367371869517745
2017-01-18,9644.7998046875,3668.300048828125,10403.900390625,21529.55078125,10231.599609375,2761.699951171875,3006.550048828125,10452.4501953125,182.0,19164.27734375,1.0412525056566222
2017-01-19,9709.0,3677.14990234375,10538.650390625,21634.150390625,10222.150390625,2755.25,3005.800048828125,10389.75,181.39999389648438,19124.02734375,1.042499423551116
2017-01-20,9601.0,3656.0,10407.099609375,21641.05078125,10132.650390625,2705.050048828125,2933.10009765625,10307.849609375,177.35000610351562,18820.58203125,1.0293350259155565
2017-01-23,9665.0,3679.89990234375,10449.349609375,21873.80078125,10219.400390625,2760.10009765625,3013.5,10214.150390625,178.60000610351562,18842.48046875,1.037926172146954
2017-01-24,9828.2001953125,3711.25,10584.9501953125,21908.400390625,10201.599609375,2755.300048828125,3062.300048828125,10339.4501953125,179.1999969482422,19023.279296875,1.046011463679903
2017-01-25,9967.7001953125,3756.199951171875,10661.900390625,22206.25,10164.4501953125,2820.39990234375,3109.050048828125,10332.599609375,182.5,19472.97265625,1.0589625819855528
2017-01-27,10014.849609375,3758.60009765625,10735.4501953125,21798.19921875,10181.849609375,2812.199951171875,3109.64990234375,10367.2001953125,181.39999389648438,19708.072265625,1.0592044298027223
2017-01-30,9928.650390625,3785.449951171875,10765.2998046875,21786.30078125,10170.650390625,2809.300048828125,3104.60009765625,10412.150390625,180.6999969482422,19585.021484375,1.0582775537838445
2017-01-31,9837.75,3784.14990234375,10674.150390625,21832.650390625,9848.5,2771.39990234375,3072.10009765625,10236.349609375,179.5500030517578,19514.923828125,1.0478747332581568
2017-02-01,10191.9501953125,3874.800048828125,10742.400390625,22496.69921875,9750.0,2834.35009765625,3146.800048828125,10189.5,188.4499969482422,20020.3671875,1.069323571270389
2017-02-02,10058.7998046875,3867.050048828125,10756.4501953125,22696.19921875,9926.0,2843.199951171875,3147.449951171875,10402.0,188.75,20070.068359375,1.0737528086435288
2017-02-03,9975.099609375,3864.89990234375,10708.099609375,22645.150390625,10025.7998046875,2907.85009765625,3128.699951171875,10555.0,190.39999389648438,20196.56640625,1.0781517109270604
2017-02-06,10031.099609375,3900.14990234375,10783.0498046875,22904.400390625,10029.0498046875,2934.199951171875,3119.800048828125,10710.7998046875,194.10000610351562,20371.36328125,1.0870542094852447
2017-02-07,9931.7001953125,3892.35009765625,10692.099609375,22877.75,9997.9501953125,2933.050048828125,3079.550048828125,10604.0,193.0500030517578,20327.013671875,1.0810254833527912
2017-02-08,9994.25,3902.60009765625,10722.599609375,22766.25,10007.0498046875,2968.35009765625,3106.60009765625,10583.400390625,194.5,20245.166015625,1.0842881492638103
2017-02-09,10028.0498046875,3920.60009765625,10726.0498046875,22874.94921875,10167.900390625,3022.89990234375,3084.64990234375,10542.599609375,196.35000610351562,20150.916015625,1.0887854283105858
2017-02-10,9987.2998046875,3910.300048828125,10676.75,22709.30078125,10387.849609375,3010.89990234375,3075.449951171875,10438.099609375,196.0500030517578,20213.666015625,1.0874598276198664
2017-02-13,9973.2998046875,3905.0,10704.7001953125,22649.0,10452.900390625,3021.60009765625,3083.050048828125,10403.599609375,194.0,20251.564453125,1.0871994602601724
2017-02-14,9820.599609375,3897.39990234375,10728.849609375,22596.05078125,10474.099609375,2993.550048828125,3055.449951171875,10322.25,192.60000610351562,20257.86328125,1.0819514268176822
2017-02-15,9523.349609375,3875.5,10648.75,22674.400390625,10427.650390625,2993.39990234375,3011.25,10137.650390625,185.0500030517578,20163.46484375,1.0689052317764471
2017-02-16,9686.349609375,3891.949951171875,10746.099609375,22379.69921875,10628.0498046875,2992.0,3075.75,10407.75,188.5,20243.46484375,1.0803350028190148
2017-02-17,9683.599609375,3890.14990234375,10846.2001953125,22445.80078125,10527.2001953125,2991.35009765625,3053.60009765625,10624.400390625,189.25,20551.111328125,1.0840737148664763
2017-02-20,9743.9501953125,3919.949951171875,10947.150390625,22439.650390625,10671.25,3019.949951171875,3116.75,10641.599609375,191.9499969482422,20676.859375,1.093706297322457
2017-02-21,9758.900390625,3929.050048828125,11024.4501953125,22450.55078125,10680.75,3019.699951171875,3127.0,10644.599609375,192.8000030517578,20860.70703125,1.0968890401201385
2017-02-22,9768.4501953125,3931.300048828125,11418.5498046875,22426.400390625,10514.7998046875,2991.699951171875,3107.14990234375,10582.2998046875,193.0,20868.20703125,1.0969559182455872
2017-02-23,9761.75,3927.10009765625,11311.150390625,22434.75,10689.650390625,2995.050048828125,3120.25,10561.599609375,194.5,20876.408203125,1.0988631066985741
2017-02-27,9666.849609375,3900.550048828125,11458.7998046875,22419.599609375,10706.7001953125,2969.199951171875,3110.89990234375,10571.7001953125,194.85000610351562,20612.810546875,1.0962250098796733
2017-02-28,9654.650390625,3916.85009765625,11360.2001953125,22338.19921875,10680.9501953125,2996.35009765625,3127.300048828125,10585.150390625,197.1999969482422,20607.009765625,1.097950859760117
2017-03-01,9670.599609375,3941.199951171875,11277.349609375,22650.849609375,10748.0498046875,2995.10009765625,3184.60009765625,10700.7998046875,204.85000610351562,20783.5078125,1.1086057144266255
2017-03-02,9705.5,3917.300048828125,11172.2998046875,22417.30078125,10741.599609375,2958.550048828125,3166.300048828125,10541.099609375,196.1999969482422,20559.8125,1.0965724336438518
2017-03-03,9680.5,3911.39990234375,11305.0498046875,22280.69921875,10806.25,2980.64990234375,3187.10009765625,10614.0498046875,198.1999969482422,20495.361328125,1.10049197651151
2017-03-06,9800.0,3938.300048828125,11539.599609375,22392.30078125,10779.0498046875,2999.64990234375,3189.39990234375,10612.849609375,199.9499969482422,20663.41015625,1.1078072467900755
2017-03-07,9753.5498046875,3930.25,11573.849609375,22393.099609375,10799.099609375,3018.300048828125,3133.449951171875,10560.900390625,201.60000610351562,20627.259765625,1.1065180455584567
2017-03-08,9701.25,3915.699951171875,11456.5,22365.19921875,10739.4501953125,3037.0,3073.39990234375,10584.349609375,198.8000030517578,20676.310546875,1.101181073667165
2017-03-09,9754.349609375,3925.449951171875,11397.5498046875,22392.0,10724.75,3054.050048828125,3052.699951171875,10499.0498046875,198.39999389648438,20721.109375,1.1004787216599154
2017-03-10,9779.25,3928.39990234375,11350.9501953125,22341.75,10749.849609375,3056.300048828125,3034.64990234375,10468.349609375,198.25,20727.310546875,1.099461327629014
2017-03-14,9910.400390625,3996.0,11435.650390625,22743.75,10879.25,3085.800048828125,3032.10009765625,10648.0498046875,203.39999389648438,21102.453125,1.1146521396977804
2017-03-15,9987.650390625,4014.0,11469.5,22793.150390625,10696.5498046875,3102.550048828125,3046.5,10671.0498046875,203.89999389648438,21157.654296875,1.1166640062933262
2017-03-16,10056.5,4035.0,11524.7998046875,22905.44921875,10822.099609375,3113.800048828125,3135.550048828125,10731.2001953125,206.4499969482422,21249.654296875,1.1265976789356458
2017-03-17,10009.400390625,4032.300048828125,11487.150390625,23491.25,10900.75,3082.449951171875,3127.5,10674.9501953125,208.0,21174.8046875,1.1277615853876564
2017-03-20,10009.2998046875,4024.550048828125,11411.9501953125,23500.25,10776.75,3093.199951171875,3126.60009765625,10710.599609375,207.1999969482422,21110.00390625,1.1255243439195202
2017-03-21,9963.75,4021.550048828125,11359.0498046875,23796.650390625,10787.2001953125,3100.39990234375,3119.39990234375,10493.75,210.5,21018.755859375,1.124965332649636
2017-03-22,9803.9501953125,3966.949951171875,11321.650390625,23390.75,10783.2998046875,3076.800048828125,3079.14990234375,10510.5498046875,211.8000030517578,20781.107421875,1.1165988687767545
2017-03-23,9897.9501953125,3980.85009765625,11456.650390625,23335.30078125,10850.7998046875,3099.64990234375,3113.199951171875,10575.2001953125,212.25,20895.2578125,1.1234278218523812
2017-03-24,9878.349609375,3976.89990234375,11485.400390625,23455.099609375,10768.9501953125,3089.300048828125,3123.0,10556.349609375,213.1999969482422,21122.3046875,1.124606930764203
2017-03-27,9808.2001953125,3955.25,11307.900390625,23444.05078125,10648.5,3094.199951171875,3040.199951171875,10441.900390625,213.0500030517578,21056.65625,1.115696012135028
2017-03-28,9887.7998046875,3978.800048828125,11298.2001953125,23467.69921875,10681.0498046875,3146.449951171875,3059.35009765625,10497.7001953125,212.14999389648438,21225.154296875,1.121228118859943
2017-03-29,9845.75,3988.64990234375,11339.2001953125,23672.5,10741.25,3146.449951171875,3071.050048828125,10419.5,211.39999389648438,21390.90234375,1.123118928298718
2017-03-30,9860.2998046875,3999.14990234375,11377.650390625,23671.0,10730.75,3158.85009765625,3061.699951171875,10407.2998046875,215.3000030517578,21620.447265625,1.1270908602794911
2017-03-31,9880.2001953125,3997.89990234375,11648.7001953125,23542.30078125,10703.25,3174.25,3096.550048828125,10411.150390625,214.9499969482422,21443.900390625,1.12983704942706
2017-04-03,9921.099609375,3999.75,11819.400390625,23639.599609375,10592.0,3156.300048828125,3105.699951171875,10503.650390625,219.10000610351562,21547.5,1.1347312743453086
2017-04-05,10033.5498046875,4036.050048828125,11979.2998046875,23583.69921875,10510.2998046875,3224.449951171875,3137.25,10541.150390625,225.89999389648438,21652.447265625,1.1455211686393905
2017-04-06,10035.2998046875,4024.64990234375,12123.4501953125,23349.0,10538.150390625,3245.5,3146.14990234375,10469.7001953125,227.9499969482422,21622.697265625,1.1469380575882844
2017-04-07,9993.75,4015.85009765625,12055.0498046875,23235.55078125,10485.75,3204.89990234375,3111.10009765625,10285.7998046875,224.60000610351562,21430.900390625,1.137007677095463
2017-04-10,10030.5,4013.050048828125,12017.4501953125,23264.75,10338.150390625,3233.449951171875,3138.449951171875,10315.7998046875,223.35000610351562,21519.900390625,1.1377177257562787
2017-04-11,10040.0498046875,4027.64990234375,12012.25,23651.75,10398.849609375,3214.300048828125,3092.050048828125,10355.5498046875,226.10000610351562,21735.8984375,1.1413765829716744
2017-04-12,9987.150390625,4019.35009765625,11914.0,23670.19921875,10323.4501953125,3173.550048828125,3071.199951171875,10445.2001953125,226.39999389648438,21666.548828125,1.137426644896734
2017-04-13,9907.400390625,3996.89990234375,12018.400390625,23507.900390625,10064.2001953125,3157.89990234375,2985.550048828125,10531.9501953125,228.0,21686.34765625,1.1313629473654514
2017-04-17,9889.4501953125,3986.800048828125,12107.849609375,23459.900390625,10000.900390625,3158.050048828125,2953.35009765625,10448.5498046875,246.3000030517578,21647.34765625,1.1375380156699046
2017-04-18,9813.7001953125,3964.10009765625,12031.400390625,23382.94921875,9981.5498046875,3142.550048828125,2901.25,10355.7998046875,237.9499969482422,21671.59765625,1.1274036946877775
2017-04-19,9831.349609375,3975.25,12100.7998046875,23387.150390625,9944.7998046875,3191.300048828125,2915.800048828125,10321.0498046875,241.4499969482422,21556.099609375,1.1311725045708658
2017-04-20,9909.900390625,4007.39990234375,12068.5,23495.150390625,10039.0498046875,3256.199951171875,2919.64990234375,10303.9501953125,246.5500030517578,21491.150390625,1.1385944452716084
2017-04-21,9858.7998046875,3989.550048828125,12193.7998046875,23229.80078125,10008.150390625,3266.39990234375,2905.25,10208.5,252.5,21551.19921875,1.1388522240100212
2017-04-24,9978.2001953125,4010.60009765625,12273.150390625,23344.650390625,10058.349609375,3247.39990234375,2925.699951171875,10177.75,258.54998779296875,21857.146484375,1.1468493933145927
2017-04-25,10090.349609375,4078.14990234375,12406.849609375,23764.849609375,10091.25,3263.10009765625,2945.85009765625,10241.4501953125,262.45001220703125,22054.443359375,1.1585860533492505
2017-04-26,10189.7001953125,4125.9501953125,12278.650390625,24304.30078125,9966.75,3246.949951171875,2957.89990234375,10197.2001953125,254.64999389648438,22242.591796875,1.1580331597066205
2017-04-27,10173.099609375,4110.75,12290.099609375,24067.0,10012.349609375,3260.60009765625,2929.85009765625,10100.0,255.64999389648438,22326.041015625,1.156099053232834
2017-04-28,10255.150390625,4106.7998046875,12263.5498046875,23675.400390625,9943.7001953125,3252.199951171875,2974.39990234375,10120.900390625,251.0500030517578,22357.990234375,1.1537814045962722
2017-05-02,10294.75,4124.39990234375,12242.849609375,23755.099609375,10006.349609375,3271.89990234375,2957.35009765625,10036.349609375,255.64999389648438,22341.08984375,1.1567424811614604
2017-05-03,10273.0,4118.60009765625,12212.849609375,23683.80078125,10131.0498046875,3219.64990234375,2950.85009765625,9981.7998046875,259.6000061035156,22307.041015625,1.156027117201217
2017-05-04,10211.7998046875,4137.10009765625,12140.150390625,23951.80078125,10106.5,3193.0,2927.550048828125,9979.0,257.3500061035156,22719.8359375,1.155432738317446
2017-05-05,10107.9501953125,4101.89990234375,11925.400390625,23630.44921875,10086.349609375,3119.0,2856.699951171875,9935.150390625,254.9499969482422,22604.685546875,1.141805240906699
2017-05-08,10167.0498046875,4109.75,11909.5498046875,23442.19921875,10209.150390625,3119.949951171875,2854.35009765625,10021.0498046875,265.6499938964844,22767.0859375,1.1495605391774644
2017-05-09,10157.7998046875,4107.35009765625,11980.7001953125,23527.849609375,10279.599609375,3100.300048828125,2876.449951171875,9997.7001953125,266.8500061035156,22707.037109375,1.1514031477502047
2017-05-10,10303.900390625,4200.4501953125,12118.4501953125,23954.349609375,10219.5498046875,3170.14990234375,2899.10009765625,10106.2001953125,267.1499938964844,22830.083984375,1.1639112084550642
2017-05-11,10410.75,4236.25,12037.0,24025.849609375,10256.099609375,3279.10009765625,2915.35009765625,10178.849609375,267.8500061035156,22818.18359375,1.1718250070457137
2017-05-12,10429.2001953125,4222.60009765625,12017.650390625,23966.94921875,10367.2998046875,3210.10009765625,2912.050048828125,10121.400390625,269.5,22671.435546875,1.1691584033711815
2017-05-15,10481.2998046875,4234.60009765625,12036.5498046875,24119.44921875,10339.75,3233.0,2978.5,10252.849609375,271.54998779296875,22821.234375,1.1773740243969804
2017-05-16,10597.4501953125,4268.7998046875,12099.5,24370.55078125,10461.2998046875,3223.5,2964.10009765625,10247.150390625,274.1000061035156,22928.333984375,1.183532731576667
2017-05-17,10669.7001953125,4273.39990234375,12073.150390625,24266.75,10437.2998046875,3220.199951171875,3030.64990234375,10222.599609375,273.6499938964844,22935.68359375,1.1855299666309977
2017-05-18,10436.349609375,4198.75,11884.400390625,23864.0,10545.599609375,3166.60009765625,2947.050048828125,10160.2998046875,264.70001220703125,22698.3359375,1.1672050323297467
2017-05-19,10409.7998046875,4203.7998046875,11794.7001953125,24352.900390625,10456.349609375,3136.5,2943.199951171875,10156.099609375,264.5,22769.53515625,1.1665386188391613
2017-05-22,10339.9501953125,4217.64990234375,11700.5498046875,25230.0,10504.849609375,3135.39990234375,2926.300048828125,9959.2001953125,260.6000061035156,22652.5859375,1.1646599953535333
2017-05-23,10380.650390625,4196.7998046875,11559.25,25002.349609375,10510.2001953125,3077.5,2913.89990234375,9648.2998046875,253.4499969482422,22582.5390625,1.1523090475414959
2017-05-24,10386.2998046875,4163.2998046875,11546.349609375,24986.5,10509.2001953125,3022.60009765625,2848.10009765625,9446.9501953125,249.4499969482422,22536.0390625,1.1421210386836878
2017-05-25,10588.099609375,4203.4501953125,11627.5498046875,25056.650390625,10738.349609375,3034.949951171875,2899.800048828125,9199.150390625,254.6999969482422,23190.53125,1.1543204861092784
2017-05-26,10711.5498046875,4242.7998046875,11858.349609375,25507.55078125,10735.400390625,3088.75,2997.75,9060.4501953125,256.1499938964844,23361.927734375,1.1667989039560076
2017-05-29,10753.5,4272.7998046875,11919.900390625,25948.05078125,10568.349609375,3066.39990234375,2988.75,8757.7998046875,245.10000610351562,23182.48046875,1.15786410719508
2017-05-30,10802.0498046875,4282.64990234375,11954.0,25783.400390625,10609.0,3082.0,2998.75,8990.2998046875,247.60000610351562,23306.978515625,1.1645488282162202
2017-05-31,10870.7998046875,4308.14990234375,11925.650390625,25841.80078125,10549.099609375,3066.050048828125,2952.949951171875,9025.25,250.39999389648438,23424.529296875,1.1652891886204395
2017-06-01,10891.5498046875,4329.9501953125,11796.7001953125,26165.75,10574.7001953125,3085.85009765625,2926.949951171875,9104.9501953125,250.6999969482422,23309.87890625,1.1669096826376002
2017-06-02,10942.2001953125,4353.60009765625,11757.5498046875,26401.69921875,10608.9501953125,3109.0,2923.35009765625,9254.7001953125,254.0,23375.62890625,1.1736489304296065
2017-06-05,10967.9501953125,4389.2998046875,11806.400390625,26430.650390625,10660.099609375,3116.39990234375,2905.949951171875,9229.75,255.9499969482422,23459.376953125,1.1766555838760009
2017-06-06,10849.2001953125,4349.75,11677.2001953125,26058.900390625,10907.25,3079.0,2896.39990234375,9174.599609375,252.4499969482422,23416.029296875,1.1697784785388925
2017-06-07,10932.400390625,4386.39990234375,11788.900390625,26230.19921875,10701.25,3090.550048828125,2924.85009765625,9300.5498046875,252.75,23567.376953125,1.1754286224564177
2017-06-08,10939.650390625,4369.0498046875,11701.150390625,26183.349609375,10550.0,3097.050048828125,2950.699951171875,9486.650390625,252.25,23535.826171875,1.1755436002205795
2017-06-09,11047.4501953125,4378.5498046875,11688.349609375,25941.44921875,10442.650390625,3095.550048828125,2997.699951171875,9507.349609375,259.6499938964844,23690.625,1.1808405477044464
2017-06-12,10963.849609375,4357.60009765625,11633.75,25864.849609375,10470.75,3079.199951171875,2986.949951171875,9583.849609375,259.04998779296875,23470.17578125,1.177330747089937
2017-06-13,10910.2001953125,4352.75,11629.4501953125,25942.25,10339.0,3077.64990234375,2963.85009765625,9592.150390625,260.95001220703125,23477.576171875,1.1754838608556495
2017-06-14,10905.25,4350.10009765625,11797.349609375,25744.599609375,10366.099609375,3094.14990234375,2943.699951171875,9576.0,264.5,23498.42578125,1.1778052310840008
2017-06-15,10839.400390625,4328.89990234375,11779.0,25753.349609375,10278.0498046875,3081.64990234375,2932.449951171875,9695.849609375,270.20001220703125,23391.478515625,1.1779267256797528
2017-06-16,10869.2001953125,4330.0498046875,11823.25,25914.30078125,10189.5,3094.949951171875,2931.050048828125,9525.5,270.95001220703125,23502.4765625,1.1777142213238063
2017-06-19,10893.2998046875,4347.5498046875,11913.2001953125,26126.150390625,10197.900390625,3111.89990234375,2982.39990234375,9489.2001953125,270.1000061035156,23741.875,1.1834968181062542
2017-06-20,10900.7001953125,4345.2998046875,11933.099609375,26055.55078125,10289.9501953125,3084.64990234375,2988.699951171875,9481.900390625,270.6000061035156,23697.673828125,1.1835834654278403
2017-06-21,10835.5,4368.85009765625,11897.849609375,26256.75,10223.400390625,3086.449951171875,2953.550048828125,9456.7998046875,272.1000061035156,23708.474609375,1.1823896270090388
2017-06-22,10820.75,4361.35009765625,11811.4501953125,26187.69921875,10199.5498046875,3082.85009765625,2912.64990234375,9471.599609375,267.79998779296875,23735.82421875,1.177257920536473
2017-06-23,10637.4501953125,4333.89990234375,11768.75,26163.849609375,10170.599609375,3038.39990234375,2892.39990234375,9478.150390625,263.45001220703125,23542.4765625,1.1683500319855558
2017-06-27,10576.2001953125,4323.0498046875,11778.2998046875,26188.30078125,10068.849609375,2956.550048828125,2885.0,9467.900390625,260.04998779296875,23215.98046875,1.1597191633164055
2017-06-28,10582.650390625,4308.2998046875,11644.2001953125,25981.900390625,10133.5498046875,2933.949951171875,2931.75,9482.349609375,262.1000061035156,23235.580078125,1.1600869056786978
2017-06-29,10568.150390625,4322.14990234375,11630.7998046875,26143.650390625,10124.400390625,2959.449951171875,2991.199951171875,9428.2001953125,264.54998779296875,23227.03125,1.164524787084025
2017-06-30,10540.25,4347.2998046875,11600.400390625,26752.05078125,10155.0498046875,2982.050048828125,2991.35009765625,9606.400390625,263.45001220703125,23210.9296875,1.1701844042730711
2017-07-03,10680.9501953125,4424.5498046875,11643.0,27787.19921875,10189.849609375,2997.550048828125,3046.300048828125,9616.2998046875,267.1000061035156,23272.53125,1.183994714888151
2017-07-04,10629.5498046875,4399.64990234375,11798.599609375,27547.5,10213.400390625,2989.75,3050.14990234375,9517.9501953125,265.75,23213.9296875,1.1813272989109953
2017-07-05,10704.7998046875,4414.25,11920.5498046875,27349.400390625,10160.650390625,3024.25,3082.85009765625,9589.150390625,269.8500061035156,23352.328125,1.1883572145316628
2017-07-06,10746.5498046875,4426.2001953125,11884.75,27581.69921875,10148.900390625,3022.050048828125,3094.25,9598.4501953125,274.6000061035156,23466.376953125,1.1927978516024724
2017-07-07,10729.0,4415.85009765625,12055.75,27465.849609375,10087.7998046875,3037.60009765625,3087.75,9723.849609375,279.45001220703125,23448.876953125,1.1967605452716545
2017-07-10,10795.2001953125,4445.25,12130.7998046875,27474.5,10360.099609375,3038.25,3129.89990234375,9884.4501953125,281.5,23674.775390625,1.2079755591966637
2017-07-11,10876.150390625,4441.4501953125,12159.650390625,27361.599609375,10430.0,3025.300048828125,3114.85009765625,9801.650390625,277.20001220703125,23584.326171875,1.2049697265006845
2017-07-12,10904.349609375,4452.60009765625,12318.0,27425.849609375,10401.5,3044.85009765625,3126.550048828125,9817.7998046875,277.6499938964844,23695.173828125,1.2092992742888293
2017-07-13,10936.650390625,4488.7001953125,12348.7001953125,27918.650390625,10440.5498046875,3078.699951171875,3153.25,9875.25,278.29998779296875,23888.373046875,1.2179201167573728
2017-07-14,10892.25,4492.10009765625,12443.7998046875,27864.44921875,10330.650390625,3065.050048828125,3140.050048828125,9958.25,276.29998779296875,23937.421875,1.2162860389715886
2017-07-17,10936.4501953125,4487.64990234375,12530.0,27391.650390625,10445.849609375,3085.199951171875,3170.14990234375,9994.75,280.3999938964844,24014.771484375,1.2214033553975527
2017-07-18,10954.400390625,4434.2998046875,12373.2001953125,25547.599609375,10493.2001953125,3086.25,3164.75,10024.2998046875,277.54998779296875,24021.771484375,1.2099431011646533
2017-07-19,11012.150390625,4476.35009765625,12488.9501953125,25915.75,10583.7998046875,3143.5,3226.199951171875,10234.599609375,281.29998779296875,24152.369140625,1.2250731912538193
2017-07-20,10960.7001953125,4457.35009765625,12445.7998046875,25762.94921875,10491.150390625,3125.199951171875,3196.39990234375,10140.75,282.04998779296875,24213.068359375,1.2194292057128393
2017-07-21,10955.400390625,4459.7998046875,12641.400390625,25795.599609375,10711.5498046875,3158.199951171875,3203.14990234375,10052.400390625,279.8999938964844,24256.76953125,1.223843365898686
2017-07-24,10968.7998046875,4478.75,12745.5498046875,26033.44921875,10823.5498046875,3145.25,3187.5,9980.5,280.0,24420.56640625,1.226824484530549
2017-07-25,10932.5,4477.14990234375,12691.25,25925.0,10810.349609375,3109.25,3227.550048828125,9930.5498046875,281.04998779296875,24520.4140625,1.2256762338147331
2017-07-26,11003.5498046875,4488.35009765625,12792.0498046875,26099.5,10782.9501953125,3089.35009765625,3283.25,10036.7998046875,282.54998779296875,24670.412109375,1.232313343240485
2017-07-27,10919.0,4484.64990234375,12664.2998046875,25970.44921875,10612.2998046875,3099.699951171875,3250.35009765625,9880.25,281.8999938964844,24922.111328125,1.2257042773150575
2017-07-28,10934.849609375,4481.35009765625,12671.349609375,26033.94921875,10699.4501953125,3106.5,3207.14990234375,9672.599609375,281.20001220703125,24811.01171875,1.222379541051217
2017-07-31,11002.650390625,4486.7001953125,12829.150390625,25744.349609375,10755.75,3100.35009765625,3259.949951171875,9476.400390625,282.95001220703125,25103.359375,1.2255811344349448
2017-08-01,11170.900390625,4502.10009765625,12819.9501953125,25781.5,10801.849609375,3112.300048828125,3290.75,9517.2998046875,282.95001220703125,25122.5078125,1.2307429370036234
2017-08-02,11134.25,4482.7001953125,12922.650390625,25531.099609375,10727.349609375,3103.25,3284.10009765625,9453.9501953125,282.3500061035156,25054.908203125,1.2267326129502987
2017-08-03,11058.7998046875,4497.9501953125,13080.9501953125,25483.55078125,10682.5,3088.800048828125,3221.5,9336.900390625,279.95001220703125,24674.763671875,1.2197476672145169
2017-08-04,11137.5498046875,4534.10009765625,13203.650390625,25551.099609375,10757.9501953125,3091.60009765625,3302.0,9256.849609375,280.6000061035156,24827.16015625,1.2270748176186679
2017-08-07,11158.849609375,4541.0498046875,13267.4501953125,25608.55078125,10678.7998046875,3076.449951171875,3341.050048828125,9229.0498046875,284.95001220703125,24906.060546875,1.2302371581279699
2017-08-08,11117.7998046875,4511.7001953125,13042.4501953125,25306.05078125,10623.7001953125,3047.5,3390.199951171875,9125.849609375,272.3999938964844,24599.21484375,1.21715762100952
2017-08-09,10925.650390625,4479.60009765625,13009.5498046875,25102.80078125,10613.5498046875,3014.14990234375,3383.39990234375,8766.25,271.04998779296875,24374.31640625,1.2046988210327774
2017-08-10,10606.5,4432.35009765625,12804.9501953125,24969.25,10662.349609375,2910.25,3328.64990234375,8513.2001953125,257.29998779296875,24217.068359375,1.1814593196996128
2017-08-11,10457.75,4375.60009765625,12659.099609375,24762.55078125,10647.0498046875,2872.800048828125,3216.60009765625,8521.349609375,254.89999389648438,23985.470703125,1.1681802426936208
2017-08-14,10600.150390625,4433.85009765625,12859.5498046875,24908.400390625,10587.2998046875,2950.25,3326.60009765625,8758.099609375,269.6499938964844,24115.46875,1.1909910539607762
2017-08-16,10778.75,4485.2998046875,12831.2001953125,25534.80078125,10659.7001953125,2961.199951171875,3383.949951171875,8859.400390625,271.95001220703125,24437.416015625,1.20440546799541
2017-08-17,10694.650390625,4473.5498046875,12892.400390625,25511.349609375,10797.7998046875,2990.85009765625,3409.14990234375,8797.099609375,273.5,24236.96875,1.2061288752228272
2017-08-18,10676.349609375,4487.64990234375,12959.650390625,25718.69921875,10570.0,2948.449951171875,3384.64990234375,8639.400390625,271.29998779296875,24074.169921875,1.198848376247578
2017-08-21,10572.75,4454.0,12796.2998046875,25598.75,10440.0498046875,2917.60009765625,3337.60009765625,8490.2001953125,268.54998779296875,23936.22265625,1.1863485947734203
2017-08-22,10482.900390625,4443.60009765625,12843.4501953125,25604.75,10446.25,2927.949951171875,3340.199951171875,8566.650390625,266.1499938964844,23974.169921875,1.1863081561269482
2017-08-23,10552.7998046875,4457.85009765625,12975.849609375,25595.94921875,10478.25,2938.0,3397.60009765625,8615.849609375,275.29998779296875,24316.517578125,1.197924752271076
2017-08-24,10571.4501953125,4458.0,12933.900390625,25555.0,10503.900390625,2929.800048828125,3414.050048828125,8902.0498046875,273.6499938964844,24273.91796875,1.2011518927452678
2017-08-28,10592.349609375,4493.2001953125,12963.2998046875,25761.900390625,10592.2998046875,2955.10009765625,3426.449951171875,8975.0498046875,274.5,24376.81640625,1.2079349362192036
2017-08-29,10503.5,4457.2001953125,12749.0498046875,25529.5,10506.0,2942.300048828125,3388.550048828125,8865.0498046875,272.04998779296875,24128.66796875,1.1962361018684124
2017-08-30,10572.349609375,4485.85009765625,12993.2998046875,25757.849609375,10493.25,2965.39990234375,3478.199951171875,8908.0498046875,276.6499938964844,24308.416015625,1.2086037902313462
2017-08-31,10612.5498046875,4513.10009765625,13150.0498046875,25834.900390625,10558.25,2966.35009765625,3474.85009765625,8859.650390625,280.3999938964844,24318.1171875,1.2133179484328152
2017-09-01,10823.599609375,4549.75,13218.75,25906.75,10514.400390625,3027.199951171875,3542.5,9071.7001953125,287.6499938964844,24433.716796875,1.228652543172493
2017-09-04,10738.400390625,4517.2998046875,13163.849609375,25761.400390625,10514.400390625,3045.39990234375,3547.60009765625,9070.349609375,282.8999938964844,24433.716796875,1.2244778514651353
2017-09-05,10771.2001953125,4525.7998046875,13275.099609375,25818.900390625,10498.0,3054.800048828125,3578.14990234375,9037.599609375,286.8999938964844,24328.017578125,1.2283913083371403
2017-09-06,10746.099609375,4501.60009765625,13292.2998046875,25473.099609375,10421.650390625,3059.85009765625,3604.89990234375,8897.2998046875,287.1000061035156,24278.869140625,1.2241207025705954
2017-09-07,10837.7998046875,4511.60009765625,13239.849609375,25309.25,10460.9501953125,3059.10009765625,3646.39990234375,8948.7998046875,289.3999938964844,24304.6171875,1.227826663763449
2017-09-08,10779.0,4501.10009765625,13152.7001953125,25408.849609375,10456.650390625,3039.75,3652.949951171875,8840.2998046875,285.1499938964844,24370.517578125,1.2229842841358562
2017-09-11,10839.75,4534.85009765625,13238.9501953125,25550.44921875,10459.5,3053.10009765625,3675.0,8804.4501953125,287.04998779296875,24671.962890625,1.2292144474589457
2017-09-12,10965.900390625,4577.7001953125,13381.900390625,25913.19921875,10501.099609375,3088.449951171875,3711.050048828125,8996.099609375,292.8999938964844,24784.412109375,1.2437378463629962
2017-09-13,10916.0,4565.89990234375,13414.599609375,25632.349609375,10505.2998046875,3083.050048828125,3671.14990234375,9140.599609375,289.20001220703125,24831.51171875,1.240965264315406
2017-09-14,10949.0,4550.9501953125,13364.599609375,25628.25,10496.0498046875,3089.699951171875,3650.39990234375,9380.849609375,287.70001220703125,24911.9609375,1.2429288196641621
2017-09-15,10971.4501953125,4552.0,13347.0,25505.94921875,10599.75,3099.550048828125,3663.300048828125,9338.0,286.75,24844.01171875,1.2432018349032963
2017-09-18,11104.849609375,4600.39990234375,13377.2998046875,25578.349609375,10649.5,3155.550048828125,3689.75,9339.5498046875,288.75,25046.609375,1.2522991560092838
2017-09-19,11170.75,4597.7998046875,13413.7001953125,25648.400390625,10654.849609375,3162.35009765625,3663.199951171875,9293.9501953125,291.29998779296875,25041.259765625,1.253554673784282
2017-09-20,11103.4501953125,4573.5498046875,13410.2998046875,25698.55078125,10651.349609375,3158.550048828125,3660.550048828125,9319.849609375,289.75,24964.759765625,1.2513684960322495
2017-09-21,11051.900390625,4553.39990234375,13333.7998046875,25489.69921875,10653.849609375,3100.64990234375,3638.800048828125,9629.75,285.3500061035156,24798.9609375,1.2469269654919026
2017-09-22,10927.0498046875,4486.5,13046.7001953125,25220.349609375,10632.099609375,3027.949951171875,3491.800048828125,9465.4501953125,272.95001220703125,24368.56640625,1.2217582043796715
2017-09-25,10808.4501953125,4455.4501953125,13035.0,24980.69921875,10569.150390625,3014.800048828125,3450.10009765625,9297.0498046875,264.3999938964844,24164.76953125,1.208580570408454
2017-09-26,10816.0,4425.9501953125,13023.900390625,24872.099609375,10548.5,3004.699951171875,3533.050048828125,9297.900390625,271.5,24198.869140625,1.2129282208470067
2017-09-27,10646.0498046875,4373.7998046875,12809.0498046875,24556.099609375,10544.2001953125,2968.85009765625,3477.199951171875,9036.4501953125,263.54998779296875,23812.671875,1.1937391464371019
2017-09-28,10683.650390625,4373.35009765625,12721.9501953125,24724.650390625,10521.900390625,2962.300048828125,3501.550048828125,9111.5498046875,266.45001220703125,24007.87109375,1.197760434264678
2017-09-29,10811.25,4390.64990234375,12772.650390625,24480.80078125,10475.349609375,2983.60009765625,3550.300048828125,9172.599609375,273.5,24052.720703125,1.205155138941771
2017-10-03,10903.75,4422.9501953125,12945.25,24747.55078125,10546.099609375,2989.14990234375,3593.60009765625,9214.9501953125,274.25,24103.12109375,1.2136619630403014
2017-10-04,10942.7001953125,4441.7001953125,13160.849609375,25105.44921875,10539.849609375,2994.64990234375,3588.10009765625,9372.2998046875,275.54998779296875,24113.021484375,1.221049689419204
2017-10-05,10931.7001953125,4434.0,13164.7001953125,25010.400390625,10524.650390625,3012.64990234375,3598.39990234375,9394.150390625,278.04998779296875,24057.771484375,1.2223097893522283
2017-10-06,11007.0,4452.64990234375,13405.0498046875,25130.599609375,10655.349609375,3019.85009765625,3711.5,9477.75,278.45001220703125,24189.71875,1.2340707134690219
2017-10-09,11005.7998046875,4466.5498046875,13277.849609375,25286.349609375,10680.2001953125,3051.89990234375,3717.85009765625,9505.7001953125,284.95001220703125,24251.619140625,1.2394054783396373
2017-10-10,11029.849609375,4473.0,13380.2001953125,25204.849609375,10726.2001953125,3063.25,3721.550048828125,9530.2998046875,282.5,24347.166015625,1.241272703755065
2017-10-11,10960.2998046875,4478.60009765625,13389.9501953125,25187.5,10785.25,3004.550048828125,3668.449951171875,9441.150390625,277.04998779296875,24107.169921875,1.232404724185008
2017-10-12,11072.25,4521.0498046875,13653.25,25473.599609375,10881.2998046875,3023.39990234375,3741.449951171875,9577.099609375,281.70001220703125,24360.966796875,1.2481185856277484
2017-10-13,11078.2998046875,4546.7001953125,13678.2001953125,25434.849609375,10924.2001953125,3009.800048828125,3784.550048828125,9545.599609375,282.54998779296875,24688.86328125,1.251947601963331
2017-10-16,11216.849609375,4600.0498046875,13711.0,25607.599609375,10961.599609375,3023.14990234375,3855.449951171875,9692.5498046875,285.70001220703125,24702.763671875,1.2628557089599584
2017-10-17,11221.900390625,4620.75,13728.0,25620.94921875,10942.7001953125,2970.10009765625,3868.14990234375,9740.5498046875,288.25,24645.3125,1.2631443291174318
2017-10-18,11167.849609375,4600.39990234375,14093.849609375,25684.05078125,10910.150390625,2953.800048828125,3853.699951171875,9622.599609375,287.95001220703125,24313.466796875,1.2607543524608031
2017-10-19,11107.7001953125,4596.10009765625,13979.9501953125,25580.0,10890.7998046875,2943.39990234375,3819.89990234375,9593.5,287.25,24009.470703125,1.2543904470572709
2017-10-23,11109.9501953125,4621.89990234375,14230.599609375,25419.19921875,10997.849609375,2950.0,3843.199951171875,9542.2001953125,289.95001220703125,24088.62109375,1.2597817115932466
2017-10-24,11080.0,4647.39990234375,14290.7998046875,25503.0,10884.7998046875,3056.449951171875,3858.300048828125,9490.0,291.6000061035156,24221.869140625,1.2655558883623388
2017-10-25,11150.2998046875,4666.14990234375,14397.599609375,25638.19921875,10925.4501953125,3076.14990234375,3872.550048828125,9346.75,290.3999938964844,25035.609375,1.2720624107991165
2017-10-26,11212.599609375,4673.60009765625,14579.150390625,25644.19921875,10883.0498046875,3101.64990234375,3951.949951171875,9428.349609375,291.6499938964844,25021.908203125,1.2793674977397584
2017-10-27,11317.900390625,4682.85009765625,14387.0,25814.69921875,10862.0498046875,3147.800048828125,3945.300048828125,9650.099609375,290.1499938964844,24839.26171875,1.2828452243607307
2017-10-30,11426.5,4699.39990234375,14531.849609375,25637.599609375,10854.2998046875,3159.5,3944.050048828125,9754.849609375,295.95001220703125,24988.259765625,1.2900120639433605
2017-10-31,11370.0,4696.64990234375,14511.2001953125,25687.69921875,10837.900390625,3151.25,3876.550048828125,9756.0,304.5,25019.05859375,1.2905290168174497
2017-11-01,11363.5,4756.25,14585.2998046875,26083.75,10817.2998046875,3135.39990234375,3946.39990234375,9711.5498046875,312.3999938964844,25490.15234375,1.3013627331392568
2017-11-02,11282.849609375,4747.14990234375,14549.599609375,25823.900390625,10845.849609375,3119.39990234375,3941.0,10004.5,312.5,25427.005859375,1.3017213221813866
2017-11-03,11313.650390625,4737.0498046875,14515.099609375,25790.5,10839.0498046875,3194.0,3938.39990234375,9897.2001953125,314.6499938964844,25650.400390625,1.3049113725720332
2017-11-06,11463.2001953125,4771.4501953125,14412.7998046875,25821.900390625,10929.900390625,3197.39990234375,3951.75,9894.099609375,316.04998779296875,25570.853515625,1.3086331213316569
2017-11-07,11331.75,4723.89990234375,14132.0498046875,25760.94921875,11172.099609375,3167.25,3885.550048828125,9469.75,308.95001220703125,25300.505859375,1.2925080125248853
2017-11-08,11254.099609375,4713.2998046875,13932.0,25741.349609375,11245.900390625,3171.699951171875,3832.0,9494.9501953125,306.54998779296875,25184.056640625,1.2874033994668808
2017-11-09,11242.5,4751.39990234375,14010.7001953125,25726.150390625,11248.4501953125,3168.5,3849.75,9435.849609375,306.25,25291.0546875,1.289077892338206
2017-11-10,11185.5,4775.9501953125,13862.849609375,25920.55078125,11222.5498046875,3186.35009765625,3865.699951171875,9311.5,306.29998779296875,25498.65234375,1.2890479919595093
2017-11-13,11134.0498046875,4742.39990234375,13737.099609375,25664.400390625,11236.2001953125,3169.64990234375,3792.5,9238.849609375,302.04998779296875,25358.005859375,1.2786412958815165
2017-11-14,11156.7001953125,4745.2001953125,13737.599609375,25579.5,11168.75,3159.449951171875,3772.75,9208.4501953125,303.5,25284.306640625,1.2765351635423412
2017-11-15,11103.599609375,4710.25,13676.0,25273.75,11122.900390625,3125.25,3660.949951171875,9025.2001953125,298.04998779296875,25218.607421875,1.2620361409580028
2017-11-16,11156.400390625,4745.2998046875,13877.2001953125,25544.30078125,11317.25,3136.199951171875,3697.85009765625,9082.650390625,302.0,25446.3046875,1.2743178395763155
2017-11-17,11252.099609375,4771.39990234375,13962.2001953125,25749.0,11150.0,3136.64990234375,3767.85009765625,9161.7998046875,313.04998779296875,25728.1015625,1.285645222143128
2017-11-20,11284.9501953125,4785.5,14098.849609375,25855.349609375,11100.099609375,3129.300048828125,3817.25,9143.349609375,319.70001220703125,25768.30078125,1.291671764161873
2017-11-21,11325.900390625,4808.4501953125,14231.150390625,25703.0,11119.4501953125,3156.5,3822.39990234375,9346.5498046875,316.04998779296875,25757.201171875,1.2960733171918102
2017-11-22,11354.5498046875,4826.39990234375,14222.5498046875,25796.650390625,11117.5,3238.75,3797.25,9278.0,316.8999938964844,25766.3515625,1.2992246599392043
2017-11-23,11326.75,4815.0498046875,14340.75,25785.650390625,11117.5,3247.25,3787.39990234375,9293.2001953125,317.1000061035156,25735.951171875,1.299770906996783
2017-11-24,11371.9501953125,4843.25,14412.9501953125,25971.19921875,11306.400390625,3265.39990234375,3765.89990234375,9364.2998046875,317.79998779296875,25779.3515625,1.3063381397176526
2017-11-27,11402.7001953125,4851.5,14454.4501953125,25906.80078125,11314.25,3337.0,3739.75,9368.7001953125,320.54998779296875,25891.6484375,1.3107749469676928
2017-11-28,11406.400390625,4862.0,14319.25,25936.44921875,11270.599609375,3360.800048828125,3735.85009765625,9318.5,319.1499938964844,25846.099609375,1.3088121984661647
2017-11-29,11427.9501953125,4860.2998046875,14343.4501953125,25972.849609375,11232.9501953125,3346.89990234375,3721.89990234375,9351.849609375,322.0,25795.3984375,1.309331752911377
2017-11-30,11292.900390625,4826.64990234375,14124.650390625,25820.05078125,11115.349609375,3318.800048828125,3678.35009765625,9238.75,325.6000061035156,25332.10546875,1.2976370306842753
2017-12-01,11188.2001953125,4781.39990234375,13941.099609375,25666.80078125,10948.5,3252.85009765625,3617.89990234375,9083.849609375,319.1499938964844,25191.65625,1.2806362376258682
2017-12-04,11160.099609375,4781.5498046875,13901.5498046875,25758.0,11081.650390625,3261.89990234375,3630.75,9052.0,317.95001220703125,25074.80859375,1.2812543992975691
2017-12-05,11100.5498046875,4772.5,13942.0498046875,25695.650390625,11025.400390625,3291.699951171875,3601.14990234375,9043.150390625,316.20001220703125,25124.556640625,1.2792907107070226
2017-12-06,11020.75,4754.35009765625,13965.0498046875,25622.150390625,11074.900390625,3278.35009765625,3530.75,8938.2001953125,315.1499938964844,24851.51171875,1.2719844641783355
2017-12-07,11235.650390625,4857.4501953125,14156.7998046875,25848.69921875,11163.5,3323.89990234375,3594.89990234375,8960.400390625,321.04998779296875,25056.958984375,1.288939088303898
2017-12-08,11357.150390625,4909.35009765625,14173.9501953125,26459.55078125,11173.400390625,3312.699951171875,3643.5,9098.4501953125,323.3999938964844,25320.85546875,1.300621573930941
2017-12-11,11424.599609375,4942.64990234375,14135.0,26709.650390625,11324.0,3328.35009765625,3649.75,9186.099609375,322.8500061035156,25404.5546875,1.3072004318584238
2017-12-12,11331.099609375,4898.89990234375,14057.0498046875,26353.75,11272.4501953125,3308.89990234375,3619.300048828125,9119.099609375,317.79998779296875,25125.15625,1.2956254632811286
2017-12-13,11264.650390625,4871.0498046875,14085.25,26159.69921875,11251.7001953125,3310.5,3563.300048828125,9002.7998046875,311.0,25000.05859375,1.2861847904145811
2017-12-14,11296.2001953125,4894.10009765625,14196.5,26383.30078125,11275.400390625,3301.75,3570.949951171875,9070.849609375,312.0,25167.90625,1.2917252826200143
2017-12-15,11448.400390625,4927.5498046875,14203.75,26430.80078125,11288.2998046875,3330.64990234375,3665.89990234375,9100.2998046875,317.25,25440.005859375,1.3033496233275157
2017-12-18,11589.0498046875,4975.64990234375,14221.5498046875,26453.55078125,11315.2001953125,3349.39990234375,3726.89990234375,9230.4501953125,315.6499938964844,25594.25390625,1.3117086445920756
2017-12-19,11991.900390625,5074.7001953125,14312.75,26694.0,11240.650390625,3380.050048828125,3781.300048828125,9299.650390625,320.75,25715.900390625,1.3268899277452757
2017-12-20,11954.099609375,5067.7001953125,14263.2001953125,26729.75,11304.2001953125,3404.550048828125,3806.39990234375,9285.4501953125,330.20001220703125,25591.40234375,1.3316640240547104
2017-12-21,11876.849609375,5049.35009765625,14251.400390625,26667.900390625,11374.2998046875,3422.10009765625,3839.85009765625,9321.599609375,332.70001220703125,25554.00390625,1.3339175329421697
2017-12-22,11931.2001953125,5065.5,14359.150390625,26710.30078125,11501.900390625,3445.800048828125,3839.300048828125,9326.599609375,333.25,25648.251953125,1.3393603847791635
2017-12-26,11959.150390625,5082.2001953125,14442.75,26725.0,11507.400390625,3465.14990234375,3885.800048828125,9416.0,337.04998779296875,25674.951171875,1.3463580608625476
2017-12-27,11905.5,5068.89990234375,14332.25,26637.0,11509.25,3480.550048828125,3879.39990234375,9639.849609375,334.8999938964844,25495.75390625,1.345728787465323
2017-12-28,11857.650390625,5061.2001953125,14288.5,26613.94921875,11496.400390625,3470.550048828125,3959.949951171875,9584.2001953125,345.1000061035156,25489.703125,1.3500034448858271
2017-12-29,12009.7001953125,5104.39990234375,14249.2998046875,26851.5,11665.75,3464.300048828125,3940.14990234375,9620.099609375,346.8999938964844,25539.15234375,1.3562636723647512
2018-01-01,11890.5,5069.75,14138.9501953125,26686.349609375,11665.75,3461.39990234375,3919.199951171875,9618.150390625,347.70001220703125,25539.15234375,1.3515630098796627
2018-01-02,11927.150390625,5044.35009765625,14162.400390625,26533.5,11602.349609375,3456.800048828125,3942.85009765625,9565.7998046875,343.8500061035156,25337.955078125,1.3473569826318548
2018-01-03,11866.7998046875,5053.5,14157.7998046875,26648.400390625,11586.7001953125,3466.85009765625,4000.199951171875,9519.5498046875,345.45001220703125,25318.3046875,1.3495000938737622
2018-01-04,11843.25,5080.35009765625,14247.25,26689.599609375,11590.7998046875,3479.0,4112.0,9633.599609375,344.79998779296875,25462.302734375,1.3574332952298998
2018-01-05,11929.599609375,5138.75,14249.900390625,26914.30078125,11633.5498046875,3529.550048828125,4130.39990234375,9701.0498046875,347.29998779296875,25601.552734375,1.3669089106857366
2018-01-08,11974.5,5140.7998046875,14326.0,27120.849609375,11776.849609375,3572.39990234375,4166.35009765625,9838.25,350.54998779296875,25675.80078125,1.3773985883402293
2018-01-09,11942.25,5124.39990234375,14411.099609375,27249.19921875,11790.849609375,3528.60009765625,4166.60009765625,9770.2001953125,360.3999938964844,25703.501953125,1.3796076971052917
2018-01-10,11856.9501953125,5102.35009765625,14395.7001953125,27210.599609375,12054.7001953125,3515.050048828125,4169.60009765625,9748.599609375,364.95001220703125,25617.00390625,1.3813150480772098
2018-01-11,11871.75,5115.7998046875,14340.9501953125,27307.69921875,12103.099609375,3531.60009765625,4163.7001953125,9772.849609375,372.25,25660.6015625,1.386170356111359
2018-01-12,11908.400390625,5109.89990234375,14438.9501953125,27196.650390625,12099.2001953125,3592.10009765625,4189.5,9741.849609375,366.79998779296875,25748.751953125,1.3880179284402074
2018-01-15,11794.099609375,5098.14990234375,14410.400390625,27171.400390625,11992.7998046875,3642.699951171875,4195.75,9659.75,366.8999938964844,26068.896484375,1.3874987106383758
2018-01-16,11646.25,5049.7001953125,14105.2001953125,26874.55078125,12430.9501953125,3617.89990234375,4076.39990234375,9623.4501953125,354.5,25974.59765625,1.3744514377626997
2018-01-17,11692.599609375,5052.60009765625,14140.849609375,27044.75,12531.400390625,3565.199951171875,4117.64990234375,9744.2998046875,357.54998779296875,26288.794921875,1.3813657216144084
2018-01-18,11662.099609375,5056.7001953125,13993.75,27347.849609375,12570.7001953125,3517.5,3998.85009765625,9626.4501953125,343.54998779296875,26537.091796875,1.370053537185515
2018-01-19,11677.5498046875,5076.2001953125,14128.099609375,27517.099609375,12633.849609375,3540.550048828125,4033.39990234375,9637.7998046875,347.29998779296875,26909.1875,1.3792744315323044
2018-01-22,11690.849609375,5086.39990234375,14409.900390625,27607.75,12894.9501953125,3558.550048828125,4006.14990234375,9654.7998046875,353.95001220703125,27040.884765625,1.3890933641168497
2018-01-23,11725.7998046875,5108.64990234375,14596.75,27761.44921875,13048.900390625,3549.60009765625,4169.0,9767.2998046875,356.29998779296875,27390.28125,1.4039822613708415
2018-01-24,11654.650390625,5063.39990234375,14504.75,27889.05078125,13249.5498046875,3537.800048828125,4097.35009765625,9826.400390625,356.0,27398.232421875,1.4016984791625273
2018-01-25,11507.75,5020.89990234375,14465.650390625,27716.5,13117.849609375,3507.449951171875,4135.14990234375,9729.150390625,349.75,27445.33203125,1.3926003394369613
2018-01-29,11678.400390625,5048.5498046875,14381.0498046875,27557.349609375,13242.5,3530.800048828125,4140.85009765625,9622.349609375,348.54998779296875,27498.12890625,1.3945219936119695
2018-01-30,11627.900390625,5032.2001953125,14368.5498046875,27512.099609375,13107.9501953125,3499.050048828125,4116.25,9563.5498046875,344.79998779296875,27268.734375,1.3861019661130065
2018-01-31,11611.900390625,4986.25,14453.9501953125,27127.30078125,12986.400390625,3488.89990234375,4065.85009765625,9384.75,344.70001220703125,27379.130859375,1.3780756595870662
2018-02-01,11693.599609375,5017.0498046875,14263.900390625,27351.900390625,12964.599609375,3469.300048828125,4071.39990234375,9158.7001953125,341.8999938964844,27220.3828125,1.3731702519133573
2018-02-02,11301.9501953125,4893.39990234375,13775.2998046875,27180.099609375,12983.599609375,3346.85009765625,3948.300048828125,9042.75,320.79998779296875,26450.84375,1.3367285315896804
2018-02-05,11386.400390625,4888.7998046875,13766.400390625,27191.69921875,12936.900390625,3345.85009765625,3926.550048828125,9069.5,319.3500061035156,26098.447265625,1.3343256491193392
2018-02-06,11181.7001953125,4811.25,13583.7001953125,26672.599609375,12562.349609375,3291.60009765625,3862.0,8871.25,313.3500061035156,25811.0,1.3103786528610868
2018-02-07,11214.75,4803.0498046875,13707.25,26733.55078125,12450.0498046875,3344.550048828125,3879.75,8935.7998046875,318.6499938964844,25669.701171875,1.3160251883419538
2018-02-08,11344.2001953125,4844.10009765625,13727.150390625,26786.599609375,12588.349609375,3411.64990234375,3936.449951171875,9262.4501953125,326.8500061035156,25920.349609375,1.3346290607312012
2018-02-09,11234.75,4818.89990234375,13639.599609375,26664.30078125,12492.7001953125,3379.10009765625,3986.39990234375,9222.5498046875,328.0,25463.353515625,1.3281342170902029
2018-02-12,11364.75,4864.39990234375,13829.2001953125,26782.19921875,12422.650390625,3417.050048828125,4028.949951171875,9339.9501953125,333.54998779296875,25701.30078125,1.340702084057162
2018-02-14,11335.650390625,4857.14990234375,13879.0,26645.099609375,12420.0,3402.85009765625,4024.75,9249.2001953125,334.70001220703125,25340.955078125,1.3365097945222681
2018-02-15,11306.7998046875,4850.5,13968.099609375,26733.5,12456.5,3363.75,4052.550048828125,9207.5,331.29998779296875,25424.0546875,1.335546335259296
2018-02-16,11114.5498046875,4807.2998046875,13801.0498046875,26599.05078125,12437.9501953125,3313.550048828125,3991.60009765625,9180.900390625,327.20001220703125,25163.607421875,1.322209659426666
2018-02-19,10976.650390625,4762.4501953125,13777.75,26411.400390625,12331.400390625,3280.300048828125,3923.39990234375,9027.900390625,322.54998779296875,25058.259765625,1.308824967118803
2018-02-20,10962.900390625,4772.7998046875,13748.2001953125,26356.400390625,12372.0,3302.75,3966.5,9020.75,320.8500061035156,24874.111328125,1.3094013319716213
2018-02-21,10942.2001953125,4779.25,13818.5,26572.0,12660.0498046875,3312.85009765625,3912.10009765625,8843.400390625,318.6499938964844,24936.41015625,1.3095807186956334
2018-02-22,10847.9501953125,4752.2998046875,13667.25,26460.75,12730.25,3285.35009765625,3904.300048828125,8861.75,319.6499938964844,24954.908203125,1.3058903892722131
2018-02-23,10927.0,4783.60009765625,13816.7001953125,26669.900390625,12871.150390625,3317.25,4028.800048828125,9095.400390625,322.54998779296875,25302.205078125,1.3234851561820085
2018-02-26,11171.650390625,4826.75,13909.7001953125,26645.849609375,12713.150390625,3381.89990234375,4071.949951171875,9065.099609375,332.6499938964844,25687.6015625,1.3365051058978825
2018-02-27,11165.25,4841.9501953125,13992.25,26728.19921875,12746.7998046875,3345.699951171875,4037.25,9023.4501953125,327.1499938964844,25383.3046875,1.3314328168579272
2018-02-28,11157.2001953125,4805.60009765625,13991.4501953125,26513.69921875,12809.0,3311.60009765625,3994.35009765625,8960.25,326.8999938964844,25107.109375,1.324656045678576
2018-03-01,11146.7001953125,4801.0498046875,13961.0,26492.349609375,12769.4501953125,3263.5,3960.89990234375,8917.75,324.75,24902.26171875,1.3179883438348505
2018-03-05,10971.599609375,4753.5,13686.349609375,26164.75,12857.650390625,3232.300048828125,3830.800048828125,8855.7998046875,321.54998779296875,24818.41015625,1.303053122843304
2018-03-06,10821.349609375,4703.60009765625,13581.9501953125,25891.80078125,12706.099609375,3245.75,3816.89990234375,8749.5498046875,314.25,24448.166015625,1.2896154478132542
2018-03-07,10788.5498046875,4694.35009765625,13358.2001953125,26061.099609375,12677.150390625,3236.25,3772.949951171875,8615.0,311.3999938964844,24133.818359375,1.2807225591004123
2018-03-08,10894.75,4708.7001953125,13549.4501953125,25953.19921875,12682.400390625,3244.550048828125,3756.0,8586.349609375,315.8500061035156,24477.365234375,1.2867116750653895
2018-03-09,10888.349609375,4714.10009765625,13537.150390625,26020.05078125,12747.25,3259.5,3688.14990234375,8515.7001953125,315.70001220703125,24296.166015625,1.2838523808336828
2018-03-12,11045.7998046875,4793.85009765625,13835.4501953125,26703.0,12923.400390625,3287.800048828125,3766.89990234375,8600.7001953125,317.3999938964844,24663.912109375,1.3036257578583894
2018-03-13,11064.2998046875,4800.4501953125,13934.2001953125,26644.80078125,12734.2001953125,3307.050048828125,3786.89990234375,8712.099609375,321.95001220703125,24738.36328125,1.3081676062886902
2018-03-14,11060.599609375,4787.14990234375,13843.25,26532.150390625,12786.9501953125,3356.5,3765.35009765625,8701.5498046875,320.29998779296875,24851.361328125,1.3078767108347833
2018-03-15,11051.75,4783.4501953125,13667.150390625,26381.30078125,12762.2998046875,3326.64990234375,3753.60009765625,8670.5498046875,319.95001220703125,24791.560546875,1.3025166938048438
2018-03-16,10861.400390625,4731.75,13419.25,26052.150390625,12698.400390625,3308.199951171875,3664.5,8546.7998046875,314.79998779296875,24489.265625,1.2848677005637341
2018-03-19,10787.0,4693.2001953125,13324.0,25935.80078125,12421.2998046875,3269.199951171875,3566.800048828125,8512.900390625,305.54998779296875,24244.818359375,1.2681432554620136
2018-03-20,10848.599609375,4714.25,13244.650390625,26044.0,12609.099609375,3281.35009765625,3555.449951171875,8578.7001953125,304.29998779296875,24167.91796875,1.271254304727491
2018-03-21,10833.599609375,4730.35009765625,13325.2998046875,26093.0,12608.849609375,3258.35009765625,3539.10009765625,8525.4501953125,306.70001220703125,24255.318359375,1.2717210686633664
2018-03-22,10737.150390625,4701.35009765625,13372.9501953125,26036.150390625,12489.599609375,3216.35009765625,3550.39990234375,8474.0,303.0,24141.21875,1.2646510740630617
2018-03-23,10637.7001953125,4686.10009765625,13239.2001953125,25910.05078125,12541.099609375,3225.39990234375,3447.550048828125,8327.400390625,292.95001220703125,23670.125,1.2495556319034116
2018-03-26,10801.0,4757.39990234375,13280.2001953125,26168.94921875,12462.400390625,3333.25,3521.35009765625,8390.5,296.3999938964844,24244.068359375,1.2665278288612665
2018-03-27,10843.75,4771.75,13354.400390625,26300.150390625,12518.2001953125,3345.5,3585.699951171875,8452.5,297.25,24433.8671875,1.2743914128472291
2018-03-28,10821.349609375,4739.75,13214.150390625,26127.400390625,12511.5498046875,3286.5,3512.550048828125,8358.0498046875,294.04998779296875,24263.068359375,1.2624962881476813
2018-04-02,11058.4501953125,4812.9501953125,13291.25,26501.44921875,12707.099609375,3332.800048828125,3539.550048828125,8620.849609375,296.3999938964844,24328.216796875,1.279796172150499
2018-04-03,11153.4501953125,4833.39990234375,13394.75,26506.44921875,12615.4501953125,3364.300048828125,3559.85009765625,8664.7001953125,297.8999938964844,24510.314453125,1.2857372364582584
2018-04-04,11198.0498046875,4796.2001953125,13254.099609375,26448.05078125,12490.849609375,3306.949951171875,3468.35009765625,8569.5,294.0,24129.21875,1.2717670327895974
2018-04-05,11406.150390625,4860.60009765625,13431.900390625,26676.44921875,12682.5498046875,3358.60009765625,3609.25,8655.650390625,301.70001220703125,24759.513671875,1.2956784317641665
2018-04-06,11444.150390625,4868.4501953125,13490.599609375,26805.900390625,12603.349609375,3365.14990234375,3604.050048828125,8772.400390625,303.3999938964844,24872.861328125,1.2998420799674348
2018-04-09,11472.349609375,4904.75,13611.400390625,27107.69921875,12531.2001953125,3328.39990234375,3609.550048828125,8738.150390625,303.29998779296875,25093.509765625,1.3023964174718494
2018-04-10,11386.650390625,4893.64990234375,13636.75,27103.44921875,12576.5498046875,3330.5,3683.35009765625,8719.599609375,306.6000061035156,25226.5078125,1.3063981065553878
2018-04-11,11453.599609375,4911.7998046875,13581.650390625,27159.400390625,12759.099609375,3340.199951171875,3742.0,8761.7998046875,305.3999938964844,25097.958984375,1.3112047153989226
2018-04-12,11459.5498046875,4900.64990234375,13574.7998046875,27041.44921875,13168.2001953125,3338.949951171875,3690.449951171875,8685.0498046875,299.54998779296875,25194.806640625,1.3095341410565913
2018-04-13,11465.2998046875,4899.4501953125,13633.7998046875,26982.900390625,13260.4501953125,3349.800048828125,3725.449951171875,8730.599609375,300.8999938964844,25200.306640625,1.3137438747873307
2018-04-16,11504.9501953125,4941.2998046875,13638.349609375,27267.19921875,13203.099609375,3361.85009765625,3731.5,8867.2001953125,305.79998779296875,25320.5546875,1.3216878984053142
2018-04-17,11472.349609375,4965.9501953125,13750.5498046875,27536.69921875,13162.2998046875,3343.39990234375,3735.550048828125,8827.75,309.45001220703125,25334.154296875,1.3244365717392517
2018-04-18,11411.7998046875,4985.25,13696.099609375,28016.849609375,13124.0,3391.0,3750.5,8790.0,311.20001220703125,25102.009765625,1.3270364840461244
2018-04-19,11431.650390625,4997.60009765625,13643.650390625,28173.19921875,13273.4501953125,3410.10009765625,3920.14990234375,8829.75,313.20001220703125,25125.857421875,1.3376688183527063
2018-04-20,11440.099609375,4989.64990234375,13476.4501953125,28110.94921875,13910.349609375,3377.5,3891.449951171875,8819.7998046875,310.20001220703125,24943.560546875,1.3373778926299027
2018-04-23,11497.2001953125,5005.64990234375,13558.650390625,28022.05078125,14013.9501953125,3401.449951171875,3861.550048828125,8949.900390625,315.20001220703125,24960.359375,1.3440023781601287
2018-04-24,11522.599609375,5019.75,13841.7998046875,28078.69921875,13734.7998046875,3344.300048828125,3787.60009765625,8984.150390625,316.45001220703125,25041.80859375,1.341733057468376
2018-04-25,11503.5,5021.39990234375,13784.849609375,28013.099609375,13892.400390625,3323.35009765625,3736.199951171875,8901.150390625,318.3500061035156,24814.111328125,1.3379135337727586
2018-04-26,11534.7998046875,5034.14990234375,13824.849609375,28342.349609375,14026.650390625,3322.64990234375,3737.5,8896.599609375,316.1499938964844,25010.609375,1.3419557577342924
2018-04-27,11581.7998046875,5045.7001953125,14030.4501953125,28433.5,13794.900390625,3356.0,3763.85009765625,8987.400390625,317.25,25394.3046875,1.3492089033036356
2018-04-30,11625.75,5093.75,13770.150390625,28772.75,13986.25,3362.60009765625,3774.85009765625,9060.7001953125,322.25,25531.302734375,1.3565982361371554
2018-05-02,11508.2001953125,5059.7001953125,13771.7001953125,28818.19921875,13754.2998046875,3354.550048828125,3645.25,8961.0498046875,315.79998779296875,25568.00390625,1.343304867884843
2018-05-03,11451.650390625,5011.35009765625,13709.5,28486.30078125,13473.9501953125,3337.5,3673.050048828125,8966.2998046875,310.54998779296875,25604.953125,1.3348506838443783
2018-05-04,11323.7001953125,4971.9501953125,13643.25,28177.94921875,13453.2998046875,3316.699951171875,3633.60009765625,8817.4501953125,310.1000061035156,25645.1015625,1.3255495244708138
2018-05-07,11489.599609375,5035.60009765625,13863.099609375,28586.5,13424.900390625,3373.550048828125,3695.949951171875,8774.400390625,313.54998779296875,25851.75,1.3394088677455884
2018-05-08,11437.2001953125,5020.60009765625,13880.599609375,28555.150390625,13379.650390625,3355.449951171875,3689.10009765625,8753.25,317.25,26090.197265625,1.339496013163619
2018-05-09,11419.75,5003.10009765625,13921.150390625,28435.900390625,13453.400390625,3338.5,3691.64990234375,8704.099609375,316.95001220703125,26154.14453125,1.3382604639914677
2018-05-10,11346.400390625,4974.10009765625,13960.0498046875,28231.349609375,13427.2998046875,3286.699951171875,3655.699951171875,8544.9501953125,310.70001220703125,26130.6953125,1.3271913101376291
2018-05-11,11373.2001953125,4989.5498046875,14048.349609375,28476.0,13478.599609375,3303.60009765625,3712.800048828125,8445.7001953125,309.1499938964844,26412.84375,1.3323985243197365
2018-05-14,11273.75,4973.75,14071.349609375,28437.099609375,13446.150390625,3289.14990234375,3702.050048828125,8462.0498046875,307.0,26474.841796875,1.3292023599505591
2018-05-15,11186.7998046875,4977.7998046875,14025.0,28352.650390625,13504.9501953125,3264.699951171875,3711.550048828125,8401.150390625,300.8500061035156,26473.69140625,1.3237620498849139
2018-05-16,11164.7001953125,5010.4501953125,13786.0498046875,28866.0,13525.599609375,3283.0,3696.14990234375,8399.099609375,307.04998779296875,26181.845703125,1.3261418363388384
2018-05-17,11154.7998046875,4978.39990234375,13682.7001953125,28496.0,13504.75,3261.199951171875,3679.35009765625,8403.0,307.3500061035156,26073.498046875,1.3204365405442315
2018-05-18,10962.75,4968.85009765625,13523.5498046875,28852.69921875,13459.150390625,3217.050048828125,3590.64990234375,8211.849609375,302.75,25875.298828125,1.3066264662256817
2018-05-21,10732.900390625,4912.2001953125,13514.0498046875,28673.69921875,13483.849609375,3154.050048828125,3530.35009765625,7983.2001953125,292.79998779296875,25750.501953125,1.2884189244669602
2018-05-22,10913.4501953125,4937.7998046875,13456.25,28593.349609375,13484.5498046875,3209.25,3592.89990234375,8118.89990234375,296.3999938964844,25777.400390625,1.298798826470919
2018-05-23,10860.599609375,4916.9501953125,13172.25,28415.400390625,13464.349609375,3168.85009765625,3458.35009765625,8069.7001953125,293.8500061035156,25684.650390625,1.2850067970101966
2018-05-24,10681.599609375,4929.9501953125,13113.9501953125,28500.25,13775.7001953125,3180.35009765625,3491.64990234375,8207.0,291.79998779296875,26016.498046875,1.2906688290465766
2018-05-25,10883.0,4990.9501953125,13315.7998046875,28595.80078125,13762.349609375,3228.10009765625,3567.39990234375,8297.25,295.5,26273.24609375,1.306061051797393
2018-05-28,11007.150390625,5031.4501953125,13446.099609375,28791.849609375,13497.7001953125,3266.800048828125,3604.699951171875,8498.2001953125,300.04998779296875,26613.94140625,1.3180718261514714
2018-05-29,11051.150390625,5036.10009765625,13446.5498046875,28706.099609375,13561.0498046875,3210.39990234375,3606.949951171875,8410.4501953125,297.1000061035156,26254.49609375,1.3123206077439329
2018-05-30,11024.150390625,5033.7998046875,13401.5,28658.05078125,13557.7001953125,3208.0,3610.14990234375,8321.099609375,297.04998779296875,26327.494140625,1.3102152330461454
2018-05-31,10994.4501953125,5042.2998046875,13523.400390625,28814.30078125,13666.0,3179.64990234375,3593.64990234375,8220.25,294.95001220703125,26955.88671875,1.3118925910490593
2018-06-01,11076.5498046875,5045.35009765625,13498.25,28611.400390625,13558.5498046875,3165.25,3568.39990234375,8213.2001953125,291.25,26692.490234375,1.306196313437166
2018-06-04,11023.25,5012.0498046875,13511.400390625,28394.80078125,13595.099609375,3163.64990234375,3574.14990234375,8205.7998046875,281.54998779296875,26257.24609375,1.2977428163823763
2018-06-05,10986.9501953125,4973.64990234375,13545.349609375,28346.44921875,13408.900390625,3098.550048828125,3553.550048828125,8117.75,278.6000061035156,26250.6953125,1.2884458994136767
2018-06-06,11155.849609375,5026.2001953125,13614.0,28602.0,13528.7998046875,3133.0,3619.60009765625,8233.650390625,282.79998779296875,26367.29296875,1.302936182408456
2018-06-07,11236.0,5073.2001953125,13793.099609375,28864.19921875,13683.75,3155.550048828125,3673.35009765625,8252.150390625,291.20001220703125,26517.4921875,1.3172691747436196
2018-06-08,11226.099609375,5067.89990234375,13862.900390625,28713.5,13769.7998046875,3194.35009765625,3658.550048828125,8603.9501953125,292.25,26451.04296875,1.3246722390160828
2018-06-11,11239.7001953125,5093.64990234375,13846.2998046875,28806.30078125,13775.099609375,3227.199951171875,3644.800048828125,8647.150390625,290.45001220703125,26453.244140625,1.3265509437269372
2018-06-12,11243.400390625,5117.60009765625,13946.849609375,29060.650390625,13859.849609375,3235.25,3628.949951171875,8870.4501953125,291.6499938964844,26606.791015625,1.3346668186414017
2018-06-13,11236.2001953125,5103.85009765625,13994.7998046875,28915.650390625,14034.150390625,3210.89990234375,3612.85009765625,8948.9501953125,291.5,26642.490234375,1.3353890466132923
2018-06-14,11243.0,5097.14990234375,13976.2998046875,28885.05078125,13825.400390625,3188.550048828125,3597.10009765625,9112.4501953125,291.5,26561.94140625,1.333514791729808
2018-06-15,11173.0498046875,5083.0,13939.099609375,28774.55078125,14121.5,3178.699951171875,3541.949951171875,9316.25,287.79998779296875,26417.09375,1.3324119644969508
2018-06-18,11203.4501953125,5073.9501953125,14030.5,28711.80078125,14024.2001953125,3170.75,3480.449951171875,9319.2998046875,286.70001220703125,26408.994140625,1.3290490992605104
2018-06-19,11080.349609375,5030.2998046875,13820.7998046875,28651.599609375,13849.4501953125,3133.10009765625,3425.699951171875,9253.9501953125,280.95001220703125,26265.4453125,1.3145355505106122
2018-06-20,11137.349609375,5034.39990234375,13972.5,28519.599609375,13810.900390625,3146.550048828125,3459.64990234375,9291.349609375,284.04998779296875,26557.390625,1.3211001773365416
2018-06-21,11033.2001953125,4994.7001953125,14064.400390625,28330.5,13771.7001953125,3145.25,3422.449951171875,9198.7998046875,281.79998779296875,26496.640625,1.3143012848953837
2018-06-22,11088.5,5041.5498046875,13948.400390625,28630.75,13777.099609375,3147.64990234375,3431.550048828125,9360.900390625,282.25,26766.5390625,1.320867712205237
2018-06-25,10910.4501953125,5011.14990234375,13777.099609375,28495.650390625,13865.2001953125,3104.699951171875,3397.449951171875,9286.7998046875,278.04998779296875,26609.390625,1.3096480147979324
2018-06-26,10852.099609375,5045.25,13581.0498046875,28792.150390625,13943.5,3109.64990234375,3384.39990234375,9247.75,276.04998779296875,26601.390625,1.308251097341618
2018-06-27,10716.2001953125,5004.39990234375,13247.150390625,28625.150390625,14018.400390625,3043.60009765625,3341.800048828125,9263.4501953125,271.1000061035156,26423.09375,1.2948549394769233
2018-06-28,10632.599609375,4969.0498046875,12999.150390625,28411.849609375,13873.7998046875,2995.25,3346.5,9149.400390625,265.1000061035156,26324.29296875,1.281386484345319
2018-06-29,10709.0498046875,5031.4501953125,13333.349609375,28966.0,13989.5,3025.699951171875,3440.14990234375,9173.150390625,271.54998779296875,26363.892578125,1.2993107682367753
2018-07-02,10665.7998046875,5006.60009765625,13151.9501953125,28777.5,14072.2998046875,2991.949951171875,3378.60009765625,9133.900390625,267.8500061035156,26229.99609375,1.2895398873121824
2018-07-03,10779.150390625,5039.89990234375,13278.400390625,28973.599609375,14222.5498046875,3017.75,3366.14990234375,9325.2998046875,268.25,26203.794921875,1.2986662177694577
2018-07-04,10914.349609375,5078.5,13372.7001953125,29108.150390625,14126.150390625,3010.89990234375,3370.449951171875,9399.599609375,269.5,26433.642578125,1.304584981948259
2018-07-05,10925.75,5092.4501953125,13171.0498046875,29399.150390625,13970.5,3010.949951171875,3322.449951171875,9274.25,264.6499938964844,26502.9921875,1.297378138726395
2018-07-06,11067.849609375,5107.85009765625,13283.7998046875,29344.650390625,14015.9501953125,2997.39990234375,3322.050048828125,9189.900390625,267.29998779296875,26493.541015625,1.3002234039975469
2018-07-09,11135.650390625,5142.4501953125,13498.400390625,29587.55078125,14108.849609375,3006.25,3366.35009765625,9307.599609375,269.3500061035156,26752.990234375,1.3119927645541816
2018-07-10,11239.2001953125,5169.39990234375,13749.9501953125,29715.400390625,14222.75,3009.25,3422.35009765625,9276.099609375,274.20001220703125,26894.23828125,1.3228959499501223
2018-07-11,11127.400390625,5155.85009765625,13795.650390625,29802.599609375,14536.4501953125,3000.0,3317.14990234375,9228.7001953125,274.45001220703125,26815.88671875,1.319565090691144
2018-07-12,11038.0,5141.5498046875,14165.900390625,29932.650390625,14515.650390625,2968.5,3300.35009765625,9244.099609375,271.45001220703125,27026.236328125,1.3198264374510638
2018-07-13,11003.0498046875,5129.60009765625,14288.7001953125,29629.55078125,14534.900390625,2862.949951171875,3286.60009765625,9164.0,266.8500061035156,26935.63671875,1.3100190836999783
2018-07-16,10835.150390625,5090.14990234375,14085.0,29571.349609375,14617.0498046875,2792.85009765625,3168.10009765625,8786.400390625,258.0,26679.490234375,1.2867088461045697
2018-07-17,10965.650390625,5098.14990234375,14318.900390625,29273.05078125,14618.25,2832.85009765625,3222.64990234375,8926.099609375,260.6499938964844,27007.78515625,1.298319269224295
2018-07-18,10808.599609375,5063.89990234375,14363.400390625,28993.150390625,14631.7001953125,2832.300048828125,3121.10009765625,8885.650390625,254.39999389648438,26880.587890625,1.2864397518212194
2018-07-19,10799.0,5084.75,14431.2998046875,29212.5,14489.849609375,2826.64990234375,3104.60009765625,8749.900390625,253.89999389648438,26789.33984375,1.2835978023599297
2018-07-20,10752.7001953125,5052.7001953125,14542.2998046875,29281.0,14701.400390625,2813.75,3092.199951171875,8895.25,257.1000061035156,26872.88671875,1.2884525963908067
2018-07-23,10770.599609375,5114.89990234375,14508.349609375,30000.900390625,14683.2001953125,2835.85009765625,3139.35009765625,8937.400390625,261.5,27007.8359375,1.2993999114235288
2018-07-24,10861.2998046875,5137.0498046875,14488.0,30026.150390625,14663.900390625,2885.449951171875,3233.300048828125,9049.0498046875,268.04998779296875,26974.0859375,1.311690093754939
2018-07-25,10809.9501953125,5112.85009765625,14457.0,29965.25,14575.349609375,2851.25,3262.050048828125,8969.25,264.29998779296875,27030.986328125,1.3060098209325004
2018-07-26,10770.0,5098.25,14474.099609375,30036.25,14468.099609375,2827.199951171875,3235.35009765625,8994.650390625,266.3999938964844,27406.08203125,1.3057063937280968
2018-07-27,10874.7998046875,5148.60009765625,14693.7998046875,30749.349609375,14517.900390625,2827.800048828125,3297.699951171875,9039.0,267.8500061035156,27634.080078125,1.3187824601350604
2018-07-30,10925.0498046875,5194.0,14911.5,30836.599609375,14420.5498046875,2839.949951171875,3320.300048828125,9115.5498046875,268.3500061035156,27842.275390625,1.3258255254872342
2018-07-31,10973.75,5248.25,15150.2001953125,31007.25,14587.7998046875,2832.550048828125,3335.10009765625,9179.400390625,272.8500061035156,27763.828125,1.335219027759284
2018-08-01,10890.099609375,5235.2998046875,15245.2998046875,31175.099609375,14679.349609375,2849.550048828125,3320.0,9301.7001953125,273.3500061035156,27596.279296875,1.3376852942993098
2018-08-02,10733.650390625,5194.5498046875,15103.0,31075.25,14552.599609375,2830.949951171875,3327.75,9424.650390625,268.79998779296875,27355.630859375,1.329704387535874
2018-08-03,10775.2998046875,5231.4501953125,15205.9501953125,31424.94921875,14649.099609375,2867.85009765625,3380.85009765625,9500.75,270.3999938964844,27695.177734375,1.3418200498049364
2018-08-06,10822.7998046875,5236.5498046875,15319.25,31222.0,14605.5498046875,2879.300048828125,3405.699951171875,9408.599609375,268.79998779296875,27898.17578125,1.342686721772425
2018-08-07,10855.650390625,5248.89990234375,15219.7001953125,31140.349609375,14613.75,2916.300048828125,3445.25,9371.0498046875,267.1499938964844,27875.576171875,1.3440784817880116
2018-08-08,10821.2001953125,5256.64990234375,15483.7998046875,31302.5,14608.2001953125,2927.550048828125,3453.60009765625,9307.25,267.0,28062.123046875,1.3475847241268812
2018-08-09,10813.7998046875,5247.5,15491.400390625,31378.55078125,14603.349609375,2922.64990234375,3501.75,9249.9501953125,272.54998779296875,28319.669921875,1.3524683362006376
2018-08-10,10839.4501953125,5248.4501953125,15375.599609375,31474.900390625,14679.2998046875,2903.199951171875,3434.75,9138.25,272.29998779296875,28123.923828125,1.346741459156539
2018-08-13,10756.7001953125,5239.5,15141.2998046875,31479.75,14880.25,2817.10009765625,3405.800048828125,9186.599609375,269.70001220703125,27794.078125,1.3380138397769867
2018-08-14,10803.150390625,5265.0,15309.849609375,31725.25,15009.25,2856.800048828125,3414.60009765625,9481.150390625,275.04998779296875,28021.373046875,1.3532054888495157
2018-08-16,10830.9501953125,5270.25,15238.599609375,31731.25,15044.349609375,2817.25,3337.050048828125,9595.349609375,273.6499938964844,27826.2265625,1.348452958280886
2018-08-17,10878.7001953125,5326.9501953125,15250.0498046875,32340.05078125,15126.400390625,2845.300048828125,3394.10009765625,9693.849609375,276.04998779296875,28128.224609375,1.361600356227229
2018-08-20,10997.900390625,5353.64990234375,15520.25,32379.400390625,14996.099609375,2862.699951171875,3478.89990234375,9799.150390625,277.8500061035156,28273.921875,1.3724867336443813
2018-08-21,10979.25,5344.35009765625,15622.400390625,32306.400390625,15134.650390625,2897.60009765625,3466.949951171875,9950.5,272.8500061035156,28257.572265625,1.3746499646434154
2018-08-23,10959.599609375,5376.25,15798.5,32600.25,15321.9501953125,2866.699951171875,3416.800048828125,10076.7998046875,273.95001220703125,28027.57421875,1.3774512914003842
2018-08-24,10903.0,5345.9501953125,15875.0,32385.55078125,15260.0498046875,2871.14990234375,3481.199951171875,10061.099609375,273.45001220703125,27834.375,1.3765614723780761
2018-08-27,10993.5498046875,5388.85009765625,16082.7001953125,32604.099609375,15514.9501953125,2871.75,3532.85009765625,10094.2001953125,273.6499938964844,28263.87109375,1.388587522355821
2018-08-28,11044.150390625,5390.60009765625,16241.650390625,32494.349609375,15583.0498046875,2865.25,3597.199951171875,10050.099609375,271.20001220703125,28269.322265625,1.3911781020492684
2018-08-29,11057.150390625,5373.9501953125,16059.9501953125,32429.599609375,15524.9501953125,2852.75,3634.300048828125,10008.900390625,274.3999938964844,28223.771484375,1.3902348402218199
2018-08-30,11007.599609375,5386.5498046875,15960.599609375,32844.0,15529.849609375,2857.35009765625,3665.300048828125,10120.5498046875,276.04998779296875,28102.923828125,1.3940996577234626
2018-08-31,11009.25,5379.2998046875,15763.0,32911.55078125,15811.400390625,2840.10009765625,3643.449951171875,10390.9501953125,275.8500061035156,28061.423828125,1.3967663321499242
2018-09-03,10935.650390625,5309.2998046875,15598.599609375,32109.55078125,15724.7001953125,2853.050048828125,3656.699951171875,10359.900390625,273.1000061035156,27819.17578125,1.3865178204598656
2018-09-04,10754.099609375,5189.4501953125,15587.9501953125,31442.650390625,16048.7001953125,2768.75,3585.60009765625,10205.5498046875,268.04998779296875,27430.431640625,1.3676087231786294
2018-09-05,10788.400390625,5141.4501953125,15486.5498046875,31168.849609375,16039.900390625,2739.64990234375,3623.199951171875,10303.400390625,265.04998779296875,27375.732421875,1.3641290879359322
2018-09-06,10798.5498046875,5129.7998046875,15803.4501953125,31157.25,16081.650390625,2695.800048828125,3632.199951171875,10583.150390625,266.45001220703125,27468.380859375,1.3700854885774385
2018-09-07,11036.650390625,5215.64990234375,15937.400390625,31354.30078125,16104.7998046875,2715.699951171875,3699.75,10661.25,268.1499938964844,27481.12890625,1.3831325360440718
2018-09-10,10843.900390625,5123.2001953125,15675.7998046875,30811.599609375,16105.2998046875,2712.550048828125,3636.85009765625,10446.5,264.1000061035156,27201.43359375,1.3648105841016362
2018-09-11,10681.400390625,5042.25,15477.4501953125,30067.55078125,15993.2001953125,2673.199951171875,3578.300048828125,10279.0498046875,258.8500061035156,26807.1875,1.3435801920329442
2018-09-12,10692.75,5086.5498046875,15601.0498046875,30828.19921875,16054.0498046875,2673.0,3631.39990234375,10391.599609375,257.25,26818.88671875,1.352569553121709
2018-09-14,10826.7001953125,5147.25,15791.900390625,30987.599609375,16072.5,2710.199951171875,3713.699951171875,10652.849609375,266.1499938964844,27163.533203125,1.3731532477636719
2018-09-17,10730.7998046875,5097.39990234375,15609.0498046875,30559.75,16119.7998046875,2708.39990234375,3705.449951171875,10504.150390625,269.1499938964844,26819.98828125,1.3650234520705056
2018-09-18,10565.650390625,5082.5,15460.2001953125,30893.25,16031.0,2654.949951171875,3648.10009765625,10465.400390625,260.95001220703125,26441.142578125,1.3505626879524342
2018-09-19,10527.900390625,5038.64990234375,15458.4501953125,30487.69921875,16063.9501953125,2604.800048828125,3691.800048828125,10456.9501953125,257.75,26277.044921875,1.3438675780594678
2018-09-21,10407.400390625,5017.9501953125,15575.2998046875,30406.900390625,15833.5,2580.800048828125,3673.25,10252.349609375,248.6999969482422,25596.603515625,1.3277677906936918
2018-09-24,10001.0,4869.25,15588.5498046875,29749.19921875,16175.2998046875,2521.25,3631.699951171875,9994.75,235.5500030517578,24970.05859375,1.3005831705429904
2018-09-25,10100.4501953125,4922.0,15540.599609375,30124.349609375,16234.900390625,2521.85009765625,3631.800048828125,10245.150390625,231.5,25330.0546875,1.3079364722789302
2018-09-26,10002.2001953125,4896.60009765625,15703.900390625,29682.650390625,15932.4501953125,2516.800048828125,3693.949951171875,10289.2998046875,237.10000610351562,25376.005859375,1.3089503511504401
2018-09-27,9815.400390625,4862.2001953125,15694.9501953125,29660.25,16018.0,2492.60009765625,3669.699951171875,10092.4501953125,230.5500030517578,25041.859375,1.296153903408176
2018-09-28,9590.25,4793.2001953125,15697.2001953125,29757.69921875,15838.0498046875,2447.5,3485.35009765625,9972.4501953125,219.60000610351562,25119.55859375,1.2741780491195398
2018-10-01,9659.5498046875,4805.60009765625,15539.75,29923.650390625,16213.599609375,2482.800048828125,3528.050048828125,10034.400390625,216.3000030517578,25366.705078125,1.2814114270589532
2018-10-03,9375.2998046875,4694.39990234375,15371.0498046875,29498.05078125,15909.7998046875,2471.64990234375,3592.0,9950.900390625,216.1999969482422,25069.609375,1.2681817058197642
2018-10-04,9207.0,4597.14990234375,14427.7998046875,28630.099609375,15441.099609375,2460.64990234375,3572.35009765625,9630.75,214.64999389648438,24819.01171875,1.2405130104544961
2018-10-05,8915.099609375,4483.2998046875,13278.0,27873.80078125,15591.650390625,2371.39990234375,3444.64990234375,9547.349609375,208.8000030517578,24443.166015625,1.2062867927349088
2018-10-08,8969.099609375,4486.60009765625,13828.150390625,27705.80078125,15305.2001953125,2348.300048828125,3339.449951171875,9505.7998046875,202.10000610351562,24618.0625,1.2007693982378647
2018-10-09,8732.900390625,4405.85009765625,13591.349609375,27149.650390625,15369.7998046875,2398.35009765625,3373.75,9638.75,200.10000610351562,24527.365234375,1.1953275601816273
2018-10-10,8961.9501953125,4517.2998046875,13779.349609375,27596.5,15143.2001953125,2530.25,3438.64990234375,9771.349609375,208.5,25321.404296875,1.2227501042933722
2018-10-11,8739.5,4449.2001953125,13796.5498046875,27375.0,14683.0,2526.050048828125,3306.5,9488.650390625,202.64999389648438,24783.662109375,1.1988598577321552
2018-10-12,9084.4501953125,4596.75,14243.0498046875,28153.55078125,14539.2001953125,2566.949951171875,3438.10009765625,9525.599609375,209.5500030517578,25395.5546875,1.2279042972953413
2018-10-15,9034.599609375,4573.64990234375,14363.150390625,28330.69921875,14797.2001953125,2600.35009765625,3423.5,9774.099609375,209.85000610351562,25387.755859375,1.2350180390425942
2018-10-16,9102.900390625,4614.39990234375,14596.9501953125,28498.25,14887.349609375,2606.949951171875,3431.60009765625,9836.75,212.0,25589.353515625,1.2441885284595355
2018-10-17,8834.7001953125,4560.4501953125,14405.5,28623.349609375,14949.599609375,2551.25,3362.949951171875,9686.400390625,205.85000610351562,25188.306640625,1.2258943634648882
2018-10-19,8690.25,4523.10009765625,14014.0498046875,28845.25,14476.849609375,2497.39990234375,3365.0,9650.2998046875,204.3000030517578,25085.509765625,1.2122354409428724
2018-10-22,8700.4501953125,4508.89990234375,13661.5498046875,28797.55078125,14421.4501953125,2460.25,3339.64990234375,9646.650390625,203.64999389648438,25078.30859375,1.205100804010012
2018-10-23,8649.150390625,4465.75,13611.849609375,28480.599609375,14014.7001953125,2415.10009765625,3312.75,9368.25,204.0,24972.158203125,1.1911101648028928
2018-10-24,8663.900390625,4505.60009765625,13632.650390625,28631.0,14049.150390625,2424.60009765625,3347.85009765625,9334.400390625,210.25,25063.908203125,1.1988670448476988
2018-10-25,8580.9501953125,4476.25,13491.349609375,28413.599609375,14070.7998046875,2367.050048828125,3306.800048828125,9142.7001953125,206.0,24817.16015625,1.1845886932802017
2018-10-26,8578.0498046875,4461.35009765625,13523.7001953125,28013.55078125,13798.599609375,2359.10009765625,3283.89990234375,9115.099609375,205.39999389648438,24420.767578125,1.1766660332612244
2018-10-29,8723.900390625,4531.5,13965.2001953125,28257.5,14132.650390625,2424.199951171875,3369.5,9590.400390625,212.1999969482422,24959.408203125,1.2071721964956272
2018-10-30,8744.599609375,4539.2998046875,13660.5,28271.30078125,14355.849609375,2466.10009765625,3333.050048828125,9535.2998046875,213.5,24807.4609375,1.2070896993811469
2018-10-31,8820.5498046875,4592.14990234375,13753.349609375,28547.099609375,14940.099609375,2489.39990234375,3296.949951171875,9757.5,214.89999389648438,25152.95703125,1.2215726858422378
2018-11-01,8814.2001953125,4587.14990234375,13742.400390625,28355.099609375,14622.0,2492.300048828125,3338.35009765625,9609.150390625,220.85000610351562,25323.35546875,1.2218607462480986
2018-11-02,9180.2001953125,4695.2998046875,14005.2998046875,28836.80078125,14396.7001953125,2475.85009765625,3439.25,9547.849609375,221.3000030517578,25701.3515625,1.2365255356648657
2018-11-05,9153.650390625,4687.35009765625,13985.75,28725.099609375,14471.75,2442.14990234375,3441.89990234375,9460.5,224.64999389648438,25731.900390625,1.235251301016573
2018-11-06,9130.4501953125,4663.14990234375,14082.7998046875,28497.099609375,14577.2998046875,2464.550048828125,3438.949951171875,9454.9501953125,225.5500030517578,25597.703125,1.235883460108188
2018-11-07,9200.75,4697.14990234375,14151.0,28717.400390625,14674.4501953125,2480.60009765625,3463.85009765625,9502.099609375,227.14999389648438,25737.201171875,1.243979946601849
2018-11-09,9277.75,4730.5498046875,14074.599609375,28731.05078125,14553.25,2488.5,3431.89990234375,9643.900390625,226.0500030517578,25770.701171875,1.2449302983300627
2018-11-12,9051.5,4680.0,13849.2998046875,28536.349609375,14650.5,2434.449951171875,3384.5,9557.5,222.75,25539.453125,1.2300861971356152
2018-11-13,9126.900390625,4708.0,14091.0498046875,28783.349609375,14698.2001953125,2429.14990234375,3410.550048828125,9422.5498046875,221.39999389648438,25768.30078125,1.2347580868963839
2018-11-14,9051.400390625,4751.10009765625,14160.75,29047.900390625,14338.5,2419.949951171875,3382.14990234375,9216.150390625,218.10000610351562,25929.849609375,1.2283240613882251
2018-11-15,9108.25,4762.75,14130.599609375,29020.5,14354.150390625,2422.449951171875,3407.89990234375,9218.5498046875,221.8000030517578,26154.4453125,1.2333952133236432
2018-11-16,9112.349609375,4796.60009765625,14312.599609375,29153.349609375,14473.150390625,2434.10009765625,3354.60009765625,9301.349609375,222.35000610351562,26245.24609375,1.2380090678314262
2018-11-19,9207.650390625,4841.14990234375,14466.4501953125,29651.599609375,14599.7998046875,2459.60009765625,3395.35009765625,9399.25,226.14999389648438,26300.392578125,1.251463402281555
2018-11-20,9133.650390625,4807.2001953125,14333.7001953125,29407.650390625,14285.099609375,2448.35009765625,3299.199951171875,9218.7001953125,226.25,26113.046875,1.237348099705696
2018-11-21,9119.2998046875,4812.5,14124.349609375,29390.849609375,13879.150390625,2433.300048828125,3272.699951171875,9375.099609375,229.64999389648438,26261.74609375,1.2348047384661185
2018-11-22,9062.650390625,4774.39990234375,13978.650390625,29244.099609375,13835.7001953125,2467.89990234375,3214.75,9302.2998046875,226.5500030517578,25999.146484375,1.2264921390581938
2018-11-26,9158.7998046875,4865.0,14003.599609375,29935.5,14025.400390625,2476.35009765625,3172.300048828125,9180.5,227.35000610351562,26365.29296875,1.2342759250833093
2018-11-27,9165.0,4850.7998046875,14185.599609375,29913.44921875,14225.349609375,2470.5,3148.949951171875,9058.4501953125,227.5500030517578,26442.79296875,1.2349024530172932
2018-11-28,9096.4501953125,4827.4501953125,14264.75,29682.599609375,14632.900390625,2523.39990234375,3117.39990234375,9014.7998046875,224.3000030517578,26457.642578125,1.2357758460058028
2018-11-29,9202.099609375,4890.7001953125,14367.900390625,30097.94921875,14465.2998046875,2547.35009765625,3177.25,9090.650390625,227.0,26939.287109375,1.2483600939145927
2018-11-30,9270.2001953125,4923.0498046875,14323.9501953125,30126.25,14638.0498046875,2549.85009765625,3163.75,9275.7001953125,232.0,26862.63671875,1.2558637932675814
2018-12-03,9260.599609375,4940.5498046875,14333.75,30348.349609375,14740.400390625,2526.800048828125,3227.85009765625,9053.400390625,237.60000610351562,26857.23828125,1.2594756335308075
2018-12-04,9212.2001953125,4908.39990234375,14359.099609375,30150.69921875,14999.900390625,2542.050048828125,3236.550048828125,9064.400390625,236.75,26693.490234375,1.2596516947160592
2018-12-05,8992.900390625,4869.2001953125,14294.25,29936.19921875,15012.9501953125,2499.550048828125,3119.60009765625,8812.2001953125,234.9499969482422,26519.291015625,1.2423494821885164
2018-12-06,8791.400390625,4772.9501953125,13989.849609375,29489.30078125,14693.75,2473.5,3085.39990234375,8686.5,229.3000030517578,26197.99609375,1.2210467424804388
2018-12-07,8869.7998046875,4825.5,14013.650390625,29673.650390625,14662.900390625,2497.550048828125,3071.199951171875,8682.599609375,230.4499969482422,26593.9921875,1.2272232071930875
2018-12-10,8784.25,4753.10009765625,13657.4501953125,29211.5,14419.2001953125,2451.60009765625,3036.25,8535.2998046875,223.4499969482422,26102.34765625,1.2053949995612316
2018-12-11,8846.7998046875,4806.7001953125,13709.5,29562.94921875,14579.599609375,2497.39990234375,3055.35009765625,8746.599609375,223.5500030517578,26163.095703125,1.2171918365796173
2018-12-12,9166.150390625,4923.85009765625,13912.900390625,30085.400390625,14738.5498046875,2531.39990234375,3133.050048828125,8801.5,233.3000030517578,26643.5390625,1.24289658842119
2018-12-13,9254.2001953125,4970.0498046875,13924.2001953125,30291.25,14841.0,2562.60009765625,3114.0,8810.7998046875,236.5,26816.037109375,1.2504889970359185
2018-12-14,9271.5,4992.39990234375,14072.0498046875,30371.5,14851.400390625,2562.550048828125,3112.35009765625,8726.400390625,237.1999969482422,26825.6875,1.2521803886315204
2018-12-17,9335.7998046875,5008.60009765625,14283.9501953125,30624.19921875,14873.0498046875,2596.050048828125,3175.10009765625,8771.2998046875,236.64999389648438,27015.486328125,1.2619665213574933
2018-12-18,9403.7998046875,5022.35009765625,14386.2001953125,30589.400390625,14730.900390625,2492.60009765625,3198.14990234375,8840.400390625,237.14999389648438,27174.3828125,1.2606763784793353
2018-12-19,9507.7001953125,5085.25,14462.5,30977.25,14591.7998046875,2516.199951171875,3211.14990234375,8823.4501953125,244.14999389648438,27298.083984375,1.2704841449272217
2018-12-20,9524.5498046875,5070.5498046875,14424.7001953125,30759.94921875,14542.150390625,2513.800048828125,3177.89990234375,8853.7998046875,243.35000610351562,27274.783203125,1.2671620245288195
2018-12-21,9337.25,4966.25,14159.75,30199.80078125,14207.849609375,2466.10009765625,3162.300048828125,8774.0498046875,238.5,26869.337890625,1.2459385680505999
2018-12-24,9206.75,4907.0498046875,13989.4501953125,29950.94921875,14247.75,2414.300048828125,3089.85009765625,8726.349609375,233.39999389648438,26714.439453125,1.2310052367100293
2018-12-26,9227.0,4930.39990234375,14063.7001953125,29996.25,14158.900390625,2465.39990234375,3098.449951171875,8684.849609375,233.9499969482422,26986.486328125,1.235840011870818
2018-12-27,9184.099609375,4955.35009765625,14284.599609375,30377.5,14354.5,2507.85009765625,3089.0,8665.75,232.60000610351562,26878.23828125,1.2413803206469514
2018-12-28,9223.7998046875,4992.5498046875,14369.7998046875,30544.0,14385.7998046875,2556.14990234375,3112.199951171875,8814.2001953125,233.1999969482422,27124.935546875,1.2514496704551574
2018-12-31,9235.5498046875,4988.85009765625,14334.849609375,30516.650390625,14440.2998046875,2566.199951171875,3154.60009765625,8868.7001953125,232.35000610351562,27159.8828125,1.254249904880784
2019-01-01,9182.4501953125,4966.5498046875,14348.0,30398.44921875,14440.2998046875,2574.14990234375,3135.25,8881.9501953125,237.5,27159.8828125,1.255183992065324
2019-01-02,8902.650390625,4900.2001953125,14140.5498046875,30195.19921875,14447.099609375,2540.5,3028.449951171875,8839.9501953125,234.10000610351562,27174.3828125,1.2388476057287772
2019-01-03,8767.349609375,4882.10009765625,13914.599609375,30189.19921875,14322.150390625,2491.699951171875,2960.39990234375,8722.2998046875,233.9499969482422,26959.537109375,1.2255606060117685
2019-01-04,8809.349609375,4886.85009765625,14043.0498046875,30190.19921875,14146.150390625,2519.14990234375,3001.699951171875,8788.0498046875,235.89999389648438,27194.68359375,1.2319705425183358
2019-01-07,8820.0,4902.14990234375,14137.0498046875,30282.599609375,14291.5,2527.199951171875,2997.10009765625,8732.650390625,239.0500030517578,27304.234375,1.236542346263228
2019-01-08,8859.650390625,4897.64990234375,14106.349609375,30272.0,14285.7001953125,2495.89990234375,3010.300048828125,8864.75,239.0,27509.1796875,1.238408655708578
2019-01-09,8907.099609375,4923.7001953125,14061.0,30577.349609375,14326.099609375,2494.949951171875,2975.5,8906.7001953125,240.5500030517578,27720.078125,1.2417917086767638
2019-01-10,8933.349609375,4927.5,14004.5498046875,30571.650390625,14323.25,2496.949951171875,2972.35009765625,8934.7998046875,239.89999389648438,27528.23046875,1.2408719984469585
2019-01-11,8862.349609375,4918.5,13937.5498046875,30759.05078125,14307.099609375,2496.35009765625,2971.25,8902.4501953125,236.64999389648438,27453.58203125,1.2371436654876649
2019-01-14,8849.7001953125,4902.0,13865.2001953125,30716.400390625,14223.599609375,2471.85009765625,2939.35009765625,8949.2998046875,234.35000610351562,27247.93359375,1.2309958626692352
2019-01-15,8888.400390625,4938.2001953125,14162.599609375,31011.05078125,14658.5,2501.64990234375,2986.300048828125,9027.5,238.5500030517578,27400.431640625,1.2474494815775015
2019-01-16,8866.75,4913.2001953125,14242.599609375,30783.849609375,14707.7998046875,2480.39990234375,2967.050048828125,9054.2001953125,238.5500030517578,27483.37890625,1.24560717922698
2019-01-17,8878.2001953125,4908.9501953125,14257.5,30737.25,14800.25,2428.699951171875,2963.050048828125,8930.5,241.39999389648438,27528.4296875,1.2436113649299467
2019-01-18,8844.7998046875,4878.64990234375,14607.5,30540.349609375,14893.0,2389.60009765625,2957.10009765625,8689.599609375,238.3000030517578,27456.380859375,1.2378825071397297
2019-01-21,8746.849609375,4853.7998046875,14963.849609375,30485.0,14966.400390625,2375.949951171875,2945.800048828125,8734.7001953125,234.89999389648438,27533.279296875,1.2373295078037112
2019-01-22,8675.150390625,4839.85009765625,14949.849609375,30507.599609375,14962.599609375,2343.25,2880.64990234375,8892.599609375,236.64999389648438,27481.9296875,1.2343925483332951
2019-01-23,8612.25,4800.75,14849.7998046875,29991.400390625,14888.75,2373.75,2896.89990234375,8946.2001953125,235.5,27250.43359375,1.2303837295254147
2019-01-24,8537.25,4805.89990234375,14990.400390625,30036.75,14971.900390625,2369.60009765625,2893.5,8894.5,240.60000610351562,27266.083984375,1.2331470176709125
2019-01-25,8259.7998046875,4694.7001953125,14970.0498046875,29938.05078125,15039.2998046875,1981.5999755859375,2857.550048828125,8891.0,230.0500030517578,27114.986328125,1.1984058497835264
2019-01-28,8143.0,4663.25,14820.0498046875,29565.55078125,15120.150390625,2147.550048828125,2827.14990234375,8663.900390625,229.3000030517578,26652.740234375,1.197127184812267
2019-01-29,8120.4501953125,4686.2001953125,14630.5,29758.900390625,15231.2998046875,2160.199951171875,2828.35009765625,8756.900390625,228.1999969482422,26573.091796875,1.1986255631583314
2019-01-30,8118.39990234375,4663.39990234375,14479.25,29463.849609375,15255.2001953125,2197.050048828125,2882.050048828125,8734.599609375,226.5,26825.1875,1.2000320506234516
2019-01-31,8218.400390625,4715.7998046875,14792.9501953125,29800.55078125,15499.2998046875,2173.39990234375,2915.85009765625,8825.349609375,228.5500030517578,27295.1328125,1.2133009180214125
2019-02-01,8441.25,4804.89990234375,14975.75,30199.900390625,15724.2998046875,2097.25,2815.64990234375,8969.5498046875,231.39999389648438,27085.634765625,1.2179135667174024
2019-02-04,8395.5498046875,4785.5,15215.349609375,30008.900390625,15754.7998046875,2068.25,2794.449951171875,8811.900390625,229.10000610351562,27186.283203125,1.2126773110941185
2019-02-05,8468.2998046875,4811.0498046875,15198.9501953125,29759.849609375,15738.7001953125,2115.14990234375,2768.300048828125,8800.599609375,223.9499969482422,27271.3828125,1.2122276734319903
2019-02-06,8567.400390625,4860.7998046875,15394.150390625,30029.0,16055.599609375,2201.199951171875,2832.949951171875,8906.900390625,225.10000610351562,27402.03125,1.2304239881923313
2019-02-07,8736.7001953125,4906.75,15225.099609375,30266.30078125,16085.849609375,2256.64990234375,2835.800048828125,9056.150390625,224.9499969482422,27386.83203125,1.2390063848948225
2019-02-08,8420.349609375,4832.25,15013.650390625,29769.05078125,16019.7998046875,2214.35009765625,2740.5,8984.849609375,226.64999389648438,27294.083984375,1.2214287094244543
2019-02-11,8320.2998046875,4794.25,14762.900390625,29728.5,16099.0498046875,2243.60009765625,2725.199951171875,8838.0,224.35000610351562,27227.484375,1.2148124753750256
2019-02-12,8278.099609375,4774.35009765625,14802.150390625,29524.0,15938.650390625,2273.5,2767.949951171875,8904.9501953125,221.1999969482422,27010.435546875,1.213739844709576
2019-02-14,8223.349609375,4725.9501953125,14335.099609375,29451.44921875,15861.650390625,2338.10009765625,2733.64990234375,8920.900390625,223.10000610351562,26970.28515625,1.2100165961534113
2019-02-15,8132.5498046875,4677.7001953125,14618.4501953125,29309.099609375,15815.599609375,2309.949951171875,2677.10009765625,8643.2998046875,222.5500030517578,26793.939453125,1.2000860104501503
2019-02-18,8067.7001953125,4633.4501953125,14433.7998046875,28965.150390625,15659.0,2325.75,2652.0,8573.9501953125,224.25,26653.939453125,1.1929037691005864
2019-02-19,8073.39990234375,4632.85009765625,14411.0498046875,29009.69921875,15333.5,2357.25,2689.699951171875,8552.7001953125,228.10000610351562,26684.5390625,1.1956891640338763
2019-02-20,8121.5,4656.5,14679.150390625,29053.400390625,15609.4501953125,2361.199951171875,2765.0,8606.349609375,228.6999969482422,26955.1875,1.2073933541297948
2019-02-21,8156.75,4677.7001953125,14796.7998046875,29166.349609375,15588.900390625,2387.0,2796.14990234375,8706.349609375,229.60000610351562,27052.0859375,1.214736832809898
2019-02-22,8278.9501953125,4708.35009765625,14777.0498046875,29241.19921875,15684.7001953125,2394.85009765625,2842.199951171875,8772.599609375,233.14999389648438,26867.23828125,1.2226212671579528
2019-02-25,8371.4501953125,4724.0498046875,14762.9501953125,29327.05078125,16003.7001953125,2388.699951171875,2852.10009765625,8816.2001953125,231.4499969482422,27158.93359375,1.2282793428324574
2019-02-26,8399.099609375,4716.2001953125,14695.599609375,29253.650390625,15989.599609375,2465.64990234375,2854.89990234375,8829.4501953125,227.64999389648438,26952.63671875,1.2288172960894572
2019-02-27,8420.0498046875,4715.75,14689.0498046875,29171.94921875,15902.099609375,2443.949951171875,2846.85009765625,8866.2001953125,228.0,26798.990234375,1.2266136018077456
2019-02-28,8355.150390625,4707.7998046875,14818.5,29262.849609375,15732.0,2465.449951171875,2871.60009765625,8884.849609375,230.25,26789.58984375,1.2291834270238005
2019-03-01,8413.650390625,4727.35009765625,14857.849609375,29464.900390625,15848.2998046875,2544.60009765625,2922.699951171875,8972.650390625,230.35000610351562,27043.5859375,1.2412052471661836
2019-03-05,8676.599609375,4783.60009765625,15108.599609375,29649.19921875,15664.099609375,2566.300048828125,3000.199951171875,9054.650390625,234.9499969482422,27553.73046875,1.2582937825779104
2019-03-06,8651.75,4785.39990234375,15363.0498046875,29710.30078125,15735.0498046875,2532.800048828125,3021.300048828125,9155.0,236.85000610351562,27625.330078125,1.2629106045992002
2019-03-07,8635.7001953125,4787.35009765625,15348.349609375,29904.05078125,15582.099609375,2486.050048828125,2992.85009765625,9045.650390625,236.0500030517578,27764.27734375,1.2573828479217237
2019-03-08,8582.599609375,4786.64990234375,15352.5498046875,29945.75,15408.7001953125,2461.25,2947.949951171875,9021.849609375,236.5,27761.478515625,1.2521572868955242
2019-03-11,8782.7001953125,4883.2001953125,15770.9501953125,30256.400390625,15388.5,2481.550048828125,3028.85009765625,9155.0498046875,238.64999389648438,27966.326171875,1.270529650358887
2019-03-12,8802.900390625,4933.0,15991.150390625,30480.80078125,15384.5498046875,2534.449951171875,3043.050048828125,9274.7998046875,244.89999389648438,28443.369140625,1.2852618201123143
2019-03-13,8767.5498046875,4905.9501953125,16041.7998046875,30451.599609375,15342.900390625,2482.64990234375,2985.75,9100.25,246.35000610351562,28883.96484375,1.2792629895519723
2019-03-14,8725.5,4903.14990234375,16024.9501953125,30467.30078125,15260.4501953125,2491.75,3002.050048828125,9184.900390625,251.8000030517578,28922.763671875,1.283179778747965
2019-03-15,8748.0498046875,4873.5498046875,16046.2001953125,29953.400390625,15546.599609375,2503.949951171875,3008.25,9221.75,251.60000610351562,29381.107421875,1.2864882622863076
2019-03-18,8627.0498046875,4862.60009765625,16333.150390625,30172.30078125,15359.4501953125,2521.550048828125,3028.39990234375,9204.9501953125,258.70001220703125,29595.755859375,1.2922137617202978
2019-03-19,8567.0498046875,4874.39990234375,16593.900390625,30433.150390625,15495.5498046875,2539.35009765625,3027.39990234375,9244.599609375,259.0,29767.50390625,1.2982796243474275
2019-03-20,8445.099609375,4840.9501953125,16397.400390625,30297.349609375,15599.25,2453.550048828125,2996.10009765625,9264.5,265.29998779296875,29831.8515625,1.2922819285710734
2019-03-22,8336.599609375,4821.0,16152.2998046875,30198.849609375,15551.099609375,2409.800048828125,2983.199951171875,9199.349609375,266.95001220703125,29582.15625,1.2832910055559703
2019-03-25,8238.5498046875,4766.2998046875,16147.900390625,29921.44921875,15416.849609375,2343.35009765625,2949.64990234375,9170.150390625,261.79998779296875,29280.859375,1.2688320323857962
2019-03-26,8287.25,4800.60009765625,16541.349609375,29957.80078125,15356.599609375,2363.39990234375,2980.60009765625,9245.0,264.04998779296875,29881.802734375,1.2803922114255661
2019-03-27,8215.349609375,4773.4501953125,16330.099609375,29891.349609375,15339.400390625,2385.64990234375,2982.10009765625,9148.7998046875,262.8500061035156,30019.451171875,1.2764400498715778
2019-03-28,8234.25,4817.4501953125,16384.5,30243.25,15566.75,2468.64990234375,2973.699951171875,9199.400390625,266.6499938964844,30420.197265625,1.290066719036943
2019-04-01,8414.349609375,4849.9501953125,16532.099609375,30193.150390625,15840.650390625,2481.0,3102.300048828125,9375.400390625,267.20001220703125,30326.1484375,1.3055367852201338
2019-04-02,8504.2998046875,4846.2001953125,16523.5,30073.150390625,15988.400390625,2459.449951171875,3089.10009765625,9296.9501953125,273.3999938964844,30353.896484375,1.3078292417226915
2019-04-03,8480.650390625,4826.75,16258.650390625,29969.0,15962.9501953125,2401.85009765625,3085.0,9180.2998046875,272.6000061035156,30092.951171875,1.2977988252256876
2019-04-04,8536.349609375,4850.14990234375,16120.599609375,29998.69921875,15744.7998046875,2428.0,3071.89990234375,9263.400390625,272.3999938964844,29904.552734375,1.297662375057621
2019-04-05,8564.599609375,4837.4501953125,16171.4501953125,29869.150390625,15923.0498046875,2440.85009765625,3132.35009765625,9271.5498046875,276.0,30084.30078125,1.3049195927985013
2019-04-08,8526.2998046875,4830.4501953125,15983.2998046875,29804.44921875,16028.25,2415.800048828125,3101.699951171875,9243.900390625,269.95001220703125,29844.953125,1.2963046177332525
2019-04-09,8622.7998046875,4842.5498046875,16068.25,30019.25,16121.599609375,2410.75,3133.64990234375,9333.2998046875,273.75,30113.5,1.3057838495044833
2019-04-10,8644.5,4826.0498046875,16026.900390625,29994.94921875,15999.150390625,2404.050048828125,3105.199951171875,9407.900390625,276.8500061035156,29803.154296875,1.3038623013847512
2019-04-11,8690.0498046875,4849.35009765625,16159.150390625,30151.150390625,15874.75,2408.60009765625,3067.449951171875,9391.150390625,274.8500061035156,29785.75390625,1.3033314192539263
2019-04-12,8777.4501953125,4891.14990234375,16169.75,30533.69921875,15911.099609375,2442.85009765625,3071.60009765625,9426.4501953125,275.70001220703125,29938.203125,1.3113929299056362
2019-04-15,8911.599609375,4907.9501953125,16114.4501953125,30547.400390625,16113.7001953125,2433.25,3141.35009765625,9417.75,280.25,30103.900390625,1.3203593891009915
2019-04-16,8983.5498046875,4953.10009765625,16203.5498046875,30742.599609375,16084.900390625,2433.89990234375,3149.89990234375,9417.7998046875,277.45001220703125,30530.994140625,1.3249272259080536
2019-04-18,8972.650390625,4933.64990234375,16336.25,30558.94921875,16079.2998046875,2380.10009765625,3109.85009765625,9409.900390625,270.3999938964844,30223.048828125,1.3150662311808048
2019-04-22,8813.900390625,4884.7998046875,15944.2998046875,30418.099609375,16150.599609375,2358.60009765625,3054.10009765625,9285.4501953125,263.70001220703125,29687.603515625,1.297386260635479
2019-04-23,8682.900390625,4857.7998046875,16010.7001953125,30495.05078125,16166.2998046875,2361.75,3042.0,9388.7998046875,263.1499938964844,29479.357421875,1.2956581004078194
2019-04-24,8646.0498046875,4889.85009765625,16305.75,30631.25,16370.349609375,2390.35009765625,3047.75,9459.0,264.8500061035156,29860.453125,1.305859445139322
2019-04-25,8587.900390625,4861.7998046875,16243.5498046875,30371.30078125,16352.7998046875,2379.550048828125,2991.10009765625,9442.5498046875,265.70001220703125,29561.005859375,1.2983509323972109
2019-04-26,8493.7998046875,4840.5,16431.5,30440.75,16504.44921875,2375.25,3046.64990234375,9461.7001953125,264.3999938964844,30013.150390625,1.303153252528956
2019-04-30,8350.599609375,4813.75,16500.0,30336.900390625,16705.400390625,2408.75,3089.10009765625,9402.5,258.29998779296875,29764.455078125,1.3006733796473626
2019-05-02,8333.849609375,4781.0,16499.05078125,30091.25,16403.69921875,2370.14990234375,3085.5,9291.2998046875,258.6000061035156,29708.25390625,1.292249174536137
2019-05-03,8381.4501953125,4767.25,16568.30078125,29750.55078125,16092.9501953125,2349.050048828125,3081.25,9220.4501953125,262.6499938964844,29953.802734375,1.2900250011464554
2019-05-06,8268.4501953125,4710.39990234375,16503.150390625,29575.849609375,16111.349609375,2297.89990234375,3018.75,9189.75,258.79998779296875,29618.10546875,1.2764381672059288
2019-05-07,8206.25,4689.60009765625,16231.2001953125,29557.05078125,16135.75,2234.949951171875,2980.39990234375,9148.2001953125,255.75,29287.859375,1.2643001044946012
2019-05-08,8095.89990234375,4641.5498046875,15925.7998046875,29395.69921875,16061.599609375,2133.64990234375,2959.5,9003.349609375,250.35000610351562,28994.0625,1.2450978381975468
2019-05-09,8103.5,4648.0498046875,15635.4501953125,29474.80078125,16132.849609375,2209.949951171875,2917.10009765625,8976.900390625,251.1999969482422,28884.263671875,1.246260624231753
2019-05-10,8093.2001953125,4654.0,15493.849609375,29359.05078125,15949.599609375,2228.0,2872.5,8944.599609375,251.1999969482422,29040.162109375,1.2425647657076455
2019-05-13,7938.64990234375,4604.60009765625,15172.099609375,29061.0,15955.2998046875,2143.85009765625,2820.85009765625,8553.5,246.39999389648438,28659.615234375,1.2187126358954785
2019-05-14,7955.5,4630.35009765625,15399.2998046875,29235.099609375,15762.75,2149.050048828125,2837.89990234375,8683.900390625,248.3000030517578,28828.86328125,1.2252868498690481
2019-05-15,7856.85009765625,4595.85009765625,15274.2998046875,29185.099609375,15776.7998046875,2068.699951171875,2778.39990234375,8595.75,249.10000610351562,28616.1171875,1.2128562130782106
2019-05-16,7891.89990234375,4591.7998046875,15530.9501953125,29228.69921875,15934.0,2115.550048828125,2810.85009765625,8577.349609375,251.85000610351562,28854.96484375,1.2229729765952913
2019-05-17,8085.75,4700.2001953125,15538.650390625,29962.150390625,15843.400390625,2190.25,2807.25,8448.9501953125,252.5500030517578,29449.80859375,1.2364902390916934
2019-05-20,8422.099609375,4839.89990234375,16240.400390625,30547.650390625,15968.2001953125,2226.5,2899.14990234375,8505.9501953125,267.0,30759.341796875,1.2737848285125084
2019-05-21,8209.4501953125,4790.85009765625,16087.400390625,30537.900390625,15766.9501953125,2174.89990234375,2854.25,8488.25,265.95001220703125,30308.048828125,1.258872039334905
2019-05-22,8246.5498046875,4789.7001953125,16171.9501953125,30247.650390625,15666.150390625,2163.60009765625,2864.449951171875,8510.849609375,266.95001220703125,30526.4453125,1.2595824939544733
2019-05-23,8216.900390625,4767.85009765625,16129.099609375,29723.80078125,15538.849609375,2192.10009765625,2822.0,8497.599609375,268.20001220703125,30408.74609375,1.25471691076533
2019-05-24,8460.25,4849.25,16267.2998046875,29965.400390625,15569.849609375,2220.800048828125,2904.300048828125,8608.4501953125,280.1000061035156,31212.1875,1.2787412618535527
2019-05-27,8462.2001953125,4853.7001953125,16382.650390625,30105.400390625,15556.650390625,2202.300048828125,2965.699951171875,8525.0,286.20001220703125,31647.283203125,1.2852498100197607
2019-05-28,8398.2001953125,4838.25,16487.94921875,30068.94921875,15762.0498046875,2245.85009765625,2992.949951171875,8513.849609375,286.54998779296875,31597.533203125,1.2897455903303248
2019-05-29,8281.900390625,4801.39990234375,16325.9501953125,30014.19921875,15865.599609375,2225.300048828125,2937.300048828125,8484.650390625,284.95001220703125,31295.1875,1.280347616356661
2019-05-30,8235.7001953125,4804.5498046875,16524.30078125,30002.400390625,15997.349609375,2226.39990234375,2924.5,8474.7001953125,284.6000061035156,31536.732421875,1.2824719361237316
2019-05-31,8175.5,4809.4501953125,16560.349609375,29850.400390625,16160.650390625,2204.050048828125,2900.39990234375,8455.099609375,283.95001220703125,31375.03515625,1.279013143767416
2019-06-03,8328.2001953125,4911.5498046875,16760.150390625,30278.75,16360.5498046875,2198.0,2951.25,8536.599609375,286.75,31653.283203125,1.2945975000454522
2019-06-04,8300.2001953125,4872.2998046875,16642.05078125,30197.94921875,16105.2001953125,2165.949951171875,2956.39990234375,8432.9501953125,285.70001220703125,31588.68359375,1.2858774965610293
2019-06-06,8226.4501953125,4846.39990234375,16334.5498046875,30057.400390625,16012.099609375,2131.949951171875,2923.050048828125,8279.099609375,280.70001220703125,30857.041015625,1.2692899457268252
2019-06-07,8192.0,4847.64990234375,16231.150390625,29971.44921875,16109.849609375,2131.449951171875,2906.949951171875,8179.60009765625,279.3500061035156,31066.189453125,1.2663950972650133
2019-06-10,8216.650390625,4883.85009765625,16125.0498046875,30360.900390625,16362.400390625,2095.35009765625,2912.25,8246.7001953125,280.20001220703125,31033.638671875,1.2699024426359045
2019-06-11,8240.25,4888.4501953125,16230.150390625,30311.30078125,16448.099609375,2122.89990234375,2950.64990234375,8243.5,280.5,31265.0859375,1.276050045850961
2019-06-12,8146.9501953125,4865.0498046875,16202.0,30379.25,16425.94921875,2109.64990234375,2962.10009765625,8179.14990234375,274.75,30965.33984375,1.2687507644589229
2019-06-13,8116.9501953125,4865.35009765625,16209.150390625,30354.55078125,16316.599609375,2134.0,2955.949951171875,8148.5498046875,276.5,30975.740234375,1.2689766745448106
2019-06-14,8031.60009765625,4805.5,16117.400390625,29966.099609375,16268.2001953125,2086.14990234375,2944.89990234375,8083.5498046875,270.70001220703125,30613.994140625,1.2548868735105938
2019-06-17,7896.10009765625,4741.39990234375,15790.0498046875,29703.900390625,16228.2001953125,2053.699951171875,2860.5,7975.25,267.1000061035156,30272.8984375,1.2368438993516424
2019-06-18,7859.35009765625,4721.7001953125,15904.2001953125,29580.75,16322.5,2051.199951171875,2874.89990234375,7916.9501953125,267.29998779296875,30350.646484375,1.236832614490848
2019-06-19,7772.2001953125,4700.85009765625,15887.150390625,29585.400390625,16282.7001953125,2058.550048828125,2886.300048828125,7790.5,270.25,30361.74609375,1.2348686517488143
2019-06-20,7965.4501953125,4761.9501953125,16081.0,29651.44921875,16316.9501953125,2076.949951171875,2940.10009765625,8029.0,275.45001220703125,30780.7421875,1.2528524685971474
2019-06-21,7868.25,4719.0498046875,15951.400390625,29423.849609375,16189.400390625,2047.699951171875,2930.199951171875,7911.5498046875,274.1499938964844,30627.994140625,1.2420122259032933
2019-06-24,7832.2998046875,4724.14990234375,15782.099609375,29464.19921875,16187.400390625,2038.050048828125,2892.449951171875,7902.0,271.5,30601.6953125,1.2367732189150513
2019-06-25,7878.25,4743.85009765625,16092.849609375,29552.599609375,16214.4501953125,2043.449951171875,2942.64990234375,7947.2001953125,274.04998779296875,30846.69140625,1.2463608742595926
2019-06-26,7883.5498046875,4733.9501953125,16191.900390625,29524.099609375,16101.75,2053.949951171875,3022.949951171875,8086.2998046875,278.1499938964844,31161.98828125,1.2553269066467867
2019-06-27,7971.4501953125,4753.9501953125,16142.0,29486.80078125,15991.7998046875,2049.64990234375,3014.199951171875,8088.0,283.45001220703125,31269.13671875,1.2580781049762741
2019-06-28,7928.0498046875,4755.5,16046.7998046875,29546.05078125,15936.4501953125,2039.800048828125,2980.199951171875,8065.14990234375,284.79998779296875,31104.837890625,1.2540685676540078
2019-07-01,8029.14990234375,4778.0,15964.0,29600.400390625,15916.7001953125,2092.75,2977.949951171875,8178.7998046875,291.79998779296875,31371.833984375,1.264775950949117
2019-07-02,8045.64990234375,4793.35009765625,16121.7001953125,29710.94921875,16074.099609375,2089.35009765625,2993.35009765625,8101.64990234375,287.5,31282.9375,1.265448048790881
2019-07-03,8039.5,4807.25,16175.5,29812.650390625,15927.650390625,2111.75,2992.14990234375,8092.2001953125,289.8999938964844,31381.935546875,1.2680359847097322
2019-07-04,8077.2001953125,4809.9501953125,16203.650390625,29889.44921875,15927.650390625,2103.60009765625,2962.5,8046.7998046875,292.54998779296875,31471.484375,1.2683128055552548
2019-07-05,7849.10009765625,4759.9501953125,15818.400390625,29973.25,15550.0498046875,2053.14990234375,2851.25,7926.5,282.1000061035156,31475.435546875,1.2435306713552041
2019-07-08,7593.2998046875,4664.10009765625,15379.9501953125,29594.650390625,15376.0,1986.300048828125,2791.199951171875,7801.75,272.25,30603.494140625,1.21415271150265
2019-07-09,7593.2998046875,4615.10009765625,15587.5,29321.30078125,15254.5,1984.3499755859375,2788.050048828125,8012.0498046875,279.95001220703125,30568.794921875,1.2187476610693075
2019-07-10,7511.14990234375,4573.25,15466.400390625,29154.05078125,15168.599609375,1980.449951171875,2756.449951171875,8009.5,275.54998779296875,30521.744140625,1.2102328627085819
2019-07-11,7650.9501953125,4613.7001953125,15547.650390625,29293.650390625,15214.2998046875,2057.14990234375,2805.25,8110.0498046875,279.1000061035156,30716.193359375,1.2258148959226853
2019-07-12,7653.64990234375,4613.10009765625,15432.5498046875,29252.0,15227.400390625,2066.10009765625,2826.300048828125,8144.2998046875,280.54998779296875,30601.09375,1.2270143184642803
2019-07-15,7674.25,4608.4501953125,15411.5,29079.900390625,15662.0498046875,2056.35009765625,2823.0,8231.849609375,280.25,30445.595703125,1.2296760266645839
2019-07-16,7727.10009765625,4643.7001953125,15650.150390625,29366.599609375,15580.4501953125,2053.35009765625,2847.35009765625,8347.9501953125,285.54998779296875,30570.4453125,1.2393846645464033
2019-07-17,7648.14990234375,4653.0498046875,15518.0,29614.25,15676.0,2067.449951171875,2848.800048828125,8330.75,286.04998779296875,30735.142578125,1.240670133916602
2019-07-18,7438.7001953125,4600.5,15256.650390625,29553.900390625,15498.5,2072.199951171875,2778.60009765625,8223.150390625,281.70001220703125,30430.24609375,1.2246320590818829
2019-07-19,7192.75,4519.2998046875,15223.099609375,29027.55078125,15383.650390625,2020.0999755859375,2741.85009765625,8040.10009765625,277.54998779296875,29770.00390625,1.2031776139838255
2019-07-22,7220.25,4522.60009765625,15419.900390625,28714.94921875,15448.25,2058.050048828125,2788.10009765625,8120.85009765625,273.6499938964844,29284.609375,1.2063363081812137
2019-07-23,7176.64990234375,4536.0,15456.650390625,28990.900390625,15493.400390625,2062.5,2778.75,8063.64990234375,276.3500061035156,29127.76171875,1.2073153692484093
2019-07-24,7036.7001953125,4522.35009765625,15275.7001953125,28992.5,15380.75,2097.300048828125,2712.949951171875,7920.64990234375,273.45001220703125,28951.9140625,1.1973544755144032
2019-07-25,7010.5498046875,4525.64990234375,15061.4501953125,28983.55078125,15474.650390625,2119.89990234375,2686.39990234375,8094.35009765625,273.79998779296875,29042.712890625,1.1992845615789653
2019-07-26,7161.5,4569.4501953125,14920.75,29142.30078125,15348.0498046875,2133.35009765625,2692.449951171875,8178.89990234375,274.3999938964844,29324.958984375,1.2052949582419947
2019-07-29,6905.7001953125,4502.10009765625,14764.2001953125,28974.94921875,15400.849609375,2063.35009765625,2611.89990234375,8039.7998046875,271.8500061035156,29295.560546875,1.1868196725846796
2019-07-30,6763.75,4473.14990234375,14496.2998046875,28864.599609375,15501.650390625,2016.5999755859375,2527.0,7877.75,268.04998779296875,28791.265625,1.169147306039412
2019-07-31,6851.64990234375,4488.2001953125,14559.4501953125,29065.94921875,15620.2001953125,1957.800048828125,2588.14990234375,7987.5,267.45001220703125,28875.6640625,1.174409082645877
2019-08-01,6856.10009765625,4465.35009765625,14590.0,28925.349609375,15332.099609375,1896.800048828125,2507.050048828125,7878.75,264.54998779296875,28366.919921875,1.1591189906227557
2019-08-02,6933.75,4511.10009765625,14433.9501953125,28930.75,15422.099609375,1870.6500244140625,2459.10009765625,7868.2001953125,262.6000061035156,28204.62109375,1.1555939346246753
2019-08-05,6844.60009765625,4489.75,14040.7001953125,28777.55078125,15518.5498046875,1807.5,2415.35009765625,7807.9501953125,257.8999938964844,27647.728515625,1.1393317418648463
2019-08-06,6942.4501953125,4537.64990234375,14016.849609375,28847.349609375,15514.7998046875,1786.0999755859375,2448.050048828125,7818.5,262.45001220703125,28021.7734375,1.1461302853178912
2019-08-07,6792.60009765625,4509.64990234375,13819.150390625,28814.55078125,15583.349609375,1819.9000244140625,2389.449951171875,7879.75,258.70001220703125,27701.728515625,1.1390853090158792
2019-08-08,6998.4501953125,4577.39990234375,14122.5498046875,29131.80078125,15867.9501953125,1845.5,2418.800048828125,7964.7998046875,263.5,28110.123046875,1.1581076644572927
2019-08-09,7137.39990234375,4622.7001953125,14155.400390625,29302.19921875,15821.349609375,1832.75,2398.0,7924.0498046875,265.6499938964844,28431.5703125,1.1620405743821896
2019-08-13,6855.75,4514.5498046875,14423.9501953125,28728.5,15424.400390625,1811.550048828125,2355.89990234375,7851.9501953125,263.0,27728.77734375,1.1432771062636748
2019-08-14,6919.0498046875,4561.10009765625,14564.5,28839.599609375,15466.25,1861.5,2411.050048828125,7744.2998046875,264.3500061035156,28018.873046875,1.1534221246639167
2019-08-16,6998.4501953125,4594.0,14594.7001953125,28889.94921875,15365.349609375,1859.0999755859375,2402.050048828125,7684.2998046875,265.1000061035156,28216.671875,1.1549343938784338
2019-08-19,6959.14990234375,4590.60009765625,14593.099609375,28837.5,15415.150390625,1871.4000244140625,2391.35009765625,7741.35009765625,266.75,28185.771484375,1.1560518083699003
2019-08-20,7040.5,4600.2998046875,14439.599609375,28669.849609375,15597.75,1866.050048828125,2351.14990234375,7749.7001953125,263.79998779296875,27982.123046875,1.1528658019439644
2019-08-21,7001.85009765625,4565.14990234375,14221.4501953125,28399.099609375,15578.150390625,1839.050048828125,2283.199951171875,7677.25,258.54998779296875,27718.728515625,1.1389194215863785
2019-08-22,6882.10009765625,4539.5,13897.2001953125,28396.150390625,15632.0,1782.4000244140625,2203.60009765625,7670.85009765625,242.60000610351562,27033.884765625,1.116702939534126
2019-08-23,6988.35009765625,4570.35009765625,14286.099609375,28257.099609375,15816.599609375,1856.9000244140625,2278.64990234375,7780.5498046875,244.5500030517578,26958.337890625,1.1337360578263072
2019-08-26,7022.75,4633.2001953125,14406.650390625,28707.80078125,15890.2001953125,1922.8499755859375,2256.64990234375,7824.2998046875,253.6999969482422,27951.025390625,1.1511319743072335
2019-08-27,7152.9501953125,4655.85009765625,14604.599609375,28927.25,15675.2998046875,1919.3499755859375,2303.89990234375,7812.10009765625,256.6000061035156,28125.82421875,1.1587906823243512
2019-08-28,7018.5498046875,4621.7998046875,14445.0,28815.0,15879.900390625,1921.300048828125,2226.449951171875,7738.64990234375,262.70001220703125,27803.978515625,1.152123856492834
2019-08-29,6970.14990234375,4615.4501953125,14440.650390625,28751.80078125,15884.5498046875,1892.1500244140625,2254.35009765625,7912.5,263.79998779296875,27304.8828125,1.1516157242327996
2019-08-30,7009.2998046875,4672.7998046875,14382.25,29257.349609375,16010.400390625,1914.6500244140625,2289.949951171875,8072.0498046875,267.20001220703125,27427.53125,1.1636768062064413
2019-09-03,6897.75,4574.64990234375,13972.150390625,28766.900390625,15984.900390625,1865.0,2218.949951171875,7976.4501953125,261.1499938964844,26823.837890625,1.1407265286373542
2019-09-04,6782.0498046875,4538.60009765625,14052.650390625,28725.650390625,16032.5,1853.8499755859375,2254.64990234375,7967.64990234375,260.70001220703125,27123.53515625,1.140852908475881
2019-09-05,6921.75,4565.14990234375,14338.7998046875,28710.0,16030.9501953125,1883.3499755859375,2313.60009765625,8071.75,256.0,26919.38671875,1.149493575115228
2019-09-06,7102.4501953125,4604.2998046875,14591.400390625,28649.75,16034.5498046875,1905.8499755859375,2357.699951171875,8068.75,254.3000030517578,27247.583984375,1.1594495713800548
2019-09-09,7165.35009765625,4651.35009765625,14617.849609375,28845.650390625,15919.400390625,1912.050048828125,2360.050048828125,8077.89990234375,256.0,27504.330078125,1.1643233893341784
2019-09-11,7423.60009765625,4692.7998046875,14585.099609375,28759.349609375,15701.7998046875,1911.5,2414.550048828125,8082.89990234375,266.6000061035156,27775.876953125,1.1760545174098815
2019-09-12,7284.0,4645.0,14404.650390625,28575.19921875,15583.25,1902.699951171875,2410.60009765625,8102.14990234375,264.25,27818.17578125,1.1682377537216198
2019-09-13,7360.60009765625,4664.0498046875,14727.150390625,28592.05078125,15722.900390625,1917.0,2444.10009765625,8033.0498046875,268.1000061035156,28098.423828125,1.178060892201358
2019-09-16,7300.64990234375,4661.0,14533.4501953125,28751.75,15743.150390625,1922.449951171875,2440.550048828125,8070.64990234375,265.54998779296875,27854.67578125,1.1748573957313122
2019-09-17,7020.75,4597.64990234375,14336.150390625,28675.30078125,15625.650390625,1876.1500244140625,2375.85009765625,7933.85009765625,255.64999389648438,27131.435546875,1.1506061078227312
2019-09-18,7012.10009765625,4609.5,14489.5498046875,28752.150390625,15702.2998046875,1867.949951171875,2402.64990234375,7923.4501953125,259.3999938964844,27172.333984375,1.155370237703807
2019-09-19,6920.60009765625,4569.2001953125,14281.9501953125,28575.599609375,15522.4501953125,1785.6500244140625,2363.449951171875,7799.60009765625,255.39999389648438,26757.33984375,1.1368367945675968
2019-09-20,7605.85009765625,4874.4501953125,14859.0498046875,29835.349609375,15491.099609375,1845.8499755859375,2497.64990234375,7983.5498046875,265.29998779296875,28981.21484375,1.191888026035768
2019-09-23,7802.64990234375,5018.5,14999.5,31120.099609375,15040.650390625,1858.949951171875,2526.199951171875,7857.25,272.79998779296875,30565.84375,1.2114967049998502
2019-09-24,7773.25,5015.5498046875,15100.849609375,31312.400390625,15338.650390625,1862.800048828125,2485.10009765625,7891.9501953125,269.20001220703125,30182.748046875,1.2106343014221632
2019-09-25,7470.4501953125,4918.89990234375,15179.2001953125,30925.94921875,15379.900390625,1826.199951171875,2419.75,7789.7001953125,260.95001220703125,29585.70703125,1.189809420499164
2019-09-26,7659.75,4984.2001953125,15446.900390625,31027.69921875,15312.900390625,1870.949951171875,2520.449951171875,7857.2998046875,267.79998779296875,30002.25,1.2100733824279524
2019-09-27,7554.25,4957.64990234375,15383.4501953125,31026.0,15236.400390625,1838.4000244140625,2453.949951171875,7695.2998046875,261.70001220703125,29876.302734375,1.1955968038503626
2019-09-30,7493.14990234375,4956.14990234375,15501.599609375,31134.5,15540.150390625,1800.0,2439.85009765625,7547.75,258.75,29102.8125,1.188393649231261
2019-10-01,7464.10009765625,4911.89990234375,15386.349609375,30801.349609375,15300.25,1722.1500244140625,2397.050048828125,7466.4501953125,248.10000610351562,28725.166015625,1.1679441477762973
2019-10-03,7493.75,4892.7998046875,15592.7001953125,30791.0,15277.9501953125,1771.300048828125,2326.550048828125,7461.75,251.1999969482422,28413.76953125,1.169328771648575
2019-10-04,7404.89990234375,4825.89990234375,15525.099609375,30327.150390625,15340.2998046875,1707.8499755859375,2297.199951171875,7396.89990234375,248.14999389648438,27731.52734375,1.1536447156423675
2019-10-07,7355.4501953125,4821.5,15331.599609375,30218.099609375,15246.75,1729.5999755859375,2269.949951171875,7148.9501953125,245.25,27767.228515625,1.1452468408537044
2019-10-09,7460.75,4867.7001953125,15469.9501953125,30269.150390625,15128.75,1734.699951171875,2317.699951171875,7235.60009765625,250.25,28785.515625,1.1589939912225533
2019-10-10,7359.64990234375,4860.5498046875,15579.2998046875,30147.19921875,15093.7998046875,1712.3499755859375,2283.35009765625,7235.60009765625,244.9499969482422,28013.123046875,1.1485622718041006
2019-10-11,7397.0498046875,4891.75,15510.5,30416.19921875,15321.900390625,1707.25,2337.10009765625,7278.4501953125,247.3000030517578,28042.173828125,1.1563994186652196
2019-10-14,7520.35009765625,4932.2998046875,15610.2001953125,30591.0,15277.75,1718.25,2360.199951171875,7361.7001953125,252.0500030517578,28181.62109375,1.1663672124834925
2019-10-15,7688.25,4982.5498046875,15782.849609375,30927.900390625,15208.400390625,1740.800048828125,2397.050048828125,7420.64990234375,253.6999969482422,28554.767578125,1.1787982985196122
2019-10-16,7673.7998046875,4976.14990234375,15833.349609375,30899.0,15344.9501953125,1752.25,2388.300048828125,7475.35009765625,256.3500061035156,28538.46875,1.1821287475986442
2019-10-17,7914.0,5056.4501953125,15976.599609375,31331.900390625,15281.900390625,1780.699951171875,2410.949951171875,7533.4501953125,257.8500061035156,28989.111328125,1.1964941310274304
2019-10-18,7964.75,5087.64990234375,16183.7001953125,31501.44921875,15410.099609375,1762.800048828125,2456.0,7608.14990234375,262.79998779296875,29119.912109375,1.206258051479969
2019-10-22,7936.64990234375,5092.2001953125,16268.900390625,31659.400390625,14688.650390625,1757.0999755859375,2442.85009765625,7746.14990234375,263.8500061035156,29410.80859375,1.2043719657743428
2019-10-23,8036.60009765625,5109.75,16122.5,31899.55078125,14833.349609375,1735.0999755859375,2436.85009765625,7761.85009765625,261.54998779296875,29459.2578125,1.2049088617110317
2019-10-24,8012.39990234375,5108.5,16116.2998046875,31752.80078125,14781.5,1724.1500244140625,2419.550048828125,7728.14990234375,263.95001220703125,29107.611328125,1.2010231733482983
2019-10-25,7986.35009765625,5082.25,16071.650390625,31685.599609375,14898.849609375,1732.3499755859375,2410.85009765625,7736.5498046875,264.8999938964844,29395.607421875,1.202272584247758
2019-10-29,8449.75,5125.5,16318.400390625,31950.75,15181.400390625,1738.9000244140625,2518.300048828125,7824.60009765625,267.29998779296875,29872.703125,1.225625705235893
2019-10-30,8428.900390625,5154.89990234375,16463.80078125,32274.099609375,15395.650390625,1728.9000244140625,2514.25,7819.35009765625,265.8500061035156,29987.15234375,1.228908955834079
2019-10-31,8449.5,5169.75,16486.150390625,32319.75,15559.400390625,1786.800048828125,2500.75,7878.14990234375,269.0,30065.900390625,1.2373696874081963
2019-11-01,8392.900390625,5168.0498046875,16381.0498046875,32449.849609375,15471.2001953125,1924.8499755859375,2561.75,7949.4501953125,271.1499938964844,30330.19921875,1.2512828564699925
2019-11-04,8280.349609375,5132.2998046875,16373.5,32255.69921875,15591.2998046875,1865.949951171875,2642.14990234375,7966.85009765625,269.6000061035156,30332.74609375,1.2485716353031477
2019-11-05,8256.150390625,5135.0,16274.7998046875,32361.44921875,15533.4501953125,1839.0,2616.949951171875,7879.5498046875,267.70001220703125,30219.498046875,1.2417574416256958
2019-11-06,8258.849609375,5101.10009765625,16209.099609375,32393.0,15561.2998046875,1832.800048828125,2633.449951171875,7926.35009765625,274.04998779296875,30609.244140625,1.2464695270668744
2019-11-07,8239.900390625,5123.25,16194.650390625,32535.900390625,15624.400390625,1839.199951171875,2659.050048828125,7966.0,276.45001220703125,30632.794921875,1.2511269695170488
2019-11-08,8169.64990234375,5068.5498046875,15911.0,31947.5,15383.2998046875,1825.8499755859375,2612.949951171875,7787.39990234375,281.04998779296875,30749.04296875,1.2390142032045897
2019-11-11,8159.0,5039.2001953125,15934.650390625,31802.55078125,15308.5498046875,1878.9000244140625,2610.10009765625,7784.89990234375,283.3999938964844,31115.189453125,1.2430916014651316
2019-11-13,8150.2001953125,5026.5,15962.650390625,31582.44921875,15240.9501953125,1793.8499755859375,2556.64990234375,7660.4501953125,278.29998779296875,30541.1953125,1.2267633898955106
2019-11-14,8190.89990234375,5013.0498046875,15905.0,31439.44921875,15388.75,1791.949951171875,2506.60009765625,7591.4501953125,277.6499938964844,30749.591796875,1.22415296459548
2019-11-15,8153.89990234375,5017.0498046875,15856.650390625,31289.69921875,15310.650390625,1801.0,2498.800048828125,7720.60009765625,276.95001220703125,31008.0390625,1.2251613624950268
2019-11-18,8119.0,5002.2001953125,15883.2001953125,31165.25,15295.25,1815.699951171875,2539.64990234375,7816.5498046875,277.8999938964844,30991.740234375,1.2287502732430189
2019-11-19,8063.9501953125,4998.39990234375,16114.4501953125,30972.94921875,15304.849609375,1804.8499755859375,2517.949951171875,7851.4501953125,278.04998779296875,31235.88671875,1.2287304826101502
2019-11-20,8083.7998046875,5015.5498046875,16337.400390625,31089.349609375,15318.5,1863.199951171875,2524.89990234375,8107.60009765625,273.95001220703125,31353.484375,1.2386969190972443
2019-11-21,8004.64990234375,4984.60009765625,16085.4501953125,30893.55078125,15293.9501953125,1939.1500244140625,2470.449951171875,8068.9501953125,275.45001220703125,31349.583984375,1.236281188908963
2019-11-22,8034.9501953125,4959.25,16221.400390625,30809.55078125,14995.900390625,1978.550048828125,2521.14990234375,8067.2001953125,275.8500061035156,31111.23828125,1.2386817360917277
2019-11-25,8174.75,5044.25,16274.0498046875,31085.599609375,15100.599609375,1960.449951171875,2602.0,8211.5498046875,280.70001220703125,31555.533203125,1.2543390316254768
2019-11-26,8099.89990234375,4992.7001953125,16176.0498046875,31055.349609375,14922.150390625,1889.3499755859375,2580.550048828125,8177.85009765625,278.1000061035156,31717.98046875,1.2429348997083551
2019-11-27,8202.849609375,5030.25,16271.849609375,31221.94921875,15022.150390625,1881.9000244140625,2602.85009765625,8246.099609375,276.29998779296875,31875.578125,1.2491196920313732
2019-11-28,8179.75,5031.75,16367.0498046875,31263.400390625,15121.7998046875,1881.199951171875,2656.85009765625,8273.650390625,279.29998779296875,32122.576171875,1.2558169745118555
2019-11-29,8086.0,4994.7998046875,16232.150390625,30975.5,14998.0498046875,1834.9000244140625,2625.5,8189.9501953125,282.04998779296875,31945.728515625,1.244938252096938
2019-12-02,8012.75,5003.10009765625,16258.5,30889.5,14852.0,1826.3499755859375,2632.64990234375,8128.9501953125,281.04998779296875,31871.078125,1.2407608706215565
2019-12-03,7964.25,4972.75,16111.650390625,30677.5,14920.75,1783.300048828125,2564.199951171875,8044.85009765625,284.79998779296875,31612.982421875,1.2310756818174844
2019-12-04,7996.5498046875,4979.2998046875,16031.5,30705.55078125,15175.150390625,1797.5999755859375,2604.0,8121.5,285.3500061035156,31978.9296875,1.2390700025431638
2019-12-05,7941.7998046875,4965.60009765625,15930.099609375,30795.099609375,15367.5,1850.6500244140625,2543.949951171875,8051.85009765625,285.8500061035156,31712.580078125,1.237950726590418
2019-12-06,7806.60009765625,4909.60009765625,15811.75,30536.44921875,15289.599609375,1787.4000244140625,2535.85009765625,7957.5498046875,283.3999938964844,31341.185546875,1.2232743294856925
2019-12-09,7863.2998046875,4908.0498046875,15950.5,30375.0,15157.150390625,1775.800048828125,2551.699951171875,7960.35009765625,280.45001220703125,31316.287109375,1.2221343935940163
2019-12-10,7801.35009765625,4867.2998046875,15682.650390625,30059.0,14946.5498046875,1741.3499755859375,2515.89990234375,7940.5,277.8999938964844,31159.98828125,1.2090235608858686
2019-12-11,7838.39990234375,4878.4501953125,15834.099609375,30102.44921875,15130.2998046875,1752.6500244140625,2509.550048828125,7967.85009765625,280.5,31256.38671875,1.215104432479855
2019-12-12,7941.7001953125,4897.89990234375,15949.9501953125,30227.94921875,14972.650390625,1758.0999755859375,2568.800048828125,8045.35009765625,282.8999938964844,31665.08203125,1.2243768254970961
2019-12-13,8069.7001953125,4911.75,16068.0498046875,30426.25,15200.5498046875,1765.699951171875,2626.75,8045.0498046875,287.6499938964844,32013.876953125,1.2369610938383593
2019-12-16,7990.7998046875,4861.14990234375,15974.2001953125,30043.099609375,15348.75,1755.0,2591.10009765625,8025.85009765625,289.3500061035156,31973.828125,1.2312559408755532
2019-12-17,8039.89990234375,4893.9501953125,15975.5498046875,30182.05078125,15637.150390625,1772.0999755859375,2665.75,7999.60009765625,288.6000061035156,32139.876953125,1.2404011757432092
2019-12-18,8082.35009765625,4919.75,15956.849609375,30291.05078125,15710.650390625,1766.0,2687.64990234375,8091.10009765625,290.54998779296875,32243.875,1.2458461083356238
2019-12-19,8165.5,4950.2998046875,16112.900390625,30386.099609375,15812.9501953125,1766.449951171875,2691.10009765625,8073.0498046875,290.3999938964844,32241.07421875,1.250160582800239
2019-12-20,8133.5498046875,4966.4501953125,16081.150390625,30356.349609375,15844.5498046875,1787.800048828125,2707.5,8049.4501953125,291.95001220703125,32384.572265625,1.2530914722363238
2019-12-23,8180.5,4973.2998046875,15971.599609375,30217.94921875,15865.5,1803.199951171875,2706.35009765625,8051.5,290.70001220703125,32339.07421875,1.2530738787092428
2019-12-24,8152.60009765625,4972.7001953125,15861.2998046875,30197.55078125,15778.2001953125,1797.300048828125,2723.14990234375,8073.7998046875,291.95001220703125,32280.375,1.252018226777153
2019-12-26,8129.64990234375,4948.5498046875,15705.2998046875,30063.55078125,15706.4501953125,1797.8499755859375,2739.0,7997.60009765625,291.3999938964844,31997.328125,1.2469531181697098
2019-12-27,8205.900390625,4978.0498046875,15944.9501953125,30145.44921875,15780.7001953125,1815.550048828125,2760.35009765625,8068.0498046875,296.1000061035156,32411.97265625,1.2586231065658184
2019-12-30,8325.400390625,4997.7001953125,15962.150390625,30225.349609375,15775.0,1830.300048828125,2796.5,8083.10009765625,296.45001220703125,32354.5234375,1.2642080576382186
2019-12-31,8248.2998046875,4956.60009765625,15908.2001953125,30121.5,15652.400390625,1803.5999755859375,2801.300048828125,8040.14990234375,298.54998779296875,32161.27734375,1.2579949616055262
2020-01-01,8210.099609375,4953.35009765625,15987.7998046875,30121.5,15652.400390625,1794.199951171875,2796.050048828125,8047.10009765625,297.8500061035156,32161.27734375,1.2568817116643363
2020-01-02,8267.4501953125,4959.7001953125,16128.5,30266.19921875,15709.650390625,1800.6500244140625,2869.89990234375,8053.9501953125,301.0,32443.47265625,1.2664010610661351
2020-01-03,8168.14990234375,4921.14990234375,16054.7998046875,30109.25,15936.599609375,1760.5,2848.35009765625,8111.9501953125,299.6499938964844,32068.876953125,1.2595968697741575
2020-01-06,7978.75,4846.2001953125,15737.0498046875,29799.30078125,15879.7998046875,1717.3499755859375,2765.75,7987.35009765625,292.3999938964844,31236.787109375,1.2355286336105022
2020-01-07,8002.5,4859.5498046875,15793.75,29861.80078125,15895.2001953125,1735.1500244140625,2785.89990234375,8036.5,298.04998779296875,31399.03515625,1.2430310394626307
2020-01-08,7942.75,4864.7001953125,15664.9501953125,29893.19921875,15953.4501953125,1726.5999755859375,2767.25,7996.14990234375,297.04998779296875,31373.28515625,1.2392194556808582
2020-01-09,8155.25,4936.5,15900.349609375,30123.599609375,15925.150390625,1767.949951171875,2806.800048828125,8033.14990234375,305.1499938964844,32092.02734375,1.25849176288639
2020-01-10,8225.5,4961.60009765625,15940.150390625,30370.44921875,15959.900390625,1770.6500244140625,2840.75,8058.5,310.6499938964844,32097.02734375,1.2662361070925268
2020-01-13,8235.849609375,5008.5498046875,16043.349609375,30713.44921875,16225.900390625,1784.800048828125,2874.10009765625,8078.4501953125,317.1499938964844,32177.27734375,1.2777318537426021
2020-01-14,8289.2998046875,5053.39990234375,16053.25,31145.400390625,16362.349609375,1822.199951171875,2900.64990234375,8117.0,316.75,32071.27734375,1.2865410170046894
2020-01-15,8385.349609375,5093.39990234375,16019.0,31237.099609375,16346.849609375,1837.0,2921.449951171875,8166.2001953125,320.8999938964844,31824.53125,1.292475633973477
2020-01-16,8395.900390625,5118.2001953125,15974.400390625,31338.19921875,16381.650390625,1863.5,2884.800048828125,8203.099609375,323.79998779296875,31853.529296875,1.2957140592014793
2020-01-17,8427.599609375,5161.2998046875,16077.650390625,31371.44921875,16356.599609375,1870.0999755859375,2864.64990234375,8345.2998046875,324.1499938964844,31590.283203125,1.2989403947736575
2020-01-20,8352.7001953125,5150.85009765625,15854.849609375,31426.75,16207.150390625,1835.699951171875,2835.85009765625,8269.349609375,325.79998779296875,31080.2890625,1.288451840107495
2020-01-21,8245.900390625,5107.64990234375,15776.9501953125,31145.94921875,16175.2001953125,1876.5,2799.949951171875,8274.2001953125,321.1499938964844,30947.19140625,1.282602930302099
2020-01-22,8169.14990234375,5100.10009765625,15534.599609375,31153.150390625,16334.5498046875,1909.0,2756.75,8256.650390625,320.8500061035156,30701.091796875,1.2793732143521912
2020-01-23,8241.75,5130.35009765625,15704.849609375,31226.900390625,16474.400390625,1871.8499755859375,2769.25,8300.2001953125,327.6499938964844,31003.689453125,1.2868070174083142
2020-01-24,8274.849609375,5168.14990234375,15674.650390625,31474.900390625,16472.75,1889.9000244140625,2796.199951171875,8294.0498046875,328.6499938964844,31241.38671875,1.2928106510696877
2020-01-27,8258.150390625,5139.89990234375,15489.25,31149.69921875,16393.55078125,1882.449951171875,2709.75,8416.349609375,326.79998779296875,30837.041015625,1.2833553581668786
2020-01-28,8156.0498046875,5082.60009765625,15363.349609375,31027.05078125,16429.75,1861.0,2642.25,8420.25,326.95001220703125,30761.04296875,1.2742158279307705
2020-01-29,8220.400390625,5120.5,15451.900390625,31426.25,16479.30078125,1868.050048828125,2665.85009765625,8412.7998046875,328.5,30876.640625,1.281520470967063
2020-01-30,8181.4501953125,5072.60009765625,15244.7998046875,30936.44921875,16327.900390625,1845.0,2628.89990234375,8237.0498046875,327.1499938964844,30647.044921875,1.2673078091568821
2020-01-31,8086.5498046875,5062.25,14838.7998046875,30775.30078125,16144.150390625,1835.300048828125,2569.0,8138.60009765625,331.04998779296875,30833.2421875,1.2573299614034599
2020-02-03,7988.35009765625,5067.85009765625,14499.75,30435.30078125,16059.900390625,1779.199951171875,2510.949951171875,7967.5498046875,310.0,30022.900390625,1.2303979054431395
2020-02-04,8100.7998046875,5139.7001953125,14953.7998046875,30744.0,16350.849609375,1782.199951171875,2594.25,8122.39990234375,318.6000061035156,30686.341796875,1.2540170822363803
2020-02-05,8131.7001953125,5155.5,15099.150390625,30934.400390625,16448.55078125,1764.699951171875,2665.39990234375,8125.60009765625,326.3999938964844,31001.58984375,1.2642414472968933
2020-02-06,8142.14990234375,5158.7001953125,15228.7998046875,30736.599609375,16371.150390625,1792.3499755859375,2688.75,8227.900390625,326.25,31303.6875,1.270018561909818
2020-02-07,8064.60009765625,5160.7001953125,15189.9501953125,30809.5,16470.150390625,1827.25,2710.800048828125,8341.849609375,320.29998779296875,31201.5859375,1.2721462940650345
2020-02-10,7860.5498046875,5108.7001953125,15025.5,30528.44921875,16431.94921875,1798.0999755859375,2628.89990234375,8261.25,317.1000061035156,31057.7890625,1.2558535620778077
2020-02-11,7892.39990234375,5106.39990234375,15233.4501953125,30414.55078125,16452.30078125,1827.449951171875,2651.75,8324.650390625,317.79998779296875,31300.236328125,1.2630938021543539
2020-02-12,7933.7998046875,5166.9501953125,15234.2001953125,30986.25,16538.099609375,1824.199951171875,2668.25,8265.0498046875,315.20001220703125,31492.53515625,1.267692886043075
2020-02-13,7914.89990234375,5172.5,15191.25,31039.30078125,16673.05078125,1834.8499755859375,2651.60009765625,8335.7001953125,313.79998779296875,31229.88671875,1.267833499557413
2020-02-14,7822.2001953125,5149.7001953125,15048.650390625,30646.75,16642.75,1832.5,2613.60009765625,8331.7001953125,310.29998779296875,30834.443359375,1.257706215544118
2020-02-17,7770.5,5132.2998046875,14816.4501953125,30481.05078125,16647.69921875,1812.25,2586.699951171875,8204.849609375,305.70001220703125,30680.341796875,1.2467745393300917
2020-02-18,7692.2998046875,5101.5498046875,14789.849609375,30360.599609375,16748.75,1845.9000244140625,2556.050048828125,8198.2998046875,302.8500061035156,30562.14453125,1.243908590008917
2020-02-19,7687.35009765625,5156.64990234375,15057.2001953125,30835.0,16772.5,1882.0,2591.050048828125,8378.650390625,306.20001220703125,30837.83984375,1.2589111424295611
2020-02-20,7697.89990234375,5138.7001953125,14987.650390625,30636.25,16649.400390625,1871.699951171875,2612.25,8364.349609375,306.25,30942.490234375,1.2569027436800129
2020-02-24,7429.10009765625,5032.35009765625,14627.4501953125,30147.599609375,16461.80078125,1829.5999755859375,2469.60009765625,8115.5498046875,299.75,30454.74609375,1.2253923168589174
2020-02-25,7366.0,5022.5,14455.849609375,30173.19921875,16562.5,1817.25,2470.35009765625,7938.4501953125,302.54998779296875,30432.345703125,1.2211182429776906
2020-02-26,7207.9501953125,4984.75,14189.7001953125,29965.55078125,16332.25,1803.9000244140625,2430.0,7839.2001953125,297.5,30306.498046875,1.2058326516821591
2020-02-27,7178.85009765625,4979.64990234375,14069.0498046875,29981.19921875,16123.7998046875,1760.550048828125,2410.050048828125,7885.14990234375,290.29998779296875,30186.6484375,1.1961450150978257
2020-02-28,6903.9501953125,4867.2001953125,13651.0,29310.25,15212.9501953125,1670.699951171875,2246.050048828125,7576.75,280.54998779296875,29146.8125,1.148815116879594
2020-03-02,6856.89990234375,4826.75,13419.0498046875,29138.900390625,15427.650390625,1594.699951171875,2197.60009765625,7535.10009765625,279.6499938964844,28868.064453125,1.1362723551006655
2020-03-03,6986.64990234375,4877.9501953125,13863.7001953125,29406.19921875,15723.2001953125,1647.6500244140625,2320.75,7920.60009765625,284.1499938964844,29176.7109375,1.1656088833064113
2020-03-04,6938.85009765625,4871.64990234375,13876.650390625,29223.75,15864.2998046875,1617.6500244140625,2304.300048828125,8086.5498046875,281.04998779296875,28653.365234375,1.1612237816783386
2020-03-05,6953.75,4911.25,13743.650390625,29530.5,15871.349609375,1606.300048828125,2284.85009765625,8146.0,277.8500061035156,28815.015625,1.1609663374341157
2020-03-06,6895.0,4841.89990234375,13342.599609375,28937.0,15663.5,1527.1500244140625,2183.89990234375,8018.2998046875,269.75,27801.126953125,1.1309651023722465
2020-03-09,6632.14990234375,4679.35009765625,12480.2998046875,28056.5,14854.900390625,1425.5999755859375,2020.050048828125,7756.4501953125,260.0,26462.29296875,1.0770346259950097
2020-03-11,6568.4501953125,4675.10009765625,12398.7001953125,28078.75,14681.400390625,1454.300048828125,1986.949951171875,7623.0498046875,255.25,26487.4921875,1.0707116503192322
2020-03-12,6033.39990234375,4368.14990234375,11204.900390625,26083.0,13384.849609375,1304.1500244140625,1800.5999755859375,6942.5498046875,230.3000030517578,23970.87109375,0.976291173716646
2020-03-13,6182.0,4412.10009765625,11721.25,26208.0,13539.099609375,1282.3499755859375,1903.3499755859375,7268.0,235.85000610351562,25166.15625,1.0015067534895907
2020-03-16,5843.7001953125,4159.7001953125,11017.4501953125,24707.650390625,12451.349609375,1226.050048828125,1730.5999755859375,6959.35009765625,216.14999389648438,23100.8828125,0.9361796180549706
2020-03-17,5803.85009765625,4157.25,10960.2998046875,24929.849609375,12099.25,1153.1500244140625,1710.449951171875,6979.10009765625,211.0,22154.892578125,0.920739989552793
2020-03-18,5516.5,3974.39990234375,10466.900390625,24186.5,11753.0,1141.0,1664.199951171875,6705.75,197.75,20579.9609375,0.8832131789446911
2020-03-19,5180.5,3886.60009765625,10042.9501953125,23970.75,11340.0,1086.9000244140625,1574.199951171875,6655.5,191.1999969482422,20083.265625,0.853730699552841
2020-03-20,5370.14990234375,4112.2998046875,10910.099609375,25931.599609375,12363.4501953125,1128.949951171875,1692.8499755859375,6951.89990234375,196.39999389648438,20317.36328125,0.9007306241435867
2020-03-23,4626.5,3645.39990234375,9850.5,23184.05078125,11179.599609375,1015.4000244140625,1496.449951171875,6432.2998046875,174.10000610351562,16917.453125,0.7995724390047954
2020-03-24,4693.35009765625,3707.60009765625,10024.0,23935.30078125,11865.0498046875,1031.699951171875,1502.4000244140625,6611.0498046875,170.64999389648438,17107.1015625,0.8141289693439342
2020-03-25,4936.14990234375,3849.949951171875,10558.5,24471.69921875,12233.349609375,1055.449951171875,1541.199951171875,6695.5498046875,175.10000610351562,18480.8359375,0.8438370175533714
2020-03-26,5061.2998046875,4028.0,10640.7001953125,25680.099609375,12535.599609375,1067.5,1542.949951171875,6775.0,185.8000030517578,19613.671875,0.8691772116115389
2020-03-27,4938.7001953125,3986.800048828125,10626.2998046875,25740.44921875,12569.099609375,1055.4000244140625,1554.8499755859375,6813.0498046875,185.0500030517578,19968.767578125,0.8678977413886053
2020-03-30,4669.14990234375,3924.050048828125,10401.099609375,25831.55078125,12318.7998046875,1021.8499755859375,1507.699951171875,6896.0,171.60000610351562,18782.181640625,0.8427348354595227
2020-03-31,4731.2998046875,4076.0,11124.150390625,27319.19921875,12763.650390625,1039.949951171875,1585.9000244140625,7176.5,175.5,19143.77734375,0.8737042677681262
2020-04-01,4657.5498046875,3956.39990234375,10771.900390625,26358.80078125,12045.849609375,1001.25,1553.550048828125,7026.7001953125,172.10000610351562,18208.138671875,0.8462069548517269
2020-04-03,4517.75,3920.14990234375,10888.400390625,26537.75,11680.0498046875,987.2000122070312,1522.9000244140625,7361.60009765625,172.0500030517578,17249.099609375,0.8385062077365546
2020-04-07,4951.5498046875,4262.85009765625,11667.75,28745.30078125,12588.9501953125,1045.5,1637.0,8124.85009765625,183.0,19062.279296875,0.9074682754750034
2020-04-08,5043.60009765625,4286.4501953125,11685.150390625,28839.900390625,12491.5498046875,1064.25,1624.8499755859375,8412.2001953125,180.5,18946.228515625,0.9117607130788183
2020-04-09,5568.4501953125,4459.9501953125,11987.0,28953.19921875,12728.5498046875,1105.449951171875,1705.449951171875,8800.4501953125,185.75,19913.3671875,0.9489491575796987
2020-04-13,5432.10009765625,4405.85009765625,11830.650390625,28509.849609375,12603.099609375,1068.550048828125,1738.4000244140625,9044.349609375,176.6999969482422,19487.7734375,0.9364925984982361
2020-04-15,5333.0,4465.9501953125,11721.900390625,29686.94921875,12702.599609375,1078.5999755859375,1752.9000244140625,9038.7998046875,179.9499969482422,19056.830078125,0.9410626353055289
2020-04-16,5394.14990234375,4455.5498046875,11978.75,29512.30078125,12463.599609375,1106.949951171875,1779.75,9199.2998046875,181.3000030517578,19399.775390625,0.9496458542562021
2020-04-17,5668.89990234375,4471.75,12281.150390625,29202.349609375,12649.25,1144.4000244140625,1816.5,9157.75,187.8000030517578,20681.208984375,0.9720649797609685
2020-04-20,5591.0,4398.7998046875,12402.0498046875,28598.099609375,12847.650390625,1137.949951171875,1756.449951171875,9149.2001953125,188.89999389648438,20522.412109375,0.9655845185433706
2020-04-21,5294.0498046875,4346.0498046875,12090.5498046875,28480.599609375,12408.849609375,1079.199951171875,1666.5999755859375,9381.650390625,185.4499969482422,19409.123046875,0.9387054992768132
2020-04-22,5426.85009765625,4451.35009765625,12485.7998046875,29185.150390625,12571.2998046875,1151.0,1673.300048828125,9377.0,184.0500030517578,19701.62109375,0.9572365121032649
2020-04-23,5464.75,4424.89990234375,12438.7001953125,28786.25,13128.2001953125,1163.800048828125,1694.75,9388.900390625,185.4499969482422,20267.712890625,0.9657989546665031
2020-04-24,5377.25,4397.89990234375,12500.7998046875,28636.69921875,12816.2001953125,1121.699951171875,1645.199951171875,9518.4501953125,177.6999969482422,19586.421875,0.9490809114072758
2020-04-27,5433.2001953125,4450.64990234375,12581.9501953125,29052.55078125,13121.150390625,1129.0999755859375,1666.5999755859375,9602.0498046875,180.10000610351562,20080.916015625,0.9618315342696169
2020-04-28,5447.10009765625,4417.2001953125,12547.7001953125,28778.150390625,13133.650390625,1134.9000244140625,1661.6500244140625,9386.2001953125,181.5,20670.859375,0.9618957042343903
2020-04-29,5543.75,4422.0,12611.5498046875,28665.0,13424.9501953125,1165.949951171875,1723.800048828125,9385.4501953125,183.14999389648438,21089.953125,0.9749980443829919
2020-04-30,5901.39990234375,4509.0498046875,13154.7001953125,28669.30078125,14108.400390625,1159.75,1859.9000244140625,9327.099609375,187.3000030517578,21534.25,1.0032214126864798
2020-05-04,5476.2001953125,4332.0498046875,12726.650390625,27599.0,13454.25,1108.550048828125,1713.800048828125,9364.599609375,174.3000030517578,19743.521484375,0.9531819884459855
2020-05-05,5451.89990234375,4272.25,12897.900390625,27138.599609375,13388.0498046875,1097.25,1693.6500244140625,9181.5,169.3000030517578,19271.525390625,0.9416977130214024
2020-05-06,5552.39990234375,4263.10009765625,12912.400390625,26630.19921875,13394.7001953125,1097.5,1697.949951171875,9227.150390625,171.0,19694.322265625,0.9453607921044698
2020-05-07,5519.0,4191.85009765625,12829.400390625,26254.55078125,13292.7001953125,1097.9000244140625,1695.550048828125,9148.099609375,170.64999389648438,19491.57421875,0.9384752321147104
2020-05-08,5447.75,4216.5,12896.7001953125,26759.80078125,13403.599609375,1105.0999755859375,1676.550048828125,9343.349609375,169.5500030517578,19352.67578125,0.9411899399265724
2020-05-11,5679.7001953125,4263.2001953125,12920.150390625,26667.80078125,13593.5498046875,1134.949951171875,1697.9000244140625,9307.2998046875,171.10000610351562,18950.279296875,0.949702157980192
2020-05-12,5708.9501953125,4295.5,12664.400390625,26857.150390625,13687.75,1154.25,1717.550048828125,9246.650390625,172.4499969482422,18862.630859375,0.9527686185138665
2020-05-13,5844.60009765625,4324.0,12911.4501953125,26746.5,13776.9501953125,1171.0999755859375,1760.5999755859375,9147.75,178.39999389648438,19634.720703125,0.9676987056385604
2020-05-14,5804.0498046875,4310.25,12485.9501953125,26933.650390625,13293.75,1158.4000244140625,1715.050048828125,9172.2001953125,175.1999969482422,19068.279296875,0.9529917377632962
2020-05-15,5745.7001953125,4318.89990234375,12615.4501953125,26958.650390625,13196.349609375,1137.3499755859375,1742.5999755859375,9093.0,172.5,18833.73046875,0.9489388922281399
2020-05-18,5430.0498046875,4200.7001953125,12214.5498046875,26694.650390625,13314.400390625,1060.3499755859375,1673.5,9092.650390625,163.3000030517578,17572.994140625,0.9164285193072292
2020-05-19,5486.14990234375,4286.60009765625,12247.7001953125,26895.75,13446.599609375,1081.550048828125,1693.550048828125,9084.599609375,162.14999389648438,17486.046875,0.9228486156052604
2020-05-20,5603.7998046875,4349.0498046875,12508.5,27290.349609375,13517.400390625,1107.6500244140625,1711.5,9456.7998046875,165.75,17839.9921875,0.9408800439758255
2020-05-21,5749.89990234375,4434.9501953125,12502.599609375,27887.099609375,13647.900390625,1127.1500244140625,1742.9000244140625,9520.5498046875,165.5,17734.892578125,0.9514334571574299
2020-05-22,5767.0,4440.75,12463.5498046875,27786.099609375,13842.650390625,1140.1500244140625,1710.449951171875,9600.650390625,163.5500030517578,17278.69921875,0.9491147544742715
2020-05-26,5854.2998046875,4439.5,12519.5498046875,28122.30078125,13574.9501953125,1137.6500244140625,1756.3499755859375,9483.5,165.5,17440.146484375,0.9534633079373604
2020-05-27,5896.9501953125,4452.60009765625,12715.9501953125,28222.400390625,13952.900390625,1137.1500244140625,1801.25,9463.7001953125,168.39999389648438,18710.333984375,0.9697404259842566
2020-05-28,6112.2998046875,4531.75,12845.0,28451.599609375,14028.599609375,1178.3499755859375,1844.5,9464.5,172.6999969482422,19169.578125,0.9880099480486609
2020-05-29,6218.7998046875,4611.0498046875,13060.5,29296.94921875,14010.5,1177.8499755859375,1879.8499755859375,9768.599609375,180.10000610351562,19297.025390625,1.0058425246954243
2020-06-01,6419.5,4704.2998046875,13345.599609375,29571.30078125,14307.099609375,1219.3499755859375,1952.5,9802.099609375,185.60000610351562,19959.66796875,1.0306915847127622
2020-06-02,6471.2998046875,4715.75,13479.900390625,29359.849609375,14422.400390625,1259.4000244140625,1956.0999755859375,9833.599609375,194.75,20529.9609375,1.0448377692145066
2020-06-03,6498.64990234375,4726.14990234375,13519.5498046875,29527.0,14361.7001953125,1267.25,1952.699951171875,9864.0498046875,200.85000610351562,20940.455078125,1.0521271973530075
2020-06-04,6511.35009765625,4743.35009765625,13704.599609375,29621.55078125,14627.4501953125,1319.449951171875,1972.9000244140625,10077.849609375,197.35000610351562,20390.212890625,1.059544260394827
2020-06-05,6628.75,4774.7998046875,13925.400390625,29542.0,14627.4501953125,1388.9000244140625,2049.699951171875,10081.2998046875,202.0,21034.255859375,1.079160624926452
2020-06-08,6610.5498046875,4753.7001953125,14140.5498046875,29502.150390625,14894.599609375,1365.800048828125,2044.8499755859375,9939.099609375,202.64999389648438,21187.103515625,1.0794391795622091
2020-06-09,6577.7001953125,4721.39990234375,13894.900390625,29524.900390625,14737.849609375,1320.8499755859375,2022.5,10122.0498046875,202.64999389648438,20724.66015625,1.070139873839147
2020-06-10,6502.64990234375,4698.89990234375,13954.2998046875,29503.19921875,14842.0498046875,1316.4000244140625,2010.800048828125,10149.25,206.60000610351562,21099.853515625,1.0728755395942802
2020-06-11,6373.60009765625,4619.35009765625,13745.7001953125,29092.44921875,14619.4501953125,1298.800048828125,1954.8499755859375,9933.400390625,202.3000030517578,20524.912109375,1.0523655980451923
2020-06-12,6559.39990234375,4674.35009765625,13855.75,29145.599609375,14402.75,1287.550048828125,1966.0999755859375,9982.7998046875,204.64999389648438,20654.310546875,1.0582646553298383
2020-06-15,6443.0,4605.25,13815.4501953125,28701.80078125,14396.7001953125,1298.800048828125,1928.550048828125,9989.0498046875,198.5,19912.66796875,1.0448482271392199
2020-06-16,6451.0498046875,4601.2001953125,13780.5498046875,28575.349609375,14450.7998046875,1314.949951171875,1955.9000244140625,9926.400390625,196.85000610351562,20296.462890625,1.0478262322477252
2020-06-17,6503.5,4605.85009765625,13742.9501953125,28431.75,14478.4501953125,1337.449951171875,1940.449951171875,9977.2001953125,198.35000610351562,20201.515625,1.0499818290607088
2020-06-18,6535.89990234375,4628.25,14023.4501953125,28648.69921875,14551.25,1360.6500244140625,1998.6500244140625,9975.2998046875,200.14999389648438,20956.056640625,1.064312930468802
2020-06-19,6634.5,4667.64990234375,14535.25,28709.44921875,14499.7998046875,1387.550048828125,1997.550048828125,10002.150390625,212.9499969482422,21337.8515625,1.0816358768949925
2020-06-22,6729.10009765625,4718.2998046875,14675.599609375,28865.44921875,14463.7001953125,1417.050048828125,2049.800048828125,10218.349609375,215.0500030517578,21708.09765625,1.0961250270991507
2020-06-23,6789.2001953125,4774.4501953125,14837.5498046875,29355.19921875,14680.400390625,1449.199951171875,2085.800048828125,10360.7998046875,221.25,22264.642578125,1.1150305140106065
2020-06-24,6742.7998046875,4764.0498046875,14603.650390625,29487.400390625,14581.4501953125,1406.6500244140625,2042.3499755859375,10110.5,215.39999389648438,21426.55078125,1.0965826384910191
2020-06-25,6737.85009765625,4797.60009765625,14505.2001953125,30113.25,14411.2001953125,1401.0999755859375,2030.800048828125,10193.150390625,213.1999969482422,21505.900390625,1.0967119315343137
2020-06-26,6731.4501953125,4770.14990234375,14832.650390625,29757.05078125,14994.650390625,1402.0999755859375,2043.3499755859375,10137.849609375,211.1999969482422,21591.80078125,1.10116919373399
2020-06-29,6645.85009765625,4776.85009765625,14588.5,29971.650390625,14768.0,1367.0999755859375,1989.5,10135.900390625,203.6999969482422,21358.751953125,1.0864697721900123
2020-06-30,6719.14990234375,4793.5,14396.5498046875,30063.25,14754.2998046875,1343.3499755859375,1991.3499755859375,9985.150390625,202.64999389648438,21369.90234375,1.082942838839943
2020-07-01,6718.60009765625,4793.64990234375,14474.349609375,30232.5,14732.150390625,1367.6500244140625,1997.3499755859375,9882.849609375,201.1999969482422,21977.34375,1.0874488424164908
2020-07-02,6907.10009765625,4847.9501953125,14625.2001953125,30316.19921875,15122.5498046875,1373.1500244140625,2017.0,9943.650390625,201.0500030517578,21952.943359375,1.0980221294394008
2020-07-03,6971.0498046875,4891.25,14771.0498046875,30529.099609375,15285.900390625,1370.449951171875,2008.5,9963.400390625,203.10000610351562,21852.146484375,1.1032265035402844
2020-07-06,7171.75,4941.10009765625,14997.849609375,30647.650390625,15464.9501953125,1376.5999755859375,2058.14990234375,9901.25,209.1999969482422,22198.69140625,1.1185388264495446
2020-07-07,7199.5498046875,4940.2001953125,14696.7001953125,30518.19921875,15784.9501953125,1390.0,2022.5999755859375,9878.0,207.75,22627.736328125,1.1188287844889968
2020-07-08,7059.35009765625,4897.39990234375,14554.349609375,30773.900390625,15513.650390625,1368.25,2054.300048828125,9948.5,203.6999969482422,22584.388671875,1.1120174303280725
2020-07-09,7085.60009765625,4906.60009765625,14620.849609375,30671.75,15535.9501953125,1374.550048828125,2094.300048828125,9987.5498046875,204.75,22906.93359375,1.1182137707225739
2020-07-10,7041.10009765625,4902.85009765625,14698.5,30821.150390625,15565.2001953125,1367.8499755859375,2078.199951171875,10072.25,206.10000610351562,22398.189453125,1.1165725541566776
2020-07-13,7084.4501953125,4942.0,14835.099609375,31214.900390625,15819.2001953125,1376.449951171875,2105.14990234375,10106.599609375,202.8000030517578,22088.994140625,1.1216393817261903
2020-07-14,6916.0,4885.2001953125,14581.900390625,30932.849609375,15640.5498046875,1366.550048828125,2052.449951171875,10155.0498046875,199.6999969482422,21391.951171875,1.1051578162248616
2020-07-15,6931.0498046875,4878.60009765625,14302.9501953125,31140.44921875,16459.849609375,1343.449951171875,2055.75,10210.75,195.60000610351562,21340.501953125,1.1060466465470595
2020-07-16,7015.89990234375,4897.60009765625,14339.900390625,31182.349609375,16926.05078125,1321.3499755859375,2070.64990234375,10382.2998046875,195.60000610351562,21596.8984375,1.1135680124850145
2020-07-17,7137.2998046875,4949.85009765625,14942.25,31439.30078125,16821.349609375,1336.5999755859375,2103.0,10472.150390625,196.39999389648438,21966.544921875,1.127939263188709
2020-07-20,7175.85009765625,4985.5,14936.0,31536.349609375,17258.30078125,1343.9000244140625,2106.0,10304.599609375,197.25,22321.58984375,1.1338753243329902
2020-07-21,7295.75,4968.85009765625,15457.349609375,31280.25,17273.19921875,1360.300048828125,2118.60009765625,10153.7998046875,201.10000610351562,22781.734375,1.1434794719084185
2020-07-22,7203.9501953125,4950.7998046875,15565.400390625,31051.599609375,17076.05078125,1367.300048828125,2113.949951171875,10175.2001953125,199.0500030517578,22882.333984375,1.1402013592819802
2020-07-23,7301.0498046875,4987.5,15803.25,31101.900390625,17045.19921875,1371.449951171875,2131.39990234375,10322.150390625,201.85000610351562,23083.6328125,1.1498453226439866
2020-07-24,7218.64990234375,4943.39990234375,15895.849609375,31018.849609375,17286.0,1348.9000244140625,2087.5,10237.9501953125,198.39999389648438,22661.787109375,1.1402585189165082
2020-07-27,7186.4501953125,4933.5,15903.0498046875,30819.75,17626.75,1331.949951171875,2094.39990234375,10062.0498046875,195.10000610351562,21848.49609375,1.13208521070169
2020-07-28,7416.89990234375,4984.5498046875,16001.9501953125,30910.900390625,18042.75,1329.25,2141.300048828125,10128.0498046875,198.25,22104.94140625,1.1468023343590386
2020-07-29,7330.25,4961.9501953125,15737.5498046875,30948.5,17880.5,1326.550048828125,2160.75,10441.150390625,198.3000030517578,22076.34375,1.14639050734545
2020-07-30,7287.85009765625,4935.85009765625,15439.0,30696.400390625,18003.55078125,1296.3499755859375,2135.14990234375,10766.0498046875,198.14999389648438,21646.59765625,1.1400855829196204
2020-07-31,7279.75,4945.5498046875,15309.150390625,30872.44921875,18071.849609375,1285.0999755859375,2147.300048828125,11148.900390625,201.0,21639.798828125,1.1456280213923156
2020-08-03,7240.25,4913.25,15055.5498046875,30759.80078125,17965.80078125,1271.949951171875,2156.14990234375,11128.400390625,198.5500030517578,21071.85546875,1.1359561939727583
2020-08-04,7353.9501953125,4967.2001953125,15408.150390625,30901.650390625,17808.0,1320.300048828125,2177.35009765625,11316.9501953125,202.25,21490.25,1.1529059535771171
2020-08-05,7489.10009765625,4999.7998046875,15328.2998046875,30863.599609375,17869.80078125,1335.3499755859375,2263.800048828125,11263.75,202.39999389648438,21509.69921875,1.1609816349913034
2020-08-06,7498.25,5025.10009765625,15408.150390625,31287.599609375,18188.75,1336.699951171875,2294.75,11403.650390625,204.60000610351562,21642.34765625,1.1711074071725285
2020-08-07,7554.4501953125,5057.9501953125,15498.0498046875,31490.599609375,18004.150390625,1336.0,2314.35009765625,11333.0,203.9499969482422,21753.748046875,1.173449447281251
2020-08-10,7621.2998046875,5068.75,15515.349609375,31621.75,18159.55078125,1339.75,2332.0,11941.400390625,209.75,21899.99609375,1.1880207568425913
2020-08-11,7630.35009765625,5069.85009765625,15588.25,31767.75,18057.099609375,1366.4000244140625,2370.64990234375,11772.25,208.60000610351562,22226.94140625,1.1923956758471026
2020-08-12,7785.0498046875,5073.14990234375,15549.0,31636.69921875,18066.0,1398.8499755859375,2354.800048828125,11590.25,207.0500030517578,22263.7421875,1.1936599202267804
2020-08-13,7879.75,5093.2001953125,15540.5498046875,31668.150390625,18107.19921875,1418.1500244140625,2380.64990234375,11477.9501953125,208.9499969482422,22196.091796875,1.1984430481374186
2020-08-14,7677.64990234375,5031.10009765625,15394.9501953125,31237.94921875,18022.650390625,1399.8499755859375,2405.800048828125,11640.400390625,207.10000610351562,21679.1484375,1.188161135801904
2020-08-17,7865.5498046875,5095.4501953125,15588.4501953125,31545.150390625,18223.599609375,1440.449951171875,2464.25,11595.349609375,209.14999389648438,21700.59765625,1.2037419008041765
2020-08-18,7941.85009765625,5148.10009765625,15634.349609375,31726.150390625,18270.349609375,1471.5999755859375,2507.5,11581.7001953125,217.60000610351562,22170.341796875,1.2195504301121571
2020-08-19,7941.35009765625,5164.75,15712.0,31586.05078125,18210.849609375,1550.5,2513.14990234375,11537.900390625,220.35000610351562,22285.640625,1.2281348833626518
2020-08-20,7911.60009765625,5146.0,15960.9501953125,31439.900390625,18126.099609375,1598.6500244140625,2538.89990234375,11540.900390625,221.3000030517578,21999.193359375,1.232090167744523
2020-08-21,7934.7001953125,5174.14990234375,16085.349609375,31604.400390625,18065.30078125,1575.9000244140625,2523.60009765625,11614.900390625,224.0500030517578,22299.33984375,1.235821818815551
2020-08-24,7948.39990234375,5187.35009765625,16071.0,31642.0,18010.94921875,1586.4000244140625,2526.10009765625,11572.25,221.8000030517578,22832.734375,1.2382224688806889
2020-08-25,7983.60009765625,5191.5,15980.2001953125,31460.30078125,17973.69921875,1591.6500244140625,2507.5,11500.0,217.0500030517578,23091.8828125,1.2346817903860872
2020-08-26,8100.5,5190.14990234375,16115.0498046875,31408.44921875,18128.0,1632.1500244140625,2527.800048828125,11484.5498046875,218.8000030517578,23413.927734375,1.245048680759349
2020-08-27,8183.0,5198.75,15996.099609375,31314.44921875,18102.650390625,1640.699951171875,2531.050048828125,11588.0498046875,232.8000030517578,23600.076171875,1.255947963198592
2020-08-28,8111.85009765625,5186.2998046875,15970.75,31253.44921875,18122.0,1670.25,2520.35009765625,11622.900390625,233.10000610351562,24523.515625,1.2614307327499283
2020-08-31,7840.35009765625,5050.85009765625,15605.25,30595.150390625,17928.849609375,1572.5,2420.60009765625,11079.7998046875,222.75,23754.07421875,1.2191980887218692
2020-09-01,7885.9501953125,5130.85009765625,15673.0498046875,30988.150390625,17814.05078125,1594.1500244140625,2496.75,11339.5,224.5,23811.72265625,1.2327788734408975
2020-09-02,7976.9501953125,5157.5498046875,15857.25,31084.349609375,18077.0,1648.5999755859375,2541.35009765625,11404.25,225.75,23874.2734375,1.2466211820516184
2020-09-03,8049.5498046875,5203.85009765625,15734.75,31316.849609375,18348.55078125,1648.699951171875,2527.300048828125,11511.849609375,225.3000030517578,23530.576171875,1.2491683239050704
2020-09-04,7996.5498046875,5131.64990234375,15434.7001953125,30828.650390625,18073.94921875,1645.5,2451.35009765625,11281.4501953125,220.0500030517578,23011.232421875,1.2282493996710167
2020-09-07,7957.85009765625,5139.7001953125,15356.4501953125,31003.849609375,18176.80078125,1653.5999755859375,2450.050048828125,11269.849609375,218.0,22944.783203125,1.2275361752164369
2020-09-08,7888.0,5097.35009765625,15336.4501953125,30818.44921875,18395.75,1604.0,2376.85009765625,11093.2001953125,214.25,22744.13671875,1.2135732891069286
2020-09-09,7903.10009765625,5103.35009765625,15365.849609375,30633.599609375,18261.5,1622.8499755859375,2397.199951171875,11304.099609375,211.0500030517578,22266.740234375,1.2129800846239454
2020-09-10,7945.0,5129.0498046875,15978.0498046875,30778.75,18395.849609375,1644.5,2369.800048828125,11303.400390625,212.25,22465.9375,1.2225329274525214
2020-09-11,7956.7998046875,5140.14990234375,15942.2998046875,30972.25,18633.25,1629.949951171875,2384.300048828125,11313.2998046875,214.9499969482422,22479.6875,1.2264552328360312
2020-09-14,8035.35009765625,5118.85009765625,15829.150390625,30760.5,19505.099609375,1658.8499755859375,2387.050048828125,11233.2998046875,222.9499969482422,22100.9921875,1.2351346850422595
2020-09-15,8033.5,5118.10009765625,15898.599609375,30712.19921875,19627.30078125,1651.800048828125,2385.550048828125,11450.5,221.35000610351562,22465.388671875,1.2391456578626339
2020-09-16,8156.2001953125,5145.9501953125,15829.4501953125,30837.55078125,19770.349609375,1625.5,2396.35009765625,11688.5498046875,226.35000610351562,22573.2890625,1.2471408384783536
2020-09-17,8128.64990234375,5135.2998046875,15688.4501953125,30651.75,19817.69921875,1629.699951171875,2363.300048828125,11735.9501953125,222.5,22320.08984375,1.2404856320015372
2020-09-18,8161.7001953125,5146.14990234375,15777.099609375,30460.849609375,19827.099609375,1631.5999755859375,2362.199951171875,12320.900390625,226.75,22030.794921875,1.2482707429622246
2020-09-21,7832.2001953125,4976.85009765625,15366.2998046875,29541.75,19729.0,1557.949951171875,2240.35009765625,11799.5498046875,213.9499969482422,21366.552734375,1.2033247303324068
2020-09-22,7695.25,4913.60009765625,15064.900390625,29312.400390625,19866.099609375,1517.5,2213.949951171875,11876.849609375,210.0,21138.853515625,1.1899752136810442
2020-09-23,7690.89990234375,4891.10009765625,14956.599609375,29322.349609375,19805.650390625,1481.5,2205.25,11685.900390625,211.64999389648438,21178.25390625,1.1841388552469305
2020-09-24,7418.85009765625,4805.64990234375,14548.4501953125,29044.94921875,18973.05078125,1435.449951171875,2111.85009765625,11334.599609375,205.10000610351562,20456.611328125,1.1485966913484995
2020-09-25,7669.5,4918.89990234375,14826.2998046875,29633.5,19629.349609375,1484.75,2172.64990234375,11595.900390625,209.39999389648438,20982.10546875,1.178936386206694
2020-09-28,7902.5498046875,4998.4501953125,15210.2001953125,29886.19921875,19783.05078125,1555.550048828125,2237.0,11796.599609375,215.75,21665.248046875,1.207974033986809
2020-09-29,7925.2001953125,4970.0498046875,15175.099609375,29434.80078125,19831.80078125,1549.699951171875,2280.89990234375,11709.5,213.14999389648438,21411.052734375,1.203979666656191
2020-09-30,7908.10009765625,5005.0498046875,15026.9501953125,29841.75,19951.349609375,1547.800048828125,2242.550048828125,11772.849609375,211.89999389648438,21451.55078125,1.2037837914955312
2020-10-01,7966.10009765625,5047.4501953125,15049.7001953125,30009.55078125,20110.400390625,1591.0999755859375,2261.25,11822.900390625,215.6999969482422,22245.7421875,1.2190038865303234
2020-10-05,7957.9501953125,5032.5498046875,14999.0498046875,30112.150390625,20809.0,1588.25,2318.85009765625,12024.0,216.25,22370.689453125,1.228716152655951
2020-10-06,8058.10009765625,5064.5498046875,14966.7998046875,30054.69921875,20896.75,1617.300048828125,2302.699951171875,12009.4501953125,221.85000610351562,22853.43359375,1.238139605388391
2020-10-07,8170.0498046875,5098.5498046875,14914.400390625,30168.80078125,21017.400390625,1576.25,2267.75,11915.0,217.75,22964.533203125,1.2337604687009687
2020-10-08,8183.7001953125,5104.89990234375,14780.150390625,30136.05078125,21697.25,1568.4000244140625,2272.39990234375,12209.2001953125,219.0,23191.080078125,1.2414768746041471
2020-10-09,8163.5,5083.7001953125,14833.7998046875,29923.900390625,21837.650390625,1554.8499755859375,2260.85009765625,12043.9501953125,215.4499969482422,23846.5234375,1.2391473107819309
2020-10-12,8102.5,5076.85009765625,14754.599609375,30024.25,22202.099609375,1518.1500244140625,2240.85009765625,12154.5498046875,213.10000610351562,23712.525390625,1.2349453991441637
2020-10-13,8052.85009765625,5043.9501953125,14911.9501953125,29926.69921875,22492.599609375,1492.9000244140625,2249.64990234375,11937.099609375,212.4499969482422,23491.92578125,1.2306160293867199
2020-10-14,8031.0498046875,5041.7001953125,14755.0,29959.599609375,22204.05078125,1496.550048828125,2251.949951171875,11857.25,214.6999969482422,23874.373046875,1.2303995880120082
2020-10-15,7935.35009765625,4983.4501953125,14460.2001953125,29644.80078125,21567.30078125,1454.449951171875,2240.949951171875,11637.900390625,209.60000610351562,23072.1328125,1.206836692502317
2020-10-16,7959.4501953125,4988.7998046875,14562.5498046875,29671.05078125,21538.150390625,1448.8499755859375,2329.85009765625,11814.099609375,215.10000610351562,23532.9765625,1.219858166020583
2020-10-19,7870.35009765625,5008.60009765625,14743.25,30068.849609375,21391.900390625,1425.699951171875,2367.85009765625,11616.650390625,218.35000610351562,24266.46875,1.2249445757008663
2020-10-20,7896.7001953125,5030.4501953125,14529.150390625,29964.599609375,21694.349609375,1453.699951171875,2363.35009765625,11644.400390625,226.9499969482422,24311.517578125,1.2329349662610893
2020-10-21,7878.0498046875,5009.4501953125,14643.5498046875,29684.099609375,21577.650390625,1444.8499755859375,2416.050048828125,11645.7001953125,236.85000610351562,24634.763671875,1.240312562393355
2020-10-22,7864.14990234375,5011.25,14789.4501953125,29715.349609375,21413.5,1455.9000244140625,2432.5,11545.2998046875,237.6999969482422,24483.865234375,1.2409702064409622
2020-10-23,8094.60009765625,5065.89990234375,14901.7001953125,29782.19921875,21523.599609375,1465.949951171875,2443.0,11503.0498046875,235.10000610351562,24478.015625,1.247370308944077
2020-10-26,7833.64990234375,5005.4501953125,14613.4501953125,29774.650390625,21265.69921875,1425.75,2357.550048828125,11334.2001953125,230.64999389648438,24075.169921875,1.2238931070514547
2020-10-27,7930.64990234375,5091.2998046875,14752.25,30163.69921875,21023.400390625,1445.6500244140625,2359.60009765625,11511.5,229.0,24769.212890625,1.2352568205447196
2020-10-28,7922.75,5089.7998046875,14688.349609375,29948.099609375,20810.30078125,1424.949951171875,2325.39990234375,11325.099609375,224.35000610351562,24232.21875,1.2216816824629366
2020-10-29,7846.75,5065.0,14722.150390625,29663.44921875,20876.94921875,1398.550048828125,2307.699951171875,11226.0,223.39999389648438,24091.720703125,1.2139377581922994
2020-10-30,7758.39990234375,5013.89990234375,14977.7998046875,29428.44921875,20916.849609375,1419.050048828125,2343.60009765625,11243.75,228.1999969482422,23900.623046875,1.2182297034062834
2020-11-02,7732.25,5027.60009765625,14606.099609375,29441.44921875,20732.30078125,1417.9000244140625,2338.89990234375,11175.2998046875,235.39999389648438,24892.2109375,1.2219208602323277
2020-11-03,7848.85009765625,5046.60009765625,14528.4501953125,29526.349609375,20736.0,1413.25,2391.199951171875,11361.0,229.9499969482422,25682.501953125,1.2293623183427824
2020-11-04,7901.75,5077.7998046875,14628.5,29612.400390625,21104.55078125,1415.5999755859375,2383.800048828125,11608.650390625,225.6999969482422,25771.30078125,1.2349974968340034
2020-11-05,7995.5,5165.60009765625,15020.349609375,30180.05078125,21385.650390625,1472.5999755859375,2488.64990234375,11704.9501953125,224.5500030517578,26312.79296875,1.2593136840606505
2020-11-06,8006.10009765625,5152.14990234375,15180.75,30150.650390625,21492.30078125,1473.4000244140625,2500.35009765625,11623.349609375,226.9499969482422,26798.638671875,1.2644566175616494
2020-11-09,8067.64990234375,5217.7998046875,15491.5,30453.69921875,21820.150390625,1473.25,2545.25,11674.349609375,230.3000030517578,27533.779296875,1.2809757167991773
2020-11-10,8127.25,5203.89990234375,15713.0498046875,30494.75,20978.5,1488.550048828125,2556.699951171875,11168.900390625,235.0500030517578,28605.66796875,1.2826338244323285
2020-11-11,8255.2001953125,5257.60009765625,15773.5498046875,30845.599609375,21330.5,1484.550048828125,2645.050048828125,11570.349609375,236.85000610351562,28844.6640625,1.3008501273346151
2020-11-12,8284.0498046875,5284.75,15743.2001953125,31240.19921875,21363.349609375,1494.300048828125,2636.89990234375,11600.7998046875,238.60000610351562,28278.47265625,1.3027942615301693
2020-11-13,8308.900390625,5291.0,15869.25,31222.099609375,21436.849609375,1480.199951171875,2681.0,11726.4501953125,241.8000030517578,28465.369140625,1.3097238713998556
2020-11-17,8425.5498046875,5327.5,15925.2998046875,31291.44921875,21488.55078125,1467.0,2761.35009765625,11690.7998046875,248.35000610351562,29180.9609375,1.3227349862418647
2020-11-18,8686.599609375,5325.35009765625,15911.099609375,30952.849609375,21314.849609375,1474.8499755859375,2772.5,11612.9501953125,253.4499969482422,29749.50390625,1.329815893057929
2020-11-19,8628.2998046875,5308.5498046875,15951.5498046875,31085.19921875,21114.44921875,1478.6500244140625,2752.64990234375,11566.599609375,250.0,28902.71484375,1.321424686024028
2020-11-20,8684.75,5379.35009765625,15959.75,31454.349609375,21409.25,1465.050048828125,2774.75,11526.75,251.3000030517578,29235.66015625,1.329133405150412
2020-11-23,8738.599609375,5387.4501953125,16405.55078125,31568.099609375,22007.05078125,1477.300048828125,2808.60009765625,11737.2001953125,253.75,29023.861328125,1.3435546481526586
2020-11-24,8887.9501953125,5422.9501953125,16460.55078125,31832.19921875,22064.30078125,1478.0,2839.14990234375,11880.7998046875,258.29998779296875,29736.904296875,1.3575389502864579
2020-11-25,8738.4501953125,5335.2001953125,16388.0,31441.69921875,21705.900390625,1472.5,2816.550048828125,11635.2001953125,252.5,29196.060546875,1.33868061585649
2020-11-26,8767.75,5368.64990234375,16346.0,31701.30078125,21859.900390625,1481.25,2925.050048828125,11801.25,254.4499969482422,29549.40625,1.3521975927430536
2020-11-27,8891.599609375,5390.39990234375,16251.849609375,31718.80078125,21764.900390625,1503.1500244140625,2925.75,11839.150390625,261.20001220703125,29608.70703125,1.3596879009087046
2020-12-01,8987.150390625,5440.0,16475.349609375,31705.25,22170.900390625,1530.9000244140625,2974.050048828125,12045.150390625,269.8999938964844,29817.50390625,1.3793566083006221
2020-12-02,9093.7001953125,5504.25,16701.05078125,31820.25,22319.0,1538.800048828125,3050.199951171875,12088.599609375,277.8999938964844,29462.80859375,1.3931212458555853
2020-12-03,9245.2998046875,5562.7998046875,16941.25,31908.650390625,22202.19921875,1581.9000244140625,3126.10009765625,12206.9501953125,280.20001220703125,29448.408203125,1.408404566162489
2020-12-04,9302.2001953125,5637.85009765625,16923.55078125,32356.75,22309.80078125,1583.5,3161.35009765625,12353.599609375,283.3999938964844,30052.05078125,1.4216028088745445
2020-12-07,9311.099609375,5696.14990234375,16998.599609375,32866.8984375,22440.900390625,1627.699951171875,3161.199951171875,12555.9501953125,282.45001220703125,30211.19921875,1.43348223999701
2020-12-08,9297.849609375,5690.25,16967.55078125,32849.8515625,22617.400390625,1612.5,3122.35009765625,12407.2998046875,284.79998779296875,30261.548828125,1.4305551711884759
2020-12-09,9293.2998046875,5721.14990234375,17087.75,33125.5,22803.44921875,1673.3499755859375,3105.89990234375,12443.900390625,289.0,30709.04296875,1.4439444126971386
2020-12-10,9200.849609375,5782.7001953125,16931.599609375,34054.80078125,22755.75,1646.199951171875,3113.050048828125,12440.599609375,290.25,30509.994140625,1.444130648610078
2020-12-11,9188.9501953125,5802.25,17204.05078125,34364.8515625,22664.0,1658.699951171875,3146.10009765625,12366.0,292.5,30604.494140625,1.4508189844267003
2020-12-14,9093.099609375,5801.89990234375,17351.349609375,34411.6484375,22746.69921875,1691.8499755859375,3189.5,12459.900390625,289.8999938964844,30745.54296875,1.456647621707445
2020-12-15,9149.75,5787.35009765625,17281.349609375,33967.8984375,22715.099609375,1722.1500244140625,3214.14990234375,12432.599609375,289.0,30690.693359375,1.4572247114945076
2020-12-16,9239.099609375,5857.14990234375,17383.150390625,34195.8515625,22906.25,1727.3499755859375,3271.75,12547.5,303.8500061035156,30698.04296875,1.4753887902524014
2020-12-17,9185.2001953125,5833.2998046875,17323.55078125,34013.55078125,22892.25,1693.8499755859375,3227.699951171875,12602.400390625,305.6499938964844,30846.69140625,1.4699309343887785
2020-12-18,9168.650390625,5850.5,17231.94921875,34102.69921875,23256.599609375,1691.75,3216.60009765625,12762.349609375,303.79998779296875,30714.29296875,1.4717043156380618
2020-12-21,8745.0,5669.25,16377.4501953125,33151.1015625,22844.599609375,1586.8499755859375,3038.25,12278.150390625,287.8500061035156,29456.107421875,1.4097083271570718
2020-12-22,8818.599609375,5725.9501953125,16569.0,33329.05078125,23611.599609375,1598.5,3079.64990234375,12550.9501953125,289.1499938964844,29625.60546875,1.4269790309057944
2020-12-23,8935.9501953125,5807.5,16628.19921875,33966.0,24167.75,1650.75,3134.10009765625,12753.25,300.54998779296875,29882.953125,1.4538612641400532
2020-12-24,8978.0498046875,5832.4501953125,16860.69921875,34115.6484375,24009.25,1638.1500244140625,3144.300048828125,12908.9501953125,299.25,30401.845703125,1.4599247873768486
2020-12-28,9066.849609375,5871.4501953125,17005.5,34181.1015625,24100.30078125,1654.3499755859375,3224.85009765625,12874.349609375,307.0,30880.58984375,1.4753048539779026
2020-12-29,9043.900390625,5867.2001953125,16899.349609375,34181.94921875,24274.05078125,1630.300048828125,3189.85009765625,12843.900390625,306.1000061035156,31322.13671875,1.4725531762880633
2020-12-30,9164.7998046875,5901.85009765625,16948.75,34313.69921875,24330.05078125,1633.0,3230.89990234375,12823.900390625,310.04998779296875,31302.6875,1.4804474516068031
2020-12-31,9193.5,5912.7001953125,16922.5,34177.1015625,24251.349609375,1648.949951171875,3254.64990234375,12915.900390625,313.8500061035156,31263.6875,1.4851120660626884
2021-01-01,9193.5,5912.7001953125,16922.5,34177.1015625,24251.349609375,1648.949951171875,3254.64990234375,13001.9501953125,313.8500061035156,31263.6875,1.4861014945915467
2021-01-04,9417.9501953125,5974.5,17176.150390625,34619.69921875,25110.05078125,1675.5999755859375,3424.60009765625,13149.7998046875,317.45001220703125,31212.0859375,1.5140081416096058
2021-01-05,9416.0498046875,5995.89990234375,17070.55078125,34720.25,25769.150390625,1686.9000244140625,3376.25,13166.349609375,316.3500061035156,31721.880859375,1.5190251144886426
2021-01-06,9379.5498046875,5977.85009765625,17097.849609375,34327.3515625,25419.150390625,1691.0999755859375,3419.800048828125,13118.099609375,318.6000061035156,31797.53125,1.517663373296395
2021-01-07,9429.650390625,5975.5498046875,17042.75,34032.3515625,25251.19921875,1701.199951171875,3550.449951171875,13060.75,322.8999938964844,31955.62890625,1.524463442988052
2021-01-08,9741.25,6072.10009765625,17255.150390625,34276.75,26162.400390625,1756.5999755859375,3529.199951171875,13271.5498046875,327.5,32083.826171875,1.5497557448651018
2021-01-11,9995.599609375,6138.9501953125,17108.55078125,34681.25,27027.75,1729.5999755859375,3493.89990234375,13412.349609375,329.54998779296875,31998.529296875,1.5594166512606884
2021-01-12,10119.849609375,6106.7998046875,17329.599609375,34488.6484375,26982.099609375,1753.4000244140625,3509.89990234375,13244.7001953125,338.6499938964844,32338.625,1.56829805216357
2021-01-13,10208.5498046875,6125.7001953125,17430.150390625,34617.6015625,27004.30078125,1759.050048828125,3523.25,13122.5498046875,337.6000061035156,32574.271484375,1.5720954729637577
2021-01-14,10238.2998046875,6136.7998046875,17669.400390625,34885.69921875,26965.55078125,1754.949951171875,3487.39990234375,13232.5498046875,337.3999938964844,32519.37109375,1.5749819229360056
2021-01-15,10178.2998046875,6093.60009765625,17341.05078125,34630.05078125,26362.80078125,1732.5999755859375,3449.14990234375,13014.25,331.25,32246.42578125,1.55482450572808
2021-01-18,9961.099609375,6043.2998046875,17200.75,34502.8515625,25916.25,1693.6500244140625,3308.5,12653.5,324.54998779296875,31811.380859375,1.5263723558211109
2021-01-19,10136.7998046875,6108.75,17518.55078125,34659.8515625,26043.5,1735.75,3405.199951171875,12866.0498046875,338.1499938964844,32424.47265625,1.555139150444306
2021-01-20,10369.25,6149.10009765625,17596.30078125,34605.3515625,26619.69921875,1754.199951171875,3437.0,12881.2001953125,338.3999938964844,32543.3203125,1.5675922576366186
2021-01-21,10367.75,6133.0498046875,17564.150390625,34494.3984375,26450.150390625,1718.449951171875,3362.14990234375,12697.150390625,329.75,32186.525390625,1.5507989102291302
2021-01-22,10367.75,6133.0498046875,17564.150390625,34494.3984375,26489.75,1718.449951171875,3362.14990234375,12542.099609375,329.75,31166.888671875,1.5442245595684994
2021-01-25,10433.5,6087.35009765625,16772.30078125,34178.6015625,26023.30078125,1680.050048828125,3236.35009765625,12756.75,317.8999938964844,31198.037109375,1.520977609966136
2021-01-27,10210.25,6023.0498046875,16482.900390625,34281.3984375,25865.30078125,1669.75,3154.800048828125,12495.900390625,311.0,30284.19921875,1.4973945139187819
2021-01-28,10105.599609375,5975.5498046875,16459.75,33625.8515625,25301.25,1668.6500244140625,3138.10009765625,12395.9501953125,304.1499938964844,30357.947265625,1.4833172625114652
2021-01-29,9813.150390625,5818.14990234375,16159.2001953125,33121.05078125,24645.75,1650.0999755859375,3077.449951171875,12170.25,305.6499938964844,30565.14453125,1.460866626803527
2021-02-01,10227.9501953125,5979.85009765625,16587.55078125,33689.6484375,24922.69921875,1706.5999755859375,3227.25,12103.5498046875,324.95001220703125,33088.66796875,1.511721954151226
2021-02-02,10638.599609375,6063.0,16950.5,33730.8515625,25447.80078125,1762.5,3289.10009765625,12361.5498046875,337.25,34267.5,1.548750434947606
2021-02-03,10749.150390625,6084.35009765625,17221.5,33682.3515625,25680.900390625,1765.1500244140625,3344.39990234375,12706.650390625,335.79998779296875,34758.046875,1.5632888984129023
2021-02-04,10867.099609375,6152.5,17462.94921875,34507.6484375,25570.05078125,1801.25,3409.550048828125,12739.0498046875,339.0,35344.390625,1.5828707143709315
2021-02-05,10723.9501953125,6106.2998046875,17415.5,34644.5,25331.599609375,1720.699951171875,3443.14990234375,12950.650390625,341.29998779296875,35654.0859375,1.5778900962649445
2021-02-08,11061.150390625,6170.35009765625,17664.05078125,34452.25,25915.599609375,1739.300048828125,3552.449951171875,12971.0,348.1499938964844,35983.23046875,1.6011066586634095
2021-02-09,10907.599609375,6167.10009765625,17685.400390625,34231.30078125,25779.150390625,1706.800048828125,3513.64990234375,12812.7998046875,345.79998779296875,36056.08203125,1.5896734820549792
2021-02-10,11010.849609375,6172.4501953125,17706.400390625,34188.0,25885.30078125,1707.3499755859375,3510.85009765625,12905.5498046875,351.45001220703125,35782.6875,1.594425697713883
2021-02-11,10965.25,6194.85009765625,17945.900390625,34463.75,26043.44921875,1703.300048828125,3546.699951171875,12929.7998046875,350.54998779296875,35751.6875,1.5997638436348558
2021-02-12,10912.25,6113.4501953125,17753.05078125,33928.30078125,26093.80078125,1687.0,3486.25,12785.75,350.6000061035156,36108.48046875,1.5885727058773564
2021-02-15,10912.25,6113.4501953125,17753.05078125,33928.30078125,26001.099609375,1687.0,3486.25,12745.099609375,350.6000061035156,37305.81640625,1.5927708979257194
2021-02-16,10944.900390625,6138.64990234375,18129.30078125,33724.5,25613.94921875,1668.9000244140625,3570.14990234375,12804.150390625,356.79998779296875,37097.96875,1.5987427682111097
2021-02-17,10944.900390625,6138.64990234375,18129.30078125,33724.5,25282.94921875,1668.9000244140625,3570.14990234375,12584.349609375,356.79998779296875,36910.51953125,1.5931244932102484
2021-02-18,10827.0,6077.14990234375,18770.650390625,33373.8984375,25618.55078125,1692.199951171875,3623.050048828125,12517.5,352.6499938964844,36586.57421875,1.596393958268238
2021-02-19,10540.349609375,6002.5498046875,18681.5,33336.80078125,25503.19921875,1677.6500244140625,3552.10009765625,12347.400390625,348.04998779296875,35841.18359375,1.5765504186292139
2021-02-22,10300.0,5896.35009765625,18336.849609375,32891.69921875,24766.44921875,1620.25,3609.10009765625,12032.2998046875,338.29998779296875,35256.7890625,1.5467236923284
2021-02-23,10379.5498046875,5907.2998046875,18717.5,33025.94921875,24807.80078125,1622.699951171875,3749.550048828125,12029.5,347.45001220703125,35116.54296875,1.562091078998749
2021-02-24,10405.5,5938.64990234375,18782.400390625,33091.69921875,24779.400390625,1646.1500244140625,3778.64990234375,12035.849609375,350.45001220703125,36451.87890625,1.5748253568683042
2021-02-25,10497.9501953125,5951.89990234375,19355.69921875,33001.80078125,24872.44921875,1668.1500244140625,3928.60009765625,12141.7001953125,356.3500061035156,36548.57421875,1.5943545064103108
2021-02-26,10169.900390625,5787.39990234375,18793.349609375,32443.150390625,24301.44921875,1625.1500244140625,3822.64990234375,11927.900390625,349.79998779296875,34803.1953125,1.5522131273913824
2021-03-01,10411.7998046875,5851.85009765625,19159.099609375,32797.6484375,24556.30078125,1695.199951171875,3896.949951171875,12092.7001953125,354.45001220703125,35295.58984375,1.5800902176359517
2021-03-02,10744.0498046875,5978.4501953125,19303.400390625,33250.8984375,25301.849609375,1708.9000244140625,3927.60009765625,12257.2998046875,357.1000061035156,35419.2890625,1.6031273889658015
2021-03-03,10673.099609375,6001.9501953125,19670.05078125,33454.3984375,25772.650390625,1719.75,4058.60009765625,12379.599609375,362.45001220703125,36367.62890625,1.6243665335192923
2021-03-04,10625.75,5997.7998046875,19507.30078125,33443.80078125,25631.849609375,1747.25,3976.85009765625,12351.75,362.8500061035156,35802.08203125,1.617864125303821
2021-03-05,10524.400390625,5960.9501953125,19428.19921875,33360.30078125,25229.599609375,1732.1500244140625,3869.39990234375,12192.75,357.70001220703125,35227.73828125,1.5989842779848376
2021-03-08,10507.349609375,5935.14990234375,19650.349609375,33190.3515625,25347.94921875,1749.699951171875,3900.800048828125,12239.849609375,353.95001220703125,35275.33984375,1.6018720489515175
2021-03-09,10464.25,5938.7001953125,19385.150390625,33215.8515625,25582.349609375,1724.75,3802.699951171875,12133.849609375,350.1000061035156,35865.23046875,1.5939896735059726
2021-03-10,10559.2998046875,5975.85009765625,19331.25,33402.75,26010.099609375,1730.0999755859375,3873.64990234375,12313.25,352.25,35937.8828125,1.606680576538801
2021-03-12,10383.900390625,5910.4501953125,19318.30078125,33068.5,25888.25,1715.199951171875,3840.199951171875,12184.25,349.3500061035156,35496.234375,1.59203373142815
2021-03-15,10335.099609375,5875.85009765625,19322.900390625,33058.8515625,26032.05078125,1690.550048828125,3880.050048828125,12024.5,347.95001220703125,35182.140625,1.5864593314082154
2021-03-16,10350.7998046875,5926.2001953125,19293.19921875,33351.75,26363.849609375,1689.25,3847.25,12013.0,346.0,34804.1953125,1.587035370693717
2021-03-17,10159.099609375,5853.64990234375,18693.94921875,33194.6015625,26183.5,1638.9000244140625,3752.699951171875,11787.5,335.75,34228.8515625,1.5564557328797013
2021-03-18,10143.9501953125,5855.2001953125,18404.400390625,33222.6015625,25373.349609375,1638.5,3754.35009765625,11514.4501953125,330.79998779296875,33856.40625,1.541606223677198
2021-03-19,10186.5,5916.7998046875,18985.400390625,34028.3515625,25562.75,1653.949951171875,3832.5,11667.099609375,329.04998779296875,34161.203125,1.5609096043074515
2021-03-22,10140.4501953125,5956.89990234375,18991.75,34608.0,26035.349609375,1637.6500244140625,3867.449951171875,11850.75,337.95001220703125,33603.05859375,1.5708724817165365
2021-03-23,10187.650390625,5966.60009765625,19005.55078125,34473.75,26105.69921875,1632.8499755859375,3841.949951171875,11907.2001953125,341.5,34184.0,1.5754067007888424
2021-03-24,9925.25,5880.9501953125,18676.75,33987.1015625,25802.94921875,1592.3499755859375,3717.550048828125,11916.2998046875,331.45001220703125,33292.86328125,1.5446797124058307
2021-03-25,9651.349609375,5737.5498046875,18133.349609375,33213.1484375,25237.099609375,1543.6500244140625,3718.300048828125,11816.7998046875,323.1499938964844,33006.06640625,1.5140696287173752
2021-03-26,9771.5,5854.10009765625,18217.650390625,33818.44921875,25385.099609375,1544.5,3855.300048828125,11883.2001953125,328.6000061035156,33317.8125,1.5338775487486163
2021-03-30,9865.0,5944.2001953125,18418.900390625,34578.8515625,26121.099609375,1547.3499755859375,3963.0,12206.599609375,328.5,33874.70703125,1.558556212600645
2021-03-31,9862.4501953125,5959.7998046875,18185.099609375,34931.69921875,25855.0,1545.3499755859375,3977.199951171875,12272.599609375,334.1499938964844,33303.51171875,1.5582015200005805
2021-04-01,10022.599609375,5984.75,18516.19921875,34874.55078125,25980.400390625,1580.4000244140625,4189.14990234375,12377.099609375,335.79998779296875,33857.60546875,1.581248684445129
2021-04-05,9768.0498046875,5886.60009765625,18232.19921875,34304.55078125,26491.400390625,1532.4000244140625,4226.39990234375,12331.5,324.45001220703125,32678.470703125,1.5579092235077208
2021-04-06,9781.349609375,5938.5,18217.150390625,34619.8515625,26532.19921875,1527.1500244140625,4286.9501953125,12548.599609375,328.25,32500.97265625,1.5664575484835628
2021-04-07,9937.0,6008.89990234375,18333.349609375,34835.30078125,26831.0,1538.949951171875,4325.4501953125,12616.349609375,331.3999938964844,32990.81640625,1.5818724268920552
2021-04-08,9959.349609375,6045.4501953125,18275.55078125,34983.05078125,27148.400390625,1544.3499755859375,4494.9501953125,12611.7001953125,334.1000061035156,32782.46875,1.592219325414134
2021-04-09,9922.9501953125,6060.75,18077.150390625,35253.1015625,27367.05078125,1556.949951171875,4467.2998046875,12995.349609375,332.04998779296875,32447.673828125,1.595383414163824
2021-04-12,9415.650390625,5869.0498046875,17279.44921875,34561.3515625,26727.80078125,1430.8499755859375,4196.0,12961.849609375,307.1499938964844,30791.642578125,1.5251566510031724
2021-04-13,9818.2998046875,5941.7998046875,17672.80078125,34720.3515625,25851.30078125,1457.050048828125,4337.89990234375,12807.5,315.6499938964844,31771.23046875,1.54794834953087
2021-04-15,9691.4501953125,5938.5498046875,17781.650390625,34658.6015625,26010.849609375,1447.4000244140625,4397.4501953125,12987.0498046875,314.45001220703125,32112.4765625,1.5518412710625717
2021-04-16,9808.9501953125,5991.10009765625,17841.05078125,34853.1484375,26324.900390625,1474.4000244140625,4434.0,13234.25,313.04998779296875,31977.078125,1.5641523583545205
2021-04-19,9532.150390625,5887.7998046875,17357.75,34519.0,26236.900390625,1435.5,4366.10009765625,13256.25,300.29998779296875,31208.037109375,1.5343875338966244
2021-04-20,9630.7001953125,5900.2001953125,17342.0,34296.5,25877.599609375,1479.300048828125,4384.39990234375,13426.900390625,301.25,31112.337890625,1.5403825164769862
2021-04-22,9644.5498046875,5862.7001953125,17370.94921875,34043.05078125,25826.69921875,1506.550048828125,4460.89990234375,13378.9501953125,305.1499938964844,31782.23046875,1.5487267839913526
2021-04-23,9596.9501953125,5818.89990234375,17537.69921875,33726.1015625,25609.099609375,1513.6500244140625,4446.85009765625,13319.75,301.79998779296875,31721.931640625,1.5431080308952785
2021-04-26,9641.4501953125,5862.60009765625,17675.0,33865.69921875,25680.30078125,1516.050048828125,4536.2998046875,13203.849609375,312.04998779296875,32274.775390625,1.5571943669084436
2021-04-27,9708.2001953125,5898.7001953125,17879.19921875,34009.3515625,25815.75,1541.800048828125,4659.25,13296.75,314.29998779296875,32734.96875,1.5738164191661703
2021-04-28,9871.5,5950.75,17990.599609375,34129.1484375,25962.099609375,1557.949951171875,4645.0498046875,13252.9501953125,312.45001220703125,33722.41015625,1.584751075980942
2021-04-29,9773.7001953125,5917.7998046875,18063.099609375,34009.0,25874.30078125,1553.550048828125,4855.2998046875,13298.650390625,312.20001220703125,33714.109375,1.5889545225085988
2021-04-30,9640.849609375,5836.9501953125,18031.099609375,33623.44921875,25664.44921875,1547.949951171875,4847.9501953125,13469.25,309.6000061035156,32781.41796875,1.5767582923066188
2021-05-03,9662.9501953125,5891.14990234375,17983.400390625,33994.19921875,25676.05078125,1527.0999755859375,4952.4501953125,13507.4501953125,307.6499938964844,32465.373046875,1.5791855431534476
2021-05-04,9577.7001953125,5841.5498046875,17947.849609375,33822.75,25489.0,1525.6500244140625,4921.64990234375,13234.75,306.25,32269.974609375,1.5682143099265093
2021-05-05,9577.7001953125,5841.5498046875,17947.849609375,33822.75,25786.94921875,1525.6500244140625,4921.64990234375,13779.7001953125,306.25,32783.31640625,1.578999351848763
2021-05-06,9815.099609375,5913.7001953125,18178.19921875,34048.5,26258.69921875,1552.949951171875,5095.0,13747.75,305.3500061035156,32827.41796875,1.5986017929434733
2021-05-07,9819.4501953125,5921.5498046875,18295.599609375,34123.5,26269.44921875,1567.0,5335.85009765625,13747.099609375,307.6499938964844,32904.1171875,1.6109080951594146
2021-05-10,9973.0498046875,5939.0498046875,18590.05078125,34204.25,26273.44921875,1606.550048828125,5503.35009765625,14131.849609375,310.04998779296875,33142.01171875,1.6329549748308598
2021-05-11,9973.0498046875,5939.0498046875,18590.05078125,34204.25,26106.69921875,1606.550048828125,5503.35009765625,14066.650390625,310.04998779296875,32871.81640625,1.6298339078634059
2021-05-12,10013.650390625,5909.89990234375,18717.400390625,34057.3984375,25855.44921875,1629.800048828125,5290.4501953125,14065.0498046875,310.3500061035156,32451.923828125,1.6226565516900677
2021-05-14,9810.4501953125,5980.89990234375,18652.94921875,34781.5,25588.19921875,1604.3499755859375,5091.35009765625,13885.5,300.45001220703125,32169.177734375,1.6052252813196868
2021-05-17,10001.7001953125,5995.10009765625,18847.05078125,34807.3984375,25703.55078125,1595.8499755859375,5207.75,13858.7001953125,304.6499938964844,33458.859375,1.6224382767210181
2021-05-18,10324.0,6069.35009765625,19201.55078125,34741.44921875,25958.25,1622.6500244140625,5294.39990234375,13832.400390625,307.20001220703125,33922.00390625,1.6427480231793994
2021-05-19,10249.099609375,6056.5498046875,19308.099609375,34729.69921875,25982.80078125,1655.199951171875,5245.9501953125,14001.349609375,313.79998779296875,33684.80859375,1.6484002435521612
2021-05-20,10249.099609375,6056.5498046875,19308.099609375,34729.69921875,25894.5,1655.199951171875,5245.9501953125,13970.2001953125,313.79998779296875,33334.1640625,1.645757404591631
2021-05-21,10312.400390625,6067.39990234375,19326.30078125,34690.55078125,26105.30078125,1667.5999755859375,5099.14990234375,13993.7001953125,320.6499938964844,34606.49609375,1.6551566985808068
2021-05-24,10315.75,6058.89990234375,19583.55078125,34572.5,26144.19921875,1687.550048828125,5068.60009765625,14034.650390625,325.0,34943.1953125,1.6621937544540106
2021-05-25,10315.75,6058.89990234375,19583.55078125,34572.5,26393.900390625,1687.550048828125,5068.60009765625,14090.099609375,325.0,34661.59765625,1.6630984988179645
2021-05-26,10437.7998046875,6146.89990234375,19321.0,34815.69921875,26857.349609375,1773.5,5004.75,14127.25,335.45001220703125,34683.796875,1.6816100811633865
2021-05-27,10486.0,6147.75,19295.349609375,34812.30078125,27164.80078125,1791.050048828125,5043.2998046875,14100.0498046875,331.45001220703125,35094.64453125,1.686717590581981
2021-05-28,10510.25,6158.4501953125,19566.80078125,34890.5,27122.80078125,1785.75,5055.75,13934.099609375,331.6000061035156,35141.0390625,1.6881236456727307
2021-05-31,10510.25,6158.4501953125,19566.80078125,34890.5,27115.05078125,1785.75,5055.75,14051.75,331.6000061035156,35526.234375,1.6913511718775245
2021-06-01,10457.849609375,6195.14990234375,19976.80078125,35241.19921875,27144.400390625,1767.0,5121.64990234375,14058.0498046875,334.3999938964844,35336.7890625,1.6979737925721645
2021-06-02,10647.75,6191.85009765625,20223.5,35058.6015625,26939.650390625,1770.550048828125,5233.2998046875,14151.849609375,339.25,35373.33984375,1.7087168538105229
2021-06-03,10647.650390625,6270.5,20328.400390625,35266.5,26987.900390625,1799.6500244140625,5268.0498046875,14114.400390625,352.1000061035156,35648.5859375,1.7243839553703288
2021-06-04,10735.75,6248.7001953125,20368.05078125,35138.0,26996.75,1817.949951171875,5339.14990234375,14101.5498046875,353.79998779296875,35291.23828125,1.7280035763874373
2021-06-07,10806.5498046875,6275.39990234375,20743.94921875,35375.3515625,27295.650390625,1839.0999755859375,5315.5,14069.0,352.79998779296875,35443.23828125,1.7372529328130566
2021-06-08,10873.900390625,6311.9501953125,20745.0,35672.44921875,27623.80078125,1854.75,5258.89990234375,14189.849609375,355.79998779296875,35084.89453125,1.7437454367337044
2021-06-09,10734.400390625,6289.0498046875,20669.19921875,35588.94921875,27539.0,1815.800048828125,5209.4501953125,14118.900390625,349.8999938964844,34800.09375,1.7288147092350914
2021-06-10,10722.7001953125,6310.2998046875,20712.80078125,35731.30078125,27798.0,1900.0999755859375,5265.2001953125,14313.900390625,361.6000061035156,35130.7890625,1.7515802194491885
2021-06-11,10765.5,6300.89990234375,20797.19921875,35646.94921875,28217.5,1881.800048828125,5406.7998046875,14464.0498046875,357.8500061035156,35046.9921875,1.7575887099125964
2021-06-14,10753.099609375,6300.25,20902.69921875,35659.94921875,28314.099609375,1869.8499755859375,5371.60009765625,14449.599609375,352.3999938964844,34950.1953125,1.7533273351475498
2021-06-15,10754.400390625,6357.39990234375,20900.099609375,35921.5,28377.849609375,1907.300048828125,5368.9501953125,14322.650390625,357.04998779296875,35247.33984375,1.7622868958860178
2021-06-16,10669.4501953125,6339.14990234375,20773.349609375,36131.25,28448.849609375,1886.5,5216.2001953125,14215.7001953125,352.54998779296875,35003.09375,1.7490962898990794
2021-06-17,10523.0,6317.14990234375,20564.5,36183.55078125,28611.349609375,1865.949951171875,5095.10009765625,14081.599609375,346.75,34604.99609375,1.7330993687959841
2021-06-18,10443.75,6327.5,20164.19921875,36287.1484375,28445.599609375,1853.949951171875,5048.64990234375,14030.599609375,343.8500061035156,34557.59765625,1.7231876249709415
2021-06-21,10401.150390625,6334.2998046875,20439.5,36377.6015625,28367.0,1863.4000244140625,5105.2001953125,14082.9501953125,351.8500061035156,34870.89453125,1.7339988325850841
2021-06-22,10540.4501953125,6338.5,20491.0,36299.6484375,28523.55078125,1864.75,5119.39990234375,14095.0,349.45001220703125,34744.59765625,1.7364038771889523
2021-06-23,10588.5,6335.60009765625,20353.55078125,36188.75,28258.5,1855.5999755859375,5061.7998046875,14018.0498046875,348.20001220703125,34573.59765625,1.7285778420951667
2021-06-24,10618.4501953125,6351.14990234375,20078.94921875,36242.55078125,29048.0,1834.5,5090.89990234375,13967.9501953125,345.54998779296875,34826.59375,1.730605036303383
2021-06-25,10706.7998046875,6356.4501953125,19961.05078125,36006.55078125,29210.55078125,1835.75,5223.9501953125,14069.599609375,346.54998779296875,35364.23828125,1.7400875017671262
2021-06-28,10709.900390625,6352.2998046875,19858.5,36054.44921875,29068.55078125,1824.050048828125,5290.7998046875,14247.599609375,346.70001220703125,35359.0390625,1.74188479670362
2021-06-29,10612.25,6340.14990234375,19849.150390625,36234.55078125,28986.25,1811.800048828125,5226.0498046875,14330.2001953125,345.45001220703125,35009.89453125,1.7356186299561789
2021-06-30,10600.349609375,6330.2001953125,19822.400390625,36093.19921875,29168.0,1797.5,5215.7998046875,14308.900390625,343.95001220703125,34771.796875,1.7314266575693809
2021-07-01,10687.7001953125,6370.0,19708.55078125,36234.8984375,29003.099609375,1794.75,5207.39990234375,14442.4501953125,342.79998779296875,34683.59765625,1.732702629046927
2021-07-02,10685.5,6377.85009765625,19684.099609375,36216.69921875,29007.94921875,1805.0999755859375,5130.0498046875,14529.650390625,344.6000061035156,34809.4921875,1.7336178828307158
2021-07-05,10685.5,6377.85009765625,19684.099609375,36216.69921875,28950.599609375,1805.0999755859375,5130.0498046875,14528.5,344.6000061035156,35211.58984375,1.7352639830640961
2021-07-06,10559.7001953125,6394.25,19726.05078125,36238.5,28649.400390625,1832.699951171875,5172.7001953125,14406.9501953125,352.79998779296875,35578.734375,1.7409188101874489
2021-07-07,10552.5,6418.0,19693.80078125,36447.05078125,28734.650390625,1829.5,5286.4501953125,14453.2001953125,359.70001220703125,35770.88671875,1.7511103988455563
2021-07-08,10456.0,6380.75,19597.44921875,36179.1015625,28749.0,1808.0,5170.5,14269.2998046875,357.6499938964844,35273.69140625,1.7348773548327245
2021-07-09,10420.2998046875,6381.64990234375,19501.19921875,36184.3984375,28662.19921875,1824.949951171875,5273.60009765625,14360.2001953125,366.1499938964844,35071.54296875,1.7422789104138836
2021-07-12,10438.2001953125,6379.89990234375,19467.30078125,36176.6484375,28532.349609375,1821.449951171875,5262.5498046875,14372.2001953125,379.3500061035156,35198.48828125,1.7477590122187534
2021-07-13,10497.7998046875,6374.0,19570.599609375,36110.30078125,28439.75,1810.75,5295.60009765625,14460.0498046875,380.79998779296875,35672.984375,1.752798334204774
2021-07-14,10467.900390625,6365.9501953125,19524.75,36073.19921875,29339.849609375,1814.25,5299.9501953125,14507.0,377.20001220703125,35667.8359375,1.7564040598231976
2021-07-15,10426.0,6359.14990234375,19436.5,36182.94921875,29718.05078125,1807.8499755859375,5335.39990234375,14467.4501953125,393.04998779296875,35907.23046875,1.766153603455853
2021-07-16,10428.4501953125,6378.2001953125,19567.900390625,36253.55078125,29400.25,1800.9000244140625,5391.2998046875,14635.0498046875,397.54998779296875,35751.38671875,1.7708471230260683
2021-07-19,10310.900390625,6354.0,19517.30078125,36180.3984375,29264.0,1791.449951171875,5317.85009765625,14669.900390625,399.25,35078.79296875,1.7610488650708809
2021-07-20,10222.2001953125,6370.89990234375,19309.94921875,36230.25,29252.5,1745.300048828125,5193.64990234375,14479.2001953125,389.1499938964844,34415.05078125,1.7395787183145845
2021-07-22,10235.7998046875,6419.14990234375,19600.05078125,36263.6015625,29779.94921875,1771.4000244140625,5348.9501953125,14575.400390625,395.95001220703125,34676.8984375,1.7603600294664057
2021-07-23,10201.349609375,6433.39990234375,19503.80078125,36558.6484375,29894.30078125,1754.0,5353.7998046875,14597.849609375,401.04998779296875,35033.9921875,1.7641838514799686
2021-07-26,10137.9501953125,6426.25,19300.099609375,36486.75,29940.400390625,1759.550048828125,5387.39990234375,14652.5498046875,397.20001220703125,34949.29296875,1.761180328349396
2021-07-27,10094.349609375,6405.75,19116.150390625,36360.80078125,29892.55078125,1751.0,5465.89990234375,14018.650390625,394.29998779296875,34797.04296875,1.7493311826237565
2021-07-28,10000.400390625,6407.39990234375,19011.75,36360.3515625,29954.150390625,1746.6500244140625,5532.7998046875,13964.75,391.20001220703125,34532.49609375,1.7454797166839282
2021-07-29,9956.650390625,6368.39990234375,18975.349609375,35990.05078125,30371.400390625,1761.699951171875,5810.75,13920.349609375,397.5,34691.09765625,1.7573036222013068
2021-07-30,10048.5,6372.35009765625,18934.150390625,36051.8984375,30480.05078125,1796.0,5770.35009765625,14425.2998046875,398.6499938964844,34583.94921875,1.7681226034805877
2021-08-02,10183.4501953125,6424.14990234375,19229.150390625,36199.94921875,30803.05078125,1796.699951171875,5781.2998046875,14474.9501953125,417.75,34709.59765625,1.787415791535686
2021-08-03,10342.599609375,6531.75,19385.30078125,36826.05078125,31165.849609375,1781.800048828125,5778.2001953125,14647.849609375,418.8500061035156,35207.0390625,1.8034403449403742
2021-08-04,10246.7998046875,6476.89990234375,19405.19921875,36482.44921875,30977.150390625,1760.25,5759.89990234375,14594.349609375,411.8500061035156,36027.6328125,1.795444332827646
2021-08-05,10224.900390625,6504.14990234375,19432.44921875,36701.44921875,31211.19921875,1732.6500244140625,5834.39990234375,14579.849609375,407.3500061035156,35834.33203125,1.7949060997788513
2021-08-06,10249.5,6510.5498046875,19411.80078125,36669.80078125,31303.30078125,1715.8499755859375,5841.35009765625,14517.5,403.45001220703125,35808.83203125,1.7915583910280464
2021-08-09,10239.0,6504.14990234375,19272.75,36691.8984375,31441.0,1734.550048828125,5732.0,14533.4501953125,400.5,36028.53125,1.7893962158913892
2021-08-10,10158.75,6513.0,19135.75,36537.25,31713.400390625,1692.75,5573.2998046875,14502.900390625,392.3999938964844,36033.68359375,1.774525373273133
2021-08-11,10140.400390625,6489.89990234375,19400.75,36425.8515625,31670.0,1683.5,5748.2998046875,14291.150390625,393.45001220703125,35805.98046875,1.7766138773241225
2021-08-12,10180.5498046875,6503.0,19599.05078125,36521.8515625,32245.099609375,1721.8499755859375,5769.25,14133.0498046875,398.20001220703125,35936.6328125,1.7887085416463608
2021-08-13,10178.2998046875,6541.10009765625,19677.05078125,36842.05078125,32678.80078125,1705.8499755859375,5799.2998046875,14049.0498046875,394.54998779296875,36168.9296875,1.792125981608576
2021-08-16,10088.7998046875,6538.7001953125,19786.05078125,36954.25,32577.94921875,1681.3499755859375,5884.89990234375,13965.400390625,393.0,36094.08203125,1.789399207183883
2021-08-17,10088.2998046875,6612.7998046875,19722.44921875,37478.55078125,33414.75,1670.8499755859375,5749.39990234375,14041.25,390.25,35867.03125,1.7913345578592907
2021-08-18,10067.9501953125,6626.60009765625,19685.0,37738.30078125,33448.8984375,1666.9000244140625,5702.60009765625,14071.349609375,387.25,35554.0859375,1.7879938395467578
2021-08-20,9904.7001953125,6679.5,19348.69921875,38596.05078125,33351.3515625,1604.1500244140625,5335.9501953125,13711.150390625,373.3999938964844,35033.4453125,1.7551930891690464
2021-08-23,9759.150390625,6651.7998046875,19332.150390625,38489.5,33919.80078125,1576.9000244140625,5291.25,13700.599609375,369.70001220703125,35123.98828125,1.748370292238966
2021-08-24,9832.7998046875,6652.0,19562.5,38232.80078125,33838.3984375,1607.75,5444.7998046875,13876.0498046875,376.45001220703125,35711.6875,1.7670433141630713
2021-08-25,9808.650390625,6641.14990234375,19757.25,38448.1015625,34083.94921875,1596.699951171875,5474.0498046875,13830.5,373.5,35585.8359375,1.767504872170826
2021-08-26,9763.099609375,6629.5,19865.05078125,38670.69921875,34041.1015625,1578.050048828125,5404.7001953125,13758.599609375,374.5,35617.13671875,1.7635456205856423
2021-08-27,9793.849609375,6661.0498046875,19942.44921875,38819.5,34309.80078125,1593.449951171875,5492.7001953125,13948.7001953125,377.25,35627.38671875,1.776072932219472
2021-08-30,9957.900390625,6776.0498046875,20243.650390625,39150.19921875,34109.25,1603.6500244140625,5628.10009765625,14222.5,384.54998779296875,36347.2265625,1.8012982211939157
2021-08-31,10034.4501953125,6905.7998046875,20289.69921875,39529.69921875,34570.25,1601.6500244140625,5714.60009765625,14344.75,386.79998779296875,36424.1796875,1.816249911360833
2021-09-01,10043.900390625,6951.60009765625,20356.55078125,39644.69921875,34110.5,1610.550048828125,5612.4501953125,14319.849609375,408.3500061035156,36573.875,1.8246497094654002
2021-09-02,10022.4501953125,7003.4501953125,20466.0,40296.3984375,34680.30078125,1615.9000244140625,5653.2998046875,14458.5,413.45001220703125,36830.87109375,1.8399113402386171
2021-09-03,10124.75,7020.10009765625,20934.0,40226.25,34891.19921875,1639.75,5719.35009765625,14485.650390625,417.8500061035156,36760.72265625,1.854051142394883
2021-09-06,10167.25,7017.89990234375,21008.55078125,40169.05078125,35415.1015625,1661.4000244140625,5742.7001953125,14481.5498046875,431.04998779296875,36591.92578125,1.8661099116540658
2021-09-07,10152.7001953125,7046.14990234375,20934.5,40289.8515625,34951.30078125,1663.0999755859375,5708.35009765625,14387.349609375,421.0,36468.375,1.8569335060531706
2021-09-08,10100.400390625,7053.89990234375,21004.69921875,40263.44921875,34678.19921875,1652.449951171875,5720.75,14349.4501953125,420.70001220703125,36767.7734375,1.8553484869537435
2021-09-09,10112.599609375,7091.85009765625,21148.349609375,40577.94921875,34802.30078125,1701.449951171875,5765.14990234375,14329.849609375,417.6000061035156,36682.7734375,1.8648449418253672
2021-09-13,10120.150390625,7103.5,20988.599609375,40592.3515625,35129.6015625,1724.25,5839.2998046875,14377.0498046875,420.29998779296875,36471.375,1.871344607479497
2021-09-14,10209.599609375,7148.64990234375,21034.900390625,40469.55078125,35431.5,1972.5,5810.35009765625,14410.9501953125,422.04998779296875,36612.625,1.9036031839875505
2021-09-15,10297.0,7196.2001953125,21350.650390625,40504.5,36075.19921875,1942.0,5859.0498046875,14487.900390625,422.70001220703125,36851.8203125,1.914184548411402
2021-09-16,10351.4501953125,7242.5498046875,21665.25,41007.6015625,35852.44921875,1908.75,5822.5,14491.349609375,423.5,37668.1640625,1.9206225224405615
2021-09-17,10351.4501953125,7254.25,21444.650390625,40798.8984375,35646.5,1927.5,5683.85009765625,14355.150390625,413.54998779296875,37811.5078125,1.9086228625196835
2021-09-20,10202.650390625,7239.14990234375,21213.44921875,41169.69921875,35400.05078125,1918.8499755859375,5309.0,14097.25,404.70001220703125,37145.265625,1.879518966906481
2021-09-21,10155.9501953125,7273.5,21324.5,41619.94921875,36086.05078125,1941.3499755859375,5444.4501953125,14278.9501953125,419.1499938964844,37235.41796875,1.9028209104292753
2021-09-22,10284.599609375,7308.10009765625,21499.25,41507.25,36422.44921875,2204.75,5524.64990234375,14334.25,454.54998779296875,36944.21875,1.9528939840653228
2021-09-23,10372.9501953125,7336.7998046875,21893.25,41548.80078125,36816.8984375,2167.14990234375,5616.0498046875,14380.5,493.8999938964844,37771.26171875,1.9830362431955284
2021-09-24,10429.0498046875,7329.2998046875,21716.44921875,41090.8984375,37103.25,2153.25,5498.2001953125,14289.150390625,501.29998779296875,37829.859375,1.9782473724315766
2021-09-27,10765.150390625,7328.7001953125,22006.05078125,40720.6015625,36034.3984375,2188.449951171875,5504.4501953125,14156.7001953125,516.2999877929688,38170.8046875,1.9890904605225352
2021-09-28,10695.9501953125,7274.39990234375,22449.349609375,40682.94921875,35239.94921875,2152.10009765625,5534.60009765625,14171.599609375,500.70001220703125,37944.55859375,1.9765817022008798
2021-09-29,10655.5,7230.9501953125,22864.55078125,40472.1484375,35282.6484375,2157.949951171875,5661.25,14404.9501953125,506.3500061035156,37742.5625,1.9870177904501167
2021-09-30,10598.4501953125,7195.14990234375,22858.55078125,40426.55078125,35028.0,2138.300048828125,5611.25,14466.5,513.7999877929688,37424.66796875,1.9817947125796975
2021-10-01,10596.9501953125,7166.75,23000.19921875,40399.0,34780.6015625,2154.300048828125,5638.7998046875,14587.650390625,506.04998779296875,37225.46484375,1.9807491462206321
2021-10-04,10641.150390625,7203.39990234375,23334.599609375,40445.44921875,35126.1484375,2210.35009765625,5807.35009765625,14812.400390625,517.0499877929688,37579.2109375,2.0079773771360356
2021-10-05,10692.0,7238.7001953125,24006.150390625,40427.5,35544.30078125,2228.64990234375,5800.2998046875,14738.25,510.0,37740.5625,2.0165387002529185
2021-10-06,10567.5498046875,7164.0,23898.0,40167.44921875,35075.80078125,2213.39990234375,5627.35009765625,14461.9501953125,501.75,37521.11328125,1.9916393184721632
2021-10-07,11031.7998046875,7298.2001953125,23804.400390625,40226.3984375,35703.8515625,2234.39990234375,5659.9501953125,14562.2001953125,532.6500244140625,37752.76171875,2.0251171515279984
2021-10-08,11079.349609375,7284.89990234375,23902.30078125,39993.3515625,36402.0,2254.050048828125,5681.4501953125,14514.7998046875,520.9000244140625,37774.8125,2.026782519888334
2021-10-11,11375.5498046875,7359.10009765625,24161.55078125,40318.05078125,35179.94921875,2285.800048828125,5766.39990234375,14615.349609375,529.9000244140625,38293.35546875,2.0448785015699236
2021-10-12,11476.099609375,7436.0,24265.94921875,40808.75,34869.75,2319.35009765625,5829.35009765625,14629.2001953125,533.75,38521.05078125,2.058521185605952
2021-10-13,11870.0,7526.5498046875,24604.400390625,41149.3984375,35285.6015625,2325.85009765625,5914.64990234375,14679.400390625,532.4500122070312,38635.30078125,2.0795425561609524
2021-10-14,11800.2998046875,7556.2001953125,24766.349609375,41377.19921875,35744.8515625,2350.85009765625,6019.2001953125,14728.650390625,539.25,39340.44140625,2.0974273284250575
2021-10-18,11814.7998046875,7520.64990234375,25148.69921875,41564.1484375,36306.3515625,2334.0,6253.10009765625,14598.2001953125,541.7999877929688,39684.33984375,2.11179339842067
2021-10-19,11626.849609375,7368.2998046875,24785.650390625,40237.30078125,37106.3515625,2310.64990234375,6099.35009765625,14384.349609375,516.0999755859375,39540.0390625,2.0778353767206457
2021-10-20,11493.2998046875,7283.7998046875,24381.849609375,39696.3515625,36846.80078125,2334.449951171875,5974.0,14177.349609375,504.95001220703125,39517.73828125,2.055707470564432
2021-10-21,11557.400390625,7171.75,24306.400390625,39354.44921875,35913.6015625,2333.800048828125,5868.39990234375,14169.9501953125,497.8500061035156,40029.734375,2.0420531050334194
2021-10-22,11433.9501953125,7087.60009765625,24280.5,38874.80078125,35394.6484375,2281.550048828125,5690.10009765625,13949.650390625,510.6000061035156,40323.1796875,2.0245943433115436
2021-10-25,11228.2001953125,6996.2001953125,24160.19921875,38491.0,35005.3984375,2276.5,5679.64990234375,13943.849609375,496.45001220703125,41191.91796875,2.0109588804869247
2021-10-26,11452.25,7090.7001953125,24372.44921875,38826.8515625,35162.3515625,2335.60009765625,5830.64990234375,13970.650390625,514.4000244140625,41237.8203125,2.040559394902246
2021-10-27,11395.150390625,7141.9501953125,24184.849609375,38946.1015625,35503.8984375,2288.199951171875,5741.89990234375,14094.25,515.9500122070312,40873.875,2.0354270386464575
2021-10-28,11260.900390625,7039.9501953125,23580.849609375,38208.55078125,34913.6015625,2232.0,5544.5498046875,13780.599609375,496.5,39508.48828125,1.9868030240995758
2021-10-29,11297.4501953125,7042.85009765625,23236.099609375,38222.1015625,34408.75,2246.0,5563.39990234375,13879.349609375,498.70001220703125,39115.1484375,1.9840702950645746
2021-11-01,11421.0,7141.25,23504.5,38663.6484375,35290.0,2303.75,5733.75,14049.4501953125,518.7999877929688,39763.2890625,2.023570093597162
2021-11-02,11521.25,7141.7998046875,23421.69921875,38616.19921875,35177.3515625,2325.64990234375,5643.14990234375,13993.2001953125,536.3499755859375,39937.984375,2.0294051227211796
2021-11-03,11401.2001953125,7113.14990234375,23489.44921875,38370.1015625,35177.1015625,2301.050048828125,5695.4501953125,13888.2998046875,546.75,39401.59375,2.0251910048549475
2021-11-04,11569.7998046875,7174.4501953125,23584.05078125,38710.1015625,35334.25,2334.800048828125,5697.9501953125,13948.2001953125,548.0499877929688,39573.23828125,2.038742511949279
2021-11-08,11645.75,7221.5498046875,23938.80078125,39094.75,35782.3515625,2368.050048828125,5780.4501953125,13851.25,555.5999755859375,39437.79296875,2.055646227609047
2021-11-09,11766.25,7238.35009765625,24004.30078125,38964.25,35815.1015625,2372.550048828125,5761.60009765625,13878.7001953125,556.1500244140625,39368.34375,2.0582850585764727
2021-11-10,11829.150390625,7264.2998046875,24041.30078125,38917.3515625,35722.94921875,2353.89990234375,5660.4501953125,13911.2998046875,548.5999755859375,39022.796875,2.0503143510968895
2021-11-11,11690.150390625,7233.10009765625,23894.75,38542.55078125,35583.6484375,2325.89990234375,5681.0,13717.7998046875,535.7999877929688,38559.75,2.031237412178405
2021-11-12,11706.5,7316.85009765625,24209.30078125,38912.75,36332.30078125,2322.949951171875,5728.7001953125,13774.650390625,544.6500244140625,38732.90234375,2.0493287969417375
2021-11-15,11687.650390625,7366.89990234375,24268.849609375,39278.30078125,36465.30078125,2317.300048828125,5624.2998046875,13974.349609375,545.8499755859375,38701.90234375,2.0526054219033707
2021-11-16,11977.2998046875,7393.2001953125,23944.650390625,39014.6484375,36643.8984375,2311.75,5586.35009765625,13798.7998046875,545.0999755859375,38306.65625,2.0484771969956777
2021-11-17,12061.7998046875,7416.2998046875,23837.900390625,39013.44921875,36660.8984375,2320.949951171875,5568.10009765625,13621.900390625,536.1500244140625,38041.109375,2.0424743872080127
2021-11-18,11747.4501953125,7340.5,23794.349609375,38866.5,36007.0,2273.25,5423.89990234375,13481.400390625,526.9000244140625,37975.80859375,2.014810045733661
2021-11-22,11379.75,7230.9501953125,23118.30078125,38351.6484375,35478.94921875,2184.449951171875,5421.60009765625,13245.349609375,505.1000061035156,37128.37109375,1.9698325911007726
2021-11-23,11455.7001953125,7262.5498046875,23586.94921875,38560.1015625,35504.3984375,2235.050048828125,5600.39990234375,13489.9501953125,516.0,37272.3671875,1.996924999548966
2021-11-24,11308.849609375,7207.10009765625,23650.05078125,38178.19921875,34966.25,2279.64990234375,5602.60009765625,13408.099609375,515.6500244140625,37441.515625,1.9919925860255983
2021-11-25,11247.75,7228.0498046875,24218.25,38259.75,35300.25,2311.64990234375,5624.0,13566.5,525.7000122070312,37364.31640625,2.0079915042754104
2021-11-26,10759.599609375,7044.5,23349.400390625,37547.1484375,34606.1484375,2229.89990234375,5323.75,13797.099609375,492.79998779296875,36025.08203125,1.945113726898807
2021-11-29,10704.150390625,7019.2998046875,23052.150390625,37324.8515625,34870.75,2180.050048828125,5304.7001953125,13648.7998046875,484.6000061035156,35976.03125,1.930638405851274
2021-11-30,10603.5498046875,7006.39990234375,22823.44921875,37386.94921875,35043.75,2171.10009765625,5201.7001953125,13662.7998046875,487.6000061035156,35694.88671875,1.9231759665374226
2021-12-01,10758.150390625,7020.5,23110.80078125,37457.8515625,35429.0,2193.699951171875,5322.2001953125,13442.099609375,494.6499938964844,36364.4765625,1.9410059938365698
2021-12-02,10873.150390625,7096.60009765625,23491.599609375,37892.6015625,36157.8515625,2227.64990234375,5405.0498046875,13557.0,497.3500061035156,36507.82421875,1.9641381317275384
2021-12-03,10788.75,7021.0,23258.349609375,37498.1015625,35848.05078125,2266.14990234375,5392.39990234375,13443.849609375,496.29998779296875,36196.7265625,1.9540503452073121
2021-12-06,10589.7998046875,6881.85009765625,22900.5,36821.8515625,34879.3984375,2240.5,5327.89990234375,13192.25,489.5,35735.484375,1.9213904176113779
2021-12-07,10759.0,6953.9501953125,23172.5,37175.8515625,35272.30078125,2273.0,5494.4501953125,13234.349609375,500.45001220703125,36617.97265625,1.9512165813980058
2021-12-08,11007.7001953125,7070.2998046875,23362.80078125,37659.94921875,35959.05078125,2330.14990234375,5594.89990234375,13433.849609375,509.04998779296875,37284.265625,1.9852518050089265
2021-12-09,11058.75,7121.0498046875,23408.30078125,38201.6484375,35946.3515625,2413.39990234375,5629.7998046875,13449.400390625,507.6499938964844,37082.01953125,1.997707664013477
2021-12-10,11080.0498046875,7131.5498046875,23429.94921875,38189.55078125,35939.6015625,2473.050048828125,5658.89990234375,13446.099609375,519.4000244140625,37105.21875,2.009140987679562
2021-12-13,11047.150390625,7070.64990234375,23177.349609375,37823.55078125,36050.55078125,2428.35009765625,5642.7998046875,13432.900390625,512.4000244140625,36924.8203125,1.995272503134317
2021-12-14,10972.150390625,7043.25,23361.400390625,37642.6015625,36102.55078125,2466.199951171875,5666.7998046875,13575.900390625,509.20001220703125,36893.51953125,1.9987298415835761
2021-12-15,11026.0,7020.2001953125,23185.69921875,37424.6484375,35737.19921875,2432.949951171875,5604.10009765625,13512.0498046875,499.6000061035156,36789.125,1.984193419849549
2021-12-16,10945.75,7004.4501953125,23175.150390625,37244.3515625,36160.30078125,2389.800048828125,5597.14990234375,13393.650390625,495.3999938964844,36548.22265625,1.9751358989922854
2021-12-17,10678.650390625,6841.85009765625,22755.75,36438.0,36647.8984375,2276.5,5476.7998046875,13230.7001953125,475.95001220703125,35618.234375,1.931749333811271
2021-12-20,10405.2998046875,6738.5498046875,22070.44921875,36084.6484375,35916.44921875,2186.800048828125,5269.60009765625,13184.4501953125,452.6499938964844,34439.453125,1.8808964281153813
2021-12-21,10483.900390625,6803.0,22325.69921875,36336.80078125,36627.1484375,2242.39990234375,5424.60009765625,13282.849609375,459.95001220703125,34607.44921875,1.9069970097809488
2021-12-22,10652.5498046875,6862.9501953125,22580.30078125,36505.55078125,36989.1484375,2272.800048828125,5521.10009765625,13547.7001953125,473.5,35029.09375,1.9344118370151868
2021-12-23,10731.0498046875,6915.2998046875,22869.650390625,36995.1015625,37362.8515625,2247.800048828125,5519.89990234375,13644.5,484.45001220703125,35190.73828125,1.948918559564883
2021-12-24,10620.75,6884.0498046875,22588.849609375,36913.75,37727.80078125,2241.35009765625,5492.7001953125,13491.25,477.29998779296875,34856.64453125,1.9366815661490224
2021-12-27,10641.650390625,6884.2001953125,22561.44921875,36883.3984375,37988.5,2217.64990234375,5489.4501953125,13710.150390625,479.6000061035156,35057.4921875,1.9410400696478662
2021-12-28,10783.849609375,6956.9501953125,22816.599609375,37162.69921875,38357.80078125,2221.449951171875,5538.7001953125,13836.150390625,483.3999938964844,35183.390625,1.957329910126603
2021-12-29,10829.5498046875,6958.60009765625,22745.349609375,37028.69921875,38274.6484375,2199.800048828125,5480.5498046875,14072.900390625,483.04998779296875,35044.9921875,1.9549394664268633
2021-12-30,10755.650390625,6956.2998046875,22485.400390625,37075.6484375,38658.80078125,2197.25,5416.64990234375,14135.5,478.3500061035156,35063.1953125,1.950079638321704
2021-12-31,10936.900390625,7051.5498046875,22631.94921875,37579.94921875,38701.05078125,2218.800048828125,5521.75,14223.0,484.1499938964844,35481.28515625,1.9717657797660875
2022-01-03,11114.5498046875,7090.7001953125,22849.25,37606.05078125,39123.80078125,2251.199951171875,5628.10009765625,14156.400390625,489.6499938964844,36421.4765625,1.9934656875867214
2022-01-04,11139.400390625,7132.10009765625,23370.349609375,37800.3515625,39370.69921875,2251.39990234375,5606.85009765625,14040.650390625,487.04998779296875,36839.71875,2.0007753233772996
2022-01-05,11256.849609375,7172.14990234375,23518.0,37910.94921875,38609.1484375,2241.449951171875,5684.14990234375,13999.849609375,492.8999938964844,37695.4609375,2.010331191938165
2022-01-06,11316.599609375,7172.7998046875,23370.599609375,37622.5,38009.0,2261.800048828125,5656.0,13912.25,485.6499938964844,37489.8125,2.00101998167468
2022-01-07,11290.900390625,7207.9501953125,23577.69921875,37864.44921875,38139.8515625,2243.10009765625,5684.85009765625,13857.9501953125,485.79998779296875,37739.1640625,2.005273113966785
2022-01-10,11501.7001953125,7241.75,23712.349609375,37984.05078125,38212.19921875,2293.60009765625,5718.7998046875,13858.9501953125,495.1499938964844,38347.453125,2.024934434825759
2022-01-11,11479.7001953125,7223.89990234375,24003.30078125,37849.8984375,38605.44921875,2292.64990234375,5610.35009765625,13854.25,497.95001220703125,38441.75390625,2.0255517659304623
2022-01-12,11645.900390625,7265.64990234375,24515.80078125,37992.94921875,38604.75,2311.39990234375,5685.0,13833.7001953125,507.45001220703125,38727.1015625,2.044160826871466
2022-01-13,11686.150390625,7261.60009765625,24817.55078125,38087.25,38607.0,2323.800048828125,5882.75,14051.150390625,503.79998779296875,38469.50390625,2.056379017048455
2022-01-14,11643.0498046875,7210.75,24867.849609375,37816.0,38826.8515625,2316.75,5871.39990234375,13964.150390625,509.6000061035156,38369.953125,2.053845275403683
2022-01-17,11881.25,7257.7998046875,25184.5,37988.8984375,38804.94921875,2328.300048828125,5888.39990234375,13862.4501953125,516.0999755859375,38215.703125,2.0647425081829685
2022-01-18,11598.75,7139.35009765625,25054.94921875,37503.1484375,38091.75,2301.39990234375,5755.14990234375,13697.599609375,502.6499938964844,38209.85546875,2.0340407024720912
2022-01-19,11681.400390625,7074.2998046875,25293.94921875,37106.3984375,37281.69921875,2324.60009765625,5801.10009765625,13682.7001953125,501.8999938964844,38040.91015625,2.0313501098599125
2022-01-20,11583.2001953125,7046.4501953125,25270.099609375,36681.3984375,36662.19921875,2308.300048828125,5831.14990234375,13454.900390625,503.04998779296875,37850.41015625,2.018643274164995
2022-01-21,11561.75,6999.0498046875,25055.849609375,36812.8984375,36054.6015625,2228.25,5719.5498046875,13243.0498046875,491.20001220703125,37573.86328125,1.9923059020127865
2022-01-24,11261.2001953125,6796.14990234375,24425.25,35941.3515625,34821.6015625,2126.050048828125,5420.4501953125,12998.599609375,462.20001220703125,36947.12109375,1.9264873499112316
2022-01-25,11522.75,6896.0,24716.400390625,36382.8515625,34707.44921875,2172.75,5485.14990234375,13092.099609375,470.6000061035156,37706.3125,1.9532001292400163
2022-01-27,11561.599609375,6814.7001953125,24557.0,35966.80078125,33475.05078125,2185.5,5445.89990234375,12847.900390625,462.1000061035156,37981.66015625,1.9351310467420986
2022-01-28,11493.400390625,6835.10009765625,24677.0,36188.30078125,33851.94921875,2204.449951171875,5466.0498046875,12983.0498046875,465.6499938964844,37688.9609375,1.9433098390445287
2022-01-31,11703.5,6929.2001953125,24983.94921875,36467.25,34824.55078125,2235.35009765625,5473.4501953125,13179.900390625,480.25,37974.91015625,1.9725371181252118
2022-02-01,11616.099609375,7005.7998046875,24888.44921875,37183.80078125,35371.6484375,2247.199951171875,5719.39990234375,13477.5,488.6499938964844,38505.05078125,2.0000324458148393
2022-02-02,11632.400390625,7054.7001953125,24998.94921875,37581.5,35788.75,2286.949951171875,5779.7001953125,13643.650390625,495.5,39330.04296875,2.0222956314183897
2022-02-03,11683.400390625,7035.5,24728.94921875,37467.19921875,35056.80078125,2273.550048828125,5761.60009765625,13617.599609375,486.8999938964844,39009.546875,2.00833440103282
2022-02-04,11560.599609375,7016.7001953125,24699.150390625,37508.3984375,35080.1015625,2230.550048828125,5829.5,13580.2998046875,473.45001220703125,38788.90234375,1.9971337589210367
2022-02-07,11407.25,6900.0498046875,24825.0,36764.94921875,34621.25,2197.39990234375,5829.0,13381.7001953125,468.20001220703125,37995.0078125,1.9734032530778136
2022-02-08,11429.7998046875,6911.2001953125,24500.900390625,36765.94921875,34521.55078125,2174.800048828125,5875.60009765625,13444.7001953125,464.25,38028.0078125,1.9699566008300404
2022-02-09,11680.150390625,6992.9501953125,24514.349609375,36852.8515625,34983.30078125,2215.300048828125,5985.0,13570.2998046875,467.0,38609.80078125,1.9931679180924144
2022-02-10,11674.0498046875,7009.2001953125,24685.55078125,36982.55078125,35341.8515625,2252.10009765625,6059.4501953125,13613.0498046875,471.20001220703125,39010.49609375,2.007942659009489
2022-02-11,11552.900390625,6925.0498046875,24549.69921875,36671.6484375,34379.05078125,2221.449951171875,6023.7998046875,13510.2998046875,461.8500061035156,38516.80078125,1.983229856983329
2022-02-14,11107.150390625,6725.7998046875,23899.80078125,35661.25,33880.6484375,2127.699951171875,5719.0,13252.150390625,437.3999938964844,36908.12109375,1.9153057550024786
2022-02-15,11552.2998046875,6940.7001953125,24363.80078125,36438.69921875,34913.30078125,2208.0,5845.5,13356.900390625,450.70001220703125,38169.65625,1.9681825955102379
2022-02-16,11509.7001953125,6941.5498046875,24392.94921875,36460.75,34801.94921875,2194.75,5812.14990234375,13425.099609375,455.79998779296875,37953.359375,1.9670205267637617
2022-02-17,11492.849609375,6950.0,24757.94921875,36571.69921875,34634.1015625,2178.35009765625,5793.39990234375,13324.400390625,454.70001220703125,37531.2109375,1.9633228080891303
2022-02-18,11420.4501953125,6918.2001953125,24540.69921875,36498.69921875,34483.1015625,2163.35009765625,5778.39990234375,13208.7998046875,449.0,37598.7109375,1.952545314572096
2022-02-21,11361.599609375,6875.60009765625,24174.400390625,36200.30078125,34472.05078125,2104.75,5658.9501953125,13029.900390625,442.8999938964844,37685.1640625,1.931590053901251
2022-02-22,11343.0498046875,6850.2998046875,24166.349609375,35879.8515625,34129.55078125,2035.199951171875,5595.89990234375,12954.5,430.0,37371.21484375,1.909982724946284
2022-02-23,11318.7001953125,6876.7998046875,24164.75,35933.1015625,34114.30078125,2050.10009765625,5608.89990234375,12976.2998046875,443.54998779296875,37391.6171875,1.9187834621459223
2022-02-24,10609.7998046875,6587.60009765625,22928.099609375,34735.1484375,32547.900390625,1907.5999755859375,5313.64990234375,12500.099609375,411.75,35227.69140625,1.818329759468149
2022-02-25,10895.2998046875,6729.2998046875,23590.599609375,35292.55078125,33476.94921875,1997.0999755859375,5618.7001953125,12899.849609375,433.75,36430.328125,1.881204087613551
2022-02-28,10820.5498046875,6780.60009765625,24212.099609375,35515.3984375,33847.8515625,2010.6500244140625,5896.85009765625,12927.599609375,436.3999938964844,36204.87890625,1.900554697483454
2022-03-02,10500.4501953125,6675.4501953125,24520.650390625,35364.44921875,33720.0,2048.199951171875,6136.7001953125,12689.5498046875,431.25,35372.390625,1.894048520372574
2022-03-03,10261.099609375,6581.2001953125,24968.25,35019.6015625,34130.30078125,2056.14990234375,6210.25,12643.75,429.0,34943.89453125,1.8900110837984003
2022-03-04,9896.650390625,6403.7001953125,24491.349609375,34627.8515625,34177.69921875,1997.0999755859375,6010.14990234375,12600.150390625,416.45001220703125,34407.40234375,1.8521387787203758
2022-03-07,9480.4501953125,6263.35009765625,24207.599609375,33657.44921875,34135.8984375,1987.800048828125,6136.14990234375,12546.849609375,393.6499938964844,32870.8671875,1.8165532335685783
2022-03-08,9560.0,6325.2998046875,24229.0,34006.8984375,35055.55078125,2042.5999755859375,6045.2998046875,12844.849609375,406.45001220703125,33157.71484375,1.8409396191282152
2022-03-09,9832.349609375,6459.7998046875,24459.099609375,34486.94921875,35440.55078125,2125.35009765625,6024.60009765625,13059.25,418.8500061035156,33815.0546875,1.8756340156338969
2022-03-10,10019.349609375,6593.10009765625,24816.650390625,35530.30078125,35399.1015625,2132.25,6161.9501953125,13077.0498046875,428.20001220703125,34475.19921875,1.9042579617739677
2022-03-11,9979.7001953125,6607.89990234375,25004.30078125,35613.6484375,35348.69921875,2131.550048828125,6190.0498046875,13399.0,430.20001220703125,34545.84765625,1.9123210240461406
2022-03-14,10074.2998046875,6637.2998046875,24889.80078125,35589.3984375,36028.0,2183.699951171875,6161.0498046875,13351.900390625,422.95001220703125,35311.73828125,1.9217810228243069
2022-03-15,10131.2998046875,6657.39990234375,24347.94921875,35649.94921875,35097.8515625,2133.449951171875,5910.10009765625,13318.849609375,421.70001220703125,35022.2421875,1.8997628214680913
2022-03-16,10350.099609375,6769.0498046875,24783.80078125,36273.6015625,35729.6484375,2147.449951171875,6065.7001953125,13374.5,437.04998779296875,35747.8359375,1.9350888278180753
2022-03-17,10576.0,6895.7998046875,25304.80078125,36782.69921875,35643.6015625,2171.75,6183.7998046875,13546.0498046875,450.75,36428.12890625,1.9674413181179358
2022-03-21,10448.400390625,6793.25,24936.650390625,36149.3515625,35377.75,2181.75,6276.35009765625,13549.5498046875,447.6000061035156,36018.08203125,1.9547361007410025
2022-03-22,10572.900390625,6791.10009765625,25359.5,35887.05078125,36070.44921875,2187.64990234375,6323.7001953125,13513.150390625,443.1000061035156,36348.12890625,1.9640312612993456
2022-03-23,10463.4501953125,6748.14990234375,25569.75,35789.8515625,36082.0,2192.25,6399.9501953125,13569.650390625,441.54998779296875,36146.9296875,1.9637433960713329
2022-03-24,10412.400390625,6736.2001953125,25789.099609375,35797.1484375,36516.75,2321.75,6498.2001953125,13724.5,443.75,35526.6875,1.9809929300781086
2022-03-25,10354.150390625,6693.75,25833.55078125,35522.75,36152.30078125,2322.75,6500.2001953125,13607.0498046875,449.1499938964844,35409.69140625,1.9756914846258107
2022-03-28,10421.599609375,6728.0498046875,25989.30078125,35659.44921875,36026.05078125,2336.449951171875,6559.39990234375,13562.25,451.0,35710.0859375,1.9840563322342502
2022-03-29,10416.25,6754.2998046875,25889.94921875,35640.1484375,36146.75,2307.949951171875,6571.85009765625,13771.400390625,455.3999938964844,35846.98046875,1.9882398574410942
2022-03-30,10542.150390625,6797.64990234375,25856.19921875,35858.25,36463.55078125,2360.5,6428.9501953125,13745.599609375,462.3500061035156,36333.87890625,2.000185349914639
2022-03-31,10552.099609375,6829.35009765625,25822.0,36287.75,36317.19921875,2379.60009765625,6423.7001953125,13584.099609375,463.54998779296875,36373.1796875,2.0024758295098146
2022-04-01,10676.849609375,6909.75,26454.5,36712.1484375,36343.3984375,2420.60009765625,6477.2001953125,13579.900390625,474.54998779296875,37148.06640625,2.0286660647889847
2022-04-04,10803.849609375,6989.14990234375,26841.0,37191.75,36442.8984375,2454.64990234375,6606.10009765625,13789.25,476.1499938964844,38634.75,2.0584008276555186
2022-04-05,10936.5,7063.5,27150.650390625,37656.80078125,36466.55078125,2448.199951171875,6640.4501953125,13809.25,474.8999938964844,38067.45703125,2.065465142320813
2022-04-06,10906.7998046875,7071.5498046875,27472.05078125,37588.8984375,35871.5,2427.39990234375,6730.0,13758.4501953125,473.70001220703125,37632.36328125,2.061229929272698
2022-04-07,10820.7001953125,7031.2998046875,27005.150390625,37561.69921875,35423.25,2396.60009765625,6618.35009765625,13815.0,473.8500061035156,37556.9140625,2.0466658249140344
2022-04-08,10894.2998046875,7121.14990234375,27512.69921875,38322.6484375,35394.44921875,2412.5,6755.5498046875,13838.599609375,474.5,37751.61328125,2.065791734331698
2022-04-11,10882.099609375,7131.89990234375,28235.25,38236.25,34895.8984375,2445.35009765625,6774.89990234375,13837.849609375,479.8500061035156,37613.36328125,2.0728880995740995
2022-04-12,10788.7998046875,7052.2001953125,28059.05078125,37931.3984375,34379.5,2408.300048828125,6589.25,13744.650390625,466.6000061035156,37746.9609375,2.0475760329494985
2022-04-13,10698.2998046875,7049.5498046875,28193.69921875,38191.3984375,34354.80078125,2389.699951171875,6627.0,13772.75,464.1000061035156,37462.96484375,2.0453931452644136
2022-04-18,10745.75,7038.5498046875,28423.19921875,38422.1015625,32780.05078125,2355.0,6648.9501953125,13717.2998046875,458.20001220703125,36728.57421875,2.0297801587759032
2022-04-19,10615.150390625,6910.0,28440.849609375,37337.3984375,31804.19921875,2309.75,6578.0,13522.4501953125,446.8999938964844,36341.1796875,1.9958632534534761
2022-04-20,10848.7001953125,7016.14990234375,28690.69921875,37722.80078125,32173.400390625,2299.199951171875,6556.10009765625,13660.650390625,449.3500061035156,36314.4765625,2.0108620788902383
2022-04-21,11090.5498046875,7108.5,29026.0,38005.8984375,32611.599609375,2296.449951171875,6570.2001953125,13821.2998046875,454.3999938964844,36815.671875,2.032181518670203
2022-04-22,11028.150390625,7075.85009765625,28877.650390625,37775.44921875,32426.69921875,2290.60009765625,6440.64990234375,13569.849609375,448.1000061035156,36044.33203125,2.0113846586602224
2022-04-25,10916.5,6971.0,28155.099609375,37167.3984375,31744.0,2241.0,6256.7998046875,13296.75,431.25,36081.93359375,1.9723642296610067
2022-04-26,11221.75,7123.85009765625,28902.599609375,37866.69921875,31840.05078125,2283.60009765625,6336.85009765625,13444.099609375,446.6499938964844,36404.37890625,2.0090128585031506
2022-04-27,11158.849609375,7062.14990234375,28527.599609375,37634.5,31594.349609375,2285.199951171875,6321.5498046875,13358.150390625,445.29998779296875,36028.43359375,1.9964472688648311
2022-04-28,11192.0498046875,7161.10009765625,29046.099609375,38460.25,31914.349609375,2213.14990234375,6362.39990234375,13480.0,449.1000061035156,36421.77734375,2.0105696679273426
2022-04-29,11078.099609375,7088.89990234375,28594.150390625,38204.1484375,31622.400390625,2149.699951171875,6327.2998046875,13462.849609375,443.75,36087.73046875,1.9888207180076545
2022-05-02,10938.2998046875,7057.7001953125,28573.650390625,38285.30078125,31138.80078125,2158.64990234375,6363.10009765625,13460.25,444.70001220703125,36163.328125,1.9854312992272443
2022-05-04,10661.0,6873.2001953125,28201.400390625,37621.80078125,30794.599609375,2066.050048828125,6158.5498046875,13108.7998046875,430.1499938964844,35264.140625,1.9354695348750937
2022-05-05,10705.7001953125,6851.0,28284.900390625,37408.05078125,31432.44921875,2060.64990234375,6196.60009765625,13008.5,423.20001220703125,35232.44140625,1.935046166846751
2022-05-06,10518.4501953125,6756.85009765625,28339.0,37279.30078125,30719.44921875,2020.699951171875,6066.0,12820.900390625,408.1499938964844,34590.796875,1.9032911889361859
2022-05-09,10483.5,6662.35009765625,27570.25,36732.0,30733.30078125,1967.0999755859375,5942.7998046875,12785.0,402.95001220703125,34275.0,1.878515838545437
2022-05-10,10472.4501953125,6643.0498046875,26581.349609375,36911.8984375,30427.19921875,1960.1500244140625,5633.85009765625,12596.2998046875,391.1000061035156,34482.24609375,1.8524940643365744
2022-05-11,10377.400390625,6597.89990234375,26464.69921875,36658.3984375,30050.25,1955.75,5634.14990234375,12557.650390625,393.95001220703125,34692.74609375,1.8466799139871612
2022-05-12,10164.349609375,6475.39990234375,25719.150390625,36221.75,29756.849609375,1924.5,5425.89990234375,12424.4501953125,385.5,33531.7578125,1.8083788113530104
2022-05-13,10412.349609375,6536.5498046875,25347.650390625,36887.1484375,29624.849609375,1945.3499755859375,5313.0498046875,12629.5,384.45001220703125,33120.96484375,1.8128811026610303
2022-05-16,10649.099609375,6590.10009765625,25657.400390625,36759.5,29403.5,1952.199951171875,5359.9501953125,12608.25,394.5,33597.2109375,1.8280012372602308
2022-05-17,10911.150390625,6739.7001953125,26455.849609375,37518.75,30218.75,2010.949951171875,5727.4501953125,12745.9501953125,402.20001220703125,34301.5,1.8786130844204902
2022-05-18,10909.4501953125,6770.5,26314.900390625,37989.05078125,30077.69921875,2006.9000244140625,5708.9501953125,12881.5498046875,395.1499938964844,34163.30078125,1.876883042061095
2022-05-19,10618.0,6640.25,25839.75,37740.44921875,28352.150390625,1931.75,5476.25,12600.849609375,384.8500061035156,33315.26171875,1.824553716150676
2022-05-20,10914.599609375,6779.14990234375,26433.5,38546.3515625,28789.400390625,2018.1500244140625,5706.35009765625,13065.5,401.04998779296875,34276.0,1.8798662153629744
2022-05-23,11115.2001953125,6813.14990234375,26052.0,38510.80078125,29079.30078125,1998.4000244140625,5241.60009765625,12889.2001953125,396.79998779296875,34247.203125,1.8614337577180233
2022-05-24,11116.2998046875,6745.2998046875,25824.19921875,38010.8515625,28531.5,1947.050048828125,5180.2998046875,12691.599609375,392.0,34289.75,1.8402134725217292
2022-05-25,11011.5,6652.7998046875,25778.0,37930.94921875,27566.099609375,1891.300048828125,5079.25,12543.849609375,380.70001220703125,34339.1015625,1.8129715712304482
2022-05-26,11097.150390625,6684.7001953125,25760.44921875,37849.19921875,27932.55078125,1911.0,5214.75,12557.5,386.0,35094.4921875,1.830581309067811
2022-05-27,11270.25,6758.0,25511.849609375,38242.69921875,28641.599609375,1958.5,5211.5,12669.9501953125,387.8500061035156,35612.88671875,1.8498840786443078
2022-05-30,11491.400390625,6886.64990234375,25921.099609375,38610.3984375,29753.30078125,2021.449951171875,5264.0498046875,12671.150390625,403.6000061035156,35826.53125,1.8854124864182724
2022-05-31,11586.599609375,6918.5,25641.099609375,38713.44921875,29679.05078125,2052.64990234375,5332.75,12604.4501953125,411.70001220703125,35486.984375,1.8922176830301922
2022-06-01,11563.0,6851.0498046875,25456.44921875,38434.55078125,29260.75,2037.3499755859375,5336.7001953125,12443.75,407.1000061035156,35620.38671875,1.8795091318113446
2022-06-02,11491.400390625,6849.2998046875,25968.650390625,38497.30078125,29792.400390625,2060.10009765625,5397.5498046875,12500.349609375,410.79998779296875,35613.234375,1.8925679747277568
2022-06-03,11282.150390625,6771.7998046875,25882.400390625,38273.8984375,29903.80078125,2028.8499755859375,5328.7998046875,12418.7998046875,406.8500061035156,35274.640625,1.8758258255830045
2022-06-06,11303.150390625,6751.7998046875,25830.349609375,38238.44921875,29819.80078125,2003.550048828125,5388.64990234375,12412.400390625,403.5,35309.7890625,1.8728564194832809
2022-06-07,11362.2001953125,6679.2998046875,26101.900390625,37648.8515625,29351.69921875,1971.550048828125,5340.85009765625,12279.650390625,396.75,34995.59375,1.8565098638081288
2022-06-08,11382.349609375,6635.75,25976.25,37254.3515625,29472.150390625,2000.9000244140625,5348.2001953125,12317.7998046875,404.25,34945.7421875,1.860392472981261
2022-06-09,11419.25,6684.7998046875,26287.69921875,37440.6484375,29761.55078125,2007.800048828125,5278.2001953125,12465.900390625,405.29998779296875,35085.04296875,1.8690266212321247
2022-06-10,11394.0,6665.2998046875,25808.5,37428.69921875,29114.30078125,1980.25,5199.9501953125,12419.2001953125,400.45001220703125,34483.3984375,1.8490594885869303
2022-06-13,11165.650390625,6581.25,25317.400390625,37078.1015625,27914.599609375,1901.550048828125,5000.0,12191.849609375,387.8500061035156,33405.46484375,1.8007105035328819
2022-06-14,11104.150390625,6567.7998046875,25177.69921875,36999.1484375,27953.349609375,1898.4000244140625,5018.2998046875,12218.5,391.0,33310.96484375,1.799931020232822
2022-06-15,11206.75,6572.35009765625,24877.0,36830.8984375,27812.44921875,1892.8499755859375,4982.2998046875,12261.349609375,388.6000061035156,33338.61328125,1.7957017432044677
2022-06-16,10956.599609375,6493.64990234375,24370.0,36621.1484375,27136.44921875,1832.25,4721.2998046875,12066.650390625,377.70001220703125,32616.720703125,1.753563947686479
2022-06-17,10830.900390625,6379.9501953125,24155.150390625,36264.55078125,26732.44921875,1833.800048828125,4724.85009765625,11803.9501953125,377.6499938964844,32742.669921875,1.7397341262680077
2022-06-20,10754.7001953125,6437.10009765625,23701.30078125,36915.75,26966.19921875,1786.3499755859375,4540.5498046875,11847.900390625,370.75,32684.419921875,1.727316931792796
2022-06-21,10974.2001953125,6557.39990234375,24355.94921875,37317.75,27810.650390625,1884.3499755859375,4720.75,12098.349609375,384.29998779296875,33191.36328125,1.7751061935626722
2022-06-22,10881.400390625,6479.2998046875,23792.05078125,36963.30078125,27488.400390625,1818.4000244140625,4490.75,11939.0498046875,375.8999938964844,32844.91796875,1.7407069671028972
2022-06-23,11359.5,6612.89990234375,23692.55078125,37316.5,28027.80078125,1846.050048828125,4523.0,12127.2001953125,382.1499938964844,33134.61328125,1.7673652396634942
2022-06-24,11583.25,6713.64990234375,24021.30078125,37778.8515625,27777.80078125,1892.9000244140625,4596.60009765625,12178.400390625,383.20001220703125,33627.05859375,1.7878244286416383
2022-06-27,11686.0498046875,6761.89990234375,24238.150390625,38103.19921875,28345.94921875,1893.0999755859375,4666.2998046875,12221.5498046875,386.5,33810.85546875,1.8033815984834016
2022-06-28,11832.5498046875,6758.0,24477.94921875,38173.1015625,28509.099609375,1903.300048828125,4744.0,12214.5498046875,389.1000061035156,33642.05859375,1.8128754177190332
2022-06-29,11850.5,6722.89990234375,24972.650390625,37688.3515625,28140.099609375,1899.699951171875,4755.39990234375,12210.9501953125,389.95001220703125,33269.51171875,1.8096519040725585
2022-06-30,11701.150390625,6692.7998046875,25108.5,37664.55078125,27843.349609375,1897.550048828125,4660.89990234375,12159.349609375,385.29998779296875,33424.71484375,1.7996433804298952
2022-07-01,11711.9501953125,6770.89990234375,24122.849609375,38725.8515625,28064.25,1910.4000244140625,4696.5,12260.900390625,391.3999938964844,33539.05859375,1.8089047646971912
2022-07-04,11692.099609375,6878.9501953125,24078.19921875,39755.6484375,27890.650390625,1918.6500244140625,4649.9501953125,12218.2001953125,392.6000061035156,33940.50390625,1.8159193430311202
2022-07-05,11649.7998046875,6882.89990234375,24229.0,39690.6015625,27695.150390625,1901.4000244140625,4663.75,12233.75,391.8500061035156,33815.50390625,1.8130556548116121
2022-07-06,11952.2001953125,7063.2001953125,24079.19921875,40740.1484375,28007.599609375,1936.449951171875,4665.2998046875,12331.150390625,400.75,34323.8515625,1.8399194453927186
2022-07-07,12114.099609375,7093.2998046875,24109.150390625,40708.69921875,28196.349609375,1945.9000244140625,4842.2001953125,12389.7001953125,411.25,34919.89453125,1.8612865955622175
2022-07-08,12124.599609375,7133.5498046875,24347.650390625,40925.25,28250.30078125,1947.050048828125,4799.5498046875,12449.4501953125,411.0,35123.640625,1.8660326583839715
2022-07-11,12252.5,7160.75,25005.5,41043.1484375,27380.55078125,1951.4000244140625,4893.89990234375,12564.849609375,417.04998779296875,35469.234375,1.8789447818544702
2022-07-12,12107.349609375,7094.35009765625,25098.44921875,40574.80078125,27063.75,1929.050048828125,4834.0498046875,12450.650390625,417.45001220703125,35131.83984375,1.8635922344552553
2022-07-13,12099.349609375,7111.2998046875,24727.19921875,40954.3984375,26949.75,1938.699951171875,4872.5498046875,12622.2998046875,418.6000061035156,34827.39453125,1.8660003766959816
2022-07-14,12115.2998046875,7135.7998046875,24975.349609375,40897.30078125,26523.30078125,1931.5999755859375,4870.35009765625,12721.0,417.6499938964844,34650.796875,1.8648708203356066
2022-07-15,12361.650390625,7244.5,24964.5,41498.80078125,26484.75,1938.1500244140625,4830.7001953125,12732.0,420.0,34682.24609375,1.874388296831056
2022-07-18,12408.7001953125,7285.7001953125,25279.150390625,41460.30078125,27322.94921875,1963.1500244140625,4950.9501953125,12713.4501953125,425.1000061035156,35358.2890625,1.8970286460461312
2022-07-19,12538.900390625,7318.64990234375,25372.69921875,41479.8515625,27346.150390625,1956.4000244140625,4991.0,12682.2001953125,435.95001220703125,35719.9375,1.9080278023849977
2022-07-20,12511.2998046875,7343.64990234375,25608.19921875,41950.1484375,28146.349609375,1947.9000244140625,5046.7001953125,12711.5,435.20001220703125,35971.68359375,1.9205347909376373
2022-07-21,12581.349609375,7420.4501953125,25719.599609375,42283.0,28342.900390625,1971.0,5090.10009765625,12651.75,438.0,36200.578125,1.9328031429621928
2022-07-22,12634.2001953125,7434.10009765625,25621.650390625,42502.75,28168.150390625,1976.9000244140625,5094.10009765625,12617.5498046875,439.5,36738.5234375,1.9367894066907743
2022-07-25,12423.7001953125,7397.2001953125,25360.849609375,42386.94921875,28216.0,1962.9000244140625,5168.5498046875,12488.7998046875,437.5,36725.97265625,1.9289661951369919
2022-07-26,12276.5,7319.14990234375,25273.349609375,41799.05078125,27418.849609375,1979.8499755859375,5153.39990234375,12341.900390625,433.1000061035156,36408.078125,1.9110764099870385
2022-07-27,12326.349609375,7360.35009765625,25278.650390625,42036.30078125,27878.80078125,2021.9000244140625,5193.64990234375,12628.9501953125,437.75,36783.32421875,1.9312767009690677
2022-07-28,12383.7001953125,7423.0498046875,25555.55078125,42271.6484375,28663.05078125,2049.85009765625,5282.10009765625,12660.650390625,446.79998779296875,37377.71484375,1.9560070670206076
2022-07-29,12543.2001953125,7514.85009765625,26018.400390625,42487.3984375,29152.30078125,2079.050048828125,5485.7998046875,12776.5498046875,450.95001220703125,37490.9609375,1.9833545203322505
2022-08-01,12953.650390625,7614.7998046875,26746.44921875,42526.75,29220.0,2126.89990234375,5578.14990234375,12766.849609375,452.6499938964844,37902.7578125,2.0093558702424326
2022-08-02,13023.650390625,7672.89990234375,27038.5,42798.5,29024.650390625,2125.199951171875,5563.4501953125,12780.400390625,445.0,38023.55859375,2.0108771942752037
2022-08-03,12919.400390625,7667.60009765625,27052.25,42624.1484375,29416.94921875,2116.199951171875,5553.14990234375,12682.0,441.6000061035156,37988.80859375,2.0066373498136896
2022-08-04,12945.7001953125,7695.2001953125,26803.75,42830.25,29782.900390625,2097.449951171875,5620.35009765625,12982.349609375,436.54998779296875,37755.11328125,2.0112649724189087
2022-08-05,12804.349609375,7664.5,26418.650390625,42930.8984375,29973.55078125,2086.550048828125,5595.85009765625,12939.75,437.8999938964844,37920.16015625,2.0060562688082233
2022-08-08,12927.9501953125,7706.14990234375,26728.849609375,42978.5,29967.69921875,2103.199951171875,5668.0,12940.25,438.6000061035156,38236.953125,2.0178131444013414
2022-08-10,12951.650390625,7693.60009765625,26664.75,42821.6015625,29701.150390625,2092.949951171875,5759.60009765625,12950.7001953125,434.79998779296875,38287.40625,2.0157977288763727
2022-08-11,12923.5498046875,7685.9501953125,26661.75,42478.5,30233.69921875,2072.550048828125,5758.85009765625,13014.2001953125,440.3999938964844,38879.3984375,2.021846884464897
2022-08-12,12923.75,7686.14990234375,27163.94921875,42457.30078125,29885.900390625,2043.25,5853.4501953125,12864.0,443.25,39041.84765625,2.0235195227895484
2022-08-16,13250.0,7787.75,27462.30078125,42964.1015625,29909.0,2037.199951171875,5893.39990234375,12933.849609375,452.0,39239.19140625,2.0429948645465705
2022-08-17,13194.25,7853.85009765625,27609.25,43275.8515625,30256.900390625,2066.949951171875,5922.7998046875,12979.25,452.3500061035156,39461.2421875,2.0548553820490243
2022-08-18,13131.900390625,7880.39990234375,27630.80078125,43522.30078125,30018.900390625,2065.39990234375,5977.14990234375,12935.75,459.3500061035156,39655.6875,2.059528460584163
2022-08-19,12946.4501953125,7789.39990234375,27468.05078125,42945.3515625,30036.099609375,2063.60009765625,5883.25,12799.9501953125,450.3999938964844,38985.49609375,2.0373459061580697
2022-08-22,12695.75,7672.0,27234.5,42890.6484375,29478.900390625,2058.60009765625,5708.10009765625,12588.25,439.1000061035156,38297.3046875,2.005922317170232
2022-08-23,12925.75,7752.25,27492.25,42937.6484375,28957.849609375,2062.5,5789.2001953125,12683.5498046875,440.8500061035156,38697.19921875,2.0178698089188285
2022-08-24,12913.349609375,7773.89990234375,27561.5,42999.69921875,28859.849609375,2098.35009765625,5830.0498046875,12644.0,448.8500061035156,39038.046875,2.0280979560466177
2022-08-25,12877.900390625,7775.14990234375,27514.900390625,42830.05078125,28608.650390625,2097.39990234375,5800.10009765625,12593.25,455.45001220703125,38950.296875,2.025244050827628
2022-08-26,12929.150390625,7782.64990234375,27724.650390625,42768.94921875,28691.599609375,2083.550048828125,5902.7001953125,12580.4501953125,453.75,38986.6953125,2.0295602076347516
2022-08-29,12886.400390625,7788.35009765625,27557.44921875,42933.8984375,27678.94921875,2041.1500244140625,5812.25,12545.75,447.6000061035156,38276.25390625,2.0071842140557163
2022-08-30,13217.349609375,7952.75,28104.5,43821.1484375,28407.900390625,2069.199951171875,5934.60009765625,12699.400390625,463.20001220703125,39536.2890625,2.0530393559188735
2022-09-01,13266.150390625,7933.4501953125,27565.80078125,43497.3515625,27846.80078125,2071.75,5878.9501953125,12555.0,468.20001220703125,39300.79296875,2.04077852654305
2022-09-02,13220.650390625,7921.7998046875,27358.849609375,43666.55078125,27745.80078125,2082.199951171875,5887.7001953125,12506.150390625,467.3500061035156,39420.54296875,2.0390908282975797
2022-09-05,13246.099609375,7932.0,27531.69921875,43755.8515625,27836.599609375,2139.5,5985.75,12565.5498046875,471.5,39805.2890625,2.0558949444294714
2022-09-06,13225.2998046875,7940.64990234375,27885.5,43528.8984375,27742.80078125,2130.949951171875,6064.7001953125,12598.0,473.20001220703125,39666.0390625,2.05912221265667
2022-09-07,13072.650390625,7913.0498046875,27718.80078125,43614.94921875,27832.400390625,2162.0,6066.39990234375,12696.2998046875,473.6000061035156,39455.44140625,2.059616523981905
2022-09-08,13151.400390625,7955.75,27783.599609375,43786.44921875,28102.400390625,2152.300048828125,6011.5,12689.9501953125,472.25,40208.48046875,2.065710880613219
2022-09-09,13219.599609375,7951.60009765625,27692.94921875,43837.69921875,28724.05078125,2148.10009765625,6025.2998046875,12689.2998046875,470.04998779296875,40415.23046875,2.070972042179535
2022-09-12,13256.099609375,7996.9501953125,27946.599609375,43921.8515625,29131.19921875,2190.64990234375,6080.9501953125,12715.25,480.3999938964844,40573.52734375,2.08976462302061
2022-09-13,13264.150390625,8047.9501953125,28047.69921875,44251.55078125,29116.849609375,2198.75,6158.89990234375,12745.599609375,479.54998779296875,40872.625,2.0985670788075517
2022-09-14,13222.25,8029.89990234375,27954.75,44182.6484375,28137.650390625,2217.800048828125,6256.2998046875,12682.2001953125,476.25,41404.91796875,2.0947357926018313
2022-09-15,13315.5,8028.35009765625,28172.099609375,44041.6015625,27734.349609375,2169.550048828125,6263.89990234375,12518.849609375,471.8999938964844,41208.71875,2.084223430598563
2022-09-16,12954.4501953125,7872.0,27728.80078125,43192.6484375,26706.44921875,2081.35009765625,6137.64990234375,12346.849609375,454.3500061035156,40776.328125,2.0340156477197167
2022-09-19,13074.0,7918.25,27586.75,43655.6484375,26810.150390625,2107.64990234375,6110.10009765625,12369.599609375,450.04998779296875,40903.921875,2.0397593300234695
2022-09-20,13291.349609375,8016.9501953125,27724.349609375,43981.25,27020.599609375,2127.25,6205.60009765625,12750.7001953125,457.20001220703125,41467.8203125,2.0672547331604467
2022-09-21,13223.4501953125,8006.89990234375,27310.099609375,44500.1484375,26843.25,2121.199951171875,6076.10009765625,12573.5498046875,451.29998779296875,41202.96875,2.052170689584403
2022-09-22,13320.75,8113.5498046875,27223.349609375,45080.44921875,26782.650390625,2160.35009765625,6100.75,12612.849609375,450.04998779296875,40630.12890625,2.059815166390525
2022-09-23,13093.5,7998.2001953125,26500.099609375,44854.6484375,26592.349609375,2086.050048828125,6027.35009765625,12610.650390625,436.75,39545.7890625,2.024222216730423
2022-09-26,12594.349609375,7825.5498046875,25684.19921875,43937.3984375,26743.650390625,2022.4000244140625,5778.25,12475.5,418.20001220703125,38615.80078125,1.9728467098206541
2022-09-27,12529.7998046875,7839.5,25682.30078125,44218.1484375,27004.150390625,2029.4000244140625,5728.64990234375,12598.0,417.04998779296875,38358.703125,1.9744255023919177
2022-09-28,12537.349609375,7840.60009765625,25281.25,43964.6484375,27067.650390625,2009.0999755859375,5617.64990234375,12705.400390625,414.25,37759.4140625,1.9622935304618982
2022-09-29,12497.349609375,7803.0,25070.400390625,44356.25,26819.05078125,2033.300048828125,5645.9501953125,12874.2998046875,415.79998779296875,37647.3125,1.965147872491056
2022-09-30,12699.2998046875,7872.7001953125,25581.30078125,44405.6484375,26981.150390625,2062.89990234375,5768.2001953125,12971.900390625,424.0,38631.5,1.993108596779903
2022-10-03,12441.0498046875,7725.9501953125,25192.599609375,43477.30078125,26729.099609375,2039.0999755859375,5593.9501953125,13118.9501953125,418.75,38029.20703125,1.964646747151413
2022-10-04,12690.5498046875,7867.7998046875,25717.650390625,44287.05078125,27496.94921875,2095.449951171875,5769.2998046875,13233.4501953125,428.25,39109.59765625,2.0089324156243342
2022-10-06,12784.5498046875,7846.2001953125,25865.25,44097.19921875,27928.75,2152.60009765625,5956.9501953125,13188.0,437.1499938964844,39282.39453125,2.0297013406943263
2022-10-07,12761.9501953125,7843.9501953125,25884.0,43813.30078125,27733.599609375,2160.800048828125,5931.5498046875,13134.7001953125,438.54998779296875,39177.59375,2.025902435354856
2022-10-10,12693.599609375,7774.7998046875,25621.599609375,43329.19921875,28027.599609375,2137.64990234375,5916.39990234375,13028.400390625,434.25,39092.6484375,2.014133655242458
2022-10-11,12488.349609375,7647.89990234375,25209.75,42564.6484375,27469.5,2094.5,5785.9501953125,12826.7998046875,420.8999938964844,38712.0,1.9770108173382062
2022-10-12,12598.2998046875,7688.7998046875,25455.400390625,43196.8515625,27694.650390625,2093.10009765625,5798.14990234375,12839.349609375,427.70001220703125,39118.09765625,1.9920381085607644
2022-10-13,12562.75,7640.89990234375,25319.900390625,43036.6484375,27506.19921875,2098.699951171875,5804.25,12867.150390625,423.45001220703125,38623.55078125,1.9837563150928312
2022-10-14,12478.25,7626.2998046875,25066.94921875,43153.05078125,27954.05078125,2082.10009765625,5767.2001953125,12950.4501953125,420.04998779296875,39305.14453125,1.9841844346646162
2022-10-17,12562.5498046875,7639.0,25449.150390625,43182.8984375,28019.150390625,2065.5,5711.39990234375,12982.400390625,418.25,39919.984375,1.9887213105880197
2022-10-18,12732.650390625,7758.35009765625,25779.55078125,43715.75,28315.19921875,2109.75,5775.0498046875,13008.25,425.45001220703125,40318.28125,2.0139389069949725
2022-10-19,12721.0498046875,7748.60009765625,25721.44921875,43890.55078125,28060.349609375,2103.800048828125,5736.14990234375,13021.75,427.1499938964844,40372.73046875,2.011402246355662
2022-10-20,12729.599609375,7787.89990234375,26080.349609375,44281.1484375,28432.19921875,2104.10009765625,5801.7001953125,13089.2001953125,426.6000061035156,40099.0859375,2.0215664502327444
2022-10-21,12695.650390625,7779.64990234375,25907.55078125,44269.19921875,28336.94921875,2063.550048828125,5748.35009765625,12979.400390625,426.79998779296875,40783.578125,2.0148368291831877
2022-10-24,12794.650390625,7804.39990234375,26056.25,44210.1015625,28534.30078125,2070.39990234375,5789.0498046875,13061.099609375,428.0,41304.41796875,2.025842900940919
2022-10-25,12952.7998046875,7767.0498046875,25793.150390625,43752.8515625,28722.849609375,2059.14990234375,5812.4501953125,13112.2001953125,425.3500061035156,41122.2734375,2.022938262280904
2022-10-27,12979.400390625,7824.75,26130.19921875,43954.6015625,28572.19921875,2073.050048828125,5970.25,13228.0498046875,437.95001220703125,41298.8203125,2.0428775963167514
2022-10-28,13190.900390625,7864.10009765625,26493.25,43944.1015625,28318.349609375,2055.550048828125,5883.35009765625,13048.2998046875,436.1499938964844,40990.375,2.038368983317418
2022-10-31,13381.650390625,7965.0498046875,26672.650390625,44296.30078125,28727.599609375,2062.35009765625,5896.35009765625,13212.25,438.6499938964844,41307.41796875,2.0563238965346
2022-11-01,13416.900390625,7994.10009765625,26899.650390625,44564.8984375,29270.650390625,2056.75,6036.9501953125,13492.0498046875,442.70001220703125,41289.0703125,2.075006637406554
2022-11-02,13318.25,7916.9501953125,26917.900390625,44533.3515625,29138.650390625,2074.25,6075.7001953125,13556.900390625,439.1499938964844,41146.171875,2.0722492404111317
2022-11-03,13262.650390625,7918.7001953125,26769.44921875,44661.8515625,28795.75,2078.5,6068.75,13559.9501953125,441.70001220703125,41297.87109375,2.070647908476146
2022-11-04,13271.7001953125,7909.7001953125,26896.05078125,44509.55078125,28693.05078125,2100.699951171875,6324.14990234375,13422.150390625,443.04998779296875,41257.96875,2.079342892035738
2022-11-07,13443.900390625,7938.14990234375,27102.349609375,44709.44921875,28741.30078125,2105.050048828125,6423.85009765625,13230.0,447.70001220703125,41686.21484375,2.090739734121156
2022-11-09,13341.400390625,7903.7001953125,26941.599609375,44826.55078125,28626.80078125,2098.699951171875,6364.0498046875,13079.5,441.54998779296875,41782.71484375,2.079369603131654
2022-11-10,13080.75,7840.75,26712.25,44586.8984375,28505.75,2088.800048828125,6318.75,12983.099609375,440.8999938964844,41603.265625,2.0646972136230564
2022-11-11,13040.900390625,7839.14990234375,26955.650390625,44520.5,29591.94921875,2104.25,6447.2001953125,13015.650390625,448.25,42136.5625,2.0857980164888095
2022-11-14,13071.400390625,7804.5,26866.30078125,43919.1484375,29849.30078125,2053.85009765625,6558.5,13019.849609375,453.29998779296875,42076.26171875,2.084392757761352
2022-11-15,13155.5498046875,7828.85009765625,26994.94921875,43911.05078125,29865.30078125,2049.699951171875,6589.5498046875,13036.900390625,452.79998779296875,42372.20703125,2.0895311068306976
2022-11-16,13105.9501953125,7807.9501953125,26760.099609375,43910.30078125,29951.5,2020.1500244140625,6461.60009765625,12998.5,448.1499938964844,42534.8046875,2.077938020414481
2022-11-17,12927.400390625,7736.0498046875,26584.19921875,43845.1015625,29681.400390625,1999.9000244140625,6455.7001953125,12948.25,448.3500061035156,42457.55859375,2.0662847750614204
2022-11-18,12774.900390625,7691.89990234375,26489.30078125,43747.0,29669.25,1991.1500244140625,6444.39990234375,12861.400390625,448.79998779296875,42436.95703125,2.0588389354138386
2022-11-21,12696.099609375,7681.64990234375,26141.900390625,43611.0,29209.55078125,1996.0999755859375,6392.25,12794.599609375,443.1000061035156,42346.05859375,2.045485039113812
2022-11-22,12745.5,7696.0,26050.150390625,43854.1484375,29446.900390625,2008.0,6448.85009765625,12836.349609375,437.70001220703125,42456.55859375,2.0504867340031074
2022-11-23,12774.75,7697.75,26080.19921875,43854.19921875,29405.650390625,2030.949951171875,6422.85009765625,12876.9501953125,438.79998779296875,42728.60546875,2.0549480504288895
2022-11-24,12845.599609375,7747.35009765625,26312.94921875,44241.75,30178.650390625,2047.449951171875,6440.7001953125,12888.150390625,439.75,43074.8984375,2.070993363068055
2022-11-25,12958.0,7745.2998046875,26452.599609375,44102.6015625,30334.599609375,2099.10009765625,6455.14990234375,12968.4501953125,444.8999938964844,42983.44921875,2.083233730579002
2022-11-28,13036.400390625,7741.85009765625,26804.80078125,44251.05078125,30309.650390625,2097.949951171875,6381.35009765625,12993.9501953125,445.20001220703125,43019.94921875,2.085936123700264
2022-11-29,13007.650390625,7812.10009765625,26884.44921875,45078.55078125,30345.650390625,2100.60009765625,6447.35009765625,13087.349609375,443.70001220703125,43052.94921875,2.0955146498920136
2022-11-30,13231.849609375,7916.5,27354.0,45536.55078125,30391.69921875,2116.550048828125,6564.2001953125,13144.2001953125,450.1499938964844,43230.49609375,2.11824350367503
2022-12-01,13191.75,7897.25,27183.150390625,45370.6484375,31120.5,2160.5,6664.85009765625,13120.650390625,459.04998779296875,43260.14453125,2.1316715452366655
2022-12-02,13046.349609375,7830.60009765625,27028.05078125,45154.19921875,31052.099609375,2186.89990234375,6694.5,13086.9501953125,463.3500061035156,43103.25,2.1290504343588768
2022-12-05,13007.5498046875,7819.39990234375,26931.650390625,45151.1484375,30891.5,2191.5,6819.75,13052.900390625,466.54998779296875,43332.4453125,2.132717533056721
2022-12-06,12973.7998046875,7823.7998046875,27021.05078125,45287.8515625,30443.0,2169.10009765625,6768.85009765625,12955.349609375,463.3999938964844,43138.05078125,2.122779183781608
2022-12-07,12870.650390625,7834.35009765625,26714.5,45724.6015625,30187.05078125,2137.64990234375,6709.2998046875,12869.7998046875,457.8999938964844,43098.19921875,2.1101691217204657
2022-12-08,12908.150390625,7825.0498046875,26643.19921875,45767.05078125,30115.0,2153.75,6756.9501953125,12728.7001953125,454.3500061035156,43596.34375,2.111240002224516
2022-12-09,12869.400390625,7836.4501953125,26370.44921875,46159.5,29168.44921875,2139.89990234375,6681.5498046875,12774.7001953125,447.54998779296875,43632.94140625,2.0979938211094993
2022-12-12,12874.349609375,7828.75,26450.30078125,46215.19921875,29050.5,2143.199951171875,6708.14990234375,12758.0498046875,449.6000061035156,43708.2421875,2.10011681784105
2022-12-13,12931.0,7835.0,26482.349609375,46145.55078125,29376.55078125,2142.39990234375,6722.0,12797.75,446.0,43946.0390625,2.1039733379682755
2022-12-14,13004.099609375,7827.39990234375,26648.0,45949.3515625,29713.900390625,2164.89990234375,6805.85009765625,12883.599609375,452.45001220703125,44048.58984375,2.1175755086088413
2022-12-15,12912.900390625,7762.39990234375,26489.19921875,45544.55078125,29087.94921875,2119.89990234375,6708.5498046875,12816.099609375,446.54998779296875,43497.6953125,2.0927954738045638
2022-12-16,12775.25,7669.75,26302.0,45320.75,28702.19921875,2092.39990234375,6657.7001953125,12636.2001953125,439.79998779296875,43218.99609375,2.071040810136055
2022-12-19,12978.7998046875,7792.64990234375,26578.69921875,45981.44921875,28556.44921875,2099.10009765625,6742.4501953125,12646.4501953125,443.04998779296875,43413.24609375,2.087734372030614
2022-12-20,12879.400390625,7747.10009765625,26619.5,45694.69921875,28612.5,2082.0,6750.2998046875,12618.4501953125,437.70001220703125,43358.99609375,2.079641617638021
2022-12-21,12695.4501953125,7662.89990234375,26125.30078125,45284.69921875,28764.25,2018.8499755859375,6593.64990234375,12920.400390625,430.6000061035156,42617.453125,2.056699532752568
2022-12-22,12554.7001953125,7612.5498046875,25879.19921875,45085.55078125,28763.900390625,2004.25,6519.25,12892.75,424.5,42408.30859375,2.042052456353576
2022-12-23,12236.0,7456.5,24879.94921875,44314.8984375,28237.05078125,1904.199951171875,6228.0,12784.4501953125,409.8500061035156,41667.56640625,1.9859209322657512
2022-12-26,12236.0,7456.5,24879.94921875,44314.8984375,28237.05078125,1904.199951171875,6228.0,12677.099609375,409.8500061035156,41667.56640625,1.984253361330378
2022-12-27,12522.75,7567.39990234375,25641.69921875,44559.3984375,28636.25,1981.800048828125,6633.9501953125,12694.75,425.04998779296875,42859.0,2.0361586466266983
2022-12-28,12605.4501953125,7590.2001953125,25725.349609375,44589.1484375,28583.44921875,1994.0,6615.75,12624.150390625,427.1499938964844,42827.203125,2.038958962595883
2022-12-29,12634.599609375,7613.14990234375,25863.599609375,44508.0,28687.19921875,1981.1500244140625,6687.10009765625,12634.2998046875,427.75,43251.84765625,2.0448687691689997
2022-12-30,12611.7001953125,7554.35009765625,25869.849609375,44171.44921875,28621.69921875,1992.050048828125,6723.39990234375,12597.599609375,431.79998779296875,42985.94921875,2.0432751556925863
2023-01-02,12667.75,7550.75,26031.0,44192.8515625,28737.30078125,2015.3499755859375,6886.64990234375,12551.400390625,436.1000061035156,43203.1015625,2.055951746640478
2023-01-03,12614.75,7552.5498046875,26005.30078125,44013.6484375,28962.30078125,2001.1500244140625,6850.0498046875,12641.75,436.6499938964844,43425.25,2.0559687506482964
2023-01-04,12512.0498046875,7488.5498046875,25605.55078125,43723.55078125,28677.80078125,1971.199951171875,6705.85009765625,12622.75,427.70001220703125,42958.80078125,2.0318810328094257
2023-01-05,12656.650390625,7534.85009765625,25717.849609375,44401.5,28527.75,1975.0999755859375,6761.2001953125,12753.2001953125,428.70001220703125,42608.69921875,2.041462147464325
2023-01-06,12627.7998046875,7501.7998046875,25728.849609375,44412.8515625,27956.44921875,1946.4000244140625,6697.2998046875,12654.9501953125,425.8500061035156,42188.80078125,2.0263150647436894
2023-01-09,12783.0,7571.7998046875,26163.94921875,44796.6484375,28748.150390625,1955.800048828125,6792.89990234375,12770.599609375,428.45001220703125,42582.75,2.050464450707928
2023-01-10,12819.099609375,7523.2001953125,26092.900390625,44626.05078125,28502.69921875,1936.949951171875,6741.7001953125,12766.599609375,425.1499938964844,42014.75,2.03873872429938
2023-01-11,12753.0498046875,7438.9501953125,25876.599609375,44123.0,28596.349609375,1945.050048828125,6792.14990234375,12682.25,424.95001220703125,42232.69921875,2.034079681931099
2023-01-12,12769.400390625,7434.14990234375,25699.599609375,43966.3515625,28720.30078125,1960.5999755859375,6783.64990234375,12671.4501953125,425.1499938964844,42082.25,2.0335468959143146
2023-01-13,12832.400390625,7456.60009765625,25862.55078125,43955.6015625,28933.75,1972.3499755859375,6869.7998046875,12668.7998046875,426.3999938964844,42371.25,2.0436684342059555
2023-01-16,12748.7998046875,7425.35009765625,26026.900390625,44006.75,29264.650390625,1945.5,6779.25,12659.400390625,425.79998779296875,42167.55078125,2.0384567789042056
2023-01-17,12821.849609375,7485.2998046875,26331.099609375,44536.1015625,29498.0,1928.8499755859375,6793.5,12648.0,430.79998779296875,42235.05078125,2.048950897158701
2023-01-18,12817.599609375,7516.4501953125,26272.55078125,44711.44921875,29617.80078125,1933.5999755859375,6905.7998046875,12734.5,430.95001220703125,42458.0,2.0573647431989603
2023-01-19,12763.0,7452.9501953125,26163.0,44326.05078125,29632.349609375,1914.3499755859375,6867.2998046875,12699.0498046875,430.54998779296875,42328.8515625,2.0476353649363217
2023-01-20,12691.7001953125,7374.9501953125,26135.05078125,43899.6015625,29529.650390625,1888.300048828125,6805.25,12606.4501953125,427.45001220703125,42506.80078125,2.0347069907086377
2023-01-23,12797.0498046875,7425.2001953125,26137.44921875,44261.8984375,30086.0,1891.0,6777.85009765625,12718.4501953125,424.75,42821.25,2.0448130176713675
2023-01-24,12960.849609375,7451.7001953125,25962.25,44324.3515625,30316.900390625,1898.75,6717.60009765625,12593.849609375,420.45001220703125,42733.44921875,2.0431750630107346
2023-01-25,12957.150390625,7392.0498046875,25450.30078125,44284.1484375,30043.900390625,1874.75,6703.7998046875,12440.099609375,412.75,41647.6484375,2.020997164787067
2023-01-27,13089.7001953125,7316.5498046875,24169.94921875,44486.6484375,29766.44921875,1861.199951171875,6389.25,12508.0498046875,407.54998779296875,40345.30078125,1.9911855350565384
2023-01-30,13076.849609375,7289.0498046875,23434.69921875,44220.3515625,30094.849609375,1854.699951171875,6371.64990234375,12484.0,407.0,40387.44921875,1.9835018822395398
2023-01-31,13323.900390625,7349.5,23713.5,44456.8984375,29740.349609375,1898.5999755859375,6468.39990234375,12360.25,411.54998779296875,40655.05078125,1.9992506590185428
2023-02-01,13206.849609375,7347.2001953125,23402.75,44958.30078125,30018.25,1847.300048828125,6177.0498046875,12355.7998046875,407.70001220703125,40513.0,1.9818870615437922
2023-02-02,13213.25,7378.5498046875,22874.0,45981.55078125,30566.75,1856.5,5908.2001953125,12306.2998046875,409.25,40669.30078125,1.9795682690055723
2023-02-03,13377.9501953125,7428.0,22638.400390625,46037.19921875,30597.650390625,1848.3499755859375,5901.9501953125,12184.599609375,405.8999938964844,41499.69921875,1.9811486391697841
2023-02-06,13360.150390625,7419.5498046875,22478.05078125,46293.6015625,30411.099609375,1862.800048828125,5772.39990234375,12193.099609375,408.0,41374.6484375,1.9769182424248224
2023-02-07,13226.0498046875,7359.10009765625,22386.5,45758.1015625,30310.69921875,1853.25,5757.35009765625,12191.400390625,411.6000061035156,41490.94921875,1.9703221887312308
2023-02-08,13257.349609375,7378.35009765625,22559.80078125,45771.6015625,30774.05078125,1863.5999755859375,5975.14990234375,12357.2998046875,411.6499938964844,41537.6484375,1.987380238558392
2023-02-09,13187.849609375,7374.85009765625,22499.75,45671.25,30990.849609375,1874.8499755859375,5880.7001953125,12302.5,409.25,41554.30078125,1.9827773777265516
2023-02-10,13235.0498046875,7363.7998046875,22325.849609375,45488.1015625,30870.19921875,1882.25,5773.60009765625,12327.0,414.79998779296875,41559.3984375,1.9803700519354863
2023-02-13,13154.349609375,7330.0,22258.94921875,45508.3984375,30289.650390625,1836.050048828125,5704.75,12268.099609375,407.8500061035156,41282.19921875,1.9612164856152774
2023-02-14,13106.5498046875,7347.0498046875,22273.849609375,45976.94921875,30588.75,1833.199951171875,5762.85009765625,12248.7998046875,400.3500061035156,41648.3515625,1.9645646099915046
2023-02-15,13235.2001953125,7386.7001953125,22349.150390625,45799.19921875,30934.349609375,1840.9000244140625,5789.64990234375,12237.099609375,405.54998779296875,41731.05078125,1.974170388288392
2023-02-16,13206.0498046875,7387.85009765625,22427.650390625,45758.19921875,31434.849609375,1844.199951171875,5860.75,12298.599609375,410.95001220703125,41631.3515625,1.983404544569442
2023-02-17,13140.0,7345.5498046875,22469.19921875,45617.30078125,31054.849609375,1830.0999755859375,5807.7001953125,12154.0498046875,403.6499938964844,41131.75,1.967089600430834
2023-02-20,13177.400390625,7319.5498046875,22249.05078125,45501.19921875,31222.349609375,1819.050048828125,5762.9501953125,12055.400390625,400.8500061035156,40701.69921875,1.9578650598901197
2023-02-21,13148.75,7311.39990234375,22339.0,45551.94921875,30947.25,1803.3499755859375,5744.14990234375,12019.5,396.04998779296875,40673.6015625,1.9511150237789003
2023-02-22,12989.9501953125,7250.5,21916.44921875,45412.8515625,30608.19921875,1768.550048828125,5592.2998046875,11991.849609375,389.45001220703125,39995.8984375,1.9248351986439616
2023-02-23,12982.25,7207.9501953125,21801.80078125,45530.1015625,30598.400390625,1737.25,5611.7998046875,11968.2001953125,382.5,40001.55078125,1.9164971092587013
2023-02-24,12869.099609375,7177.7001953125,21946.650390625,45372.5,30514.900390625,1731.199951171875,5443.60009765625,11996.2001953125,380.45001220703125,39909.3984375,1.906677425410284
2023-02-27,12675.2998046875,7118.60009765625,21900.599609375,45040.75,29919.19921875,1663.8499755859375,5313.75,11902.5,388.75,40307.1015625,1.8893244481020965
2023-02-28,12731.7998046875,7116.35009765625,21682.25,44940.44921875,29663.94921875,1704.800048828125,5269.10009765625,11747.099609375,393.20001220703125,40269.05078125,1.8887706784590108
2023-03-01,12849.2998046875,7156.9501953125,21874.599609375,45062.55078125,30097.75,1737.5999755859375,5477.7001953125,11764.599609375,397.75,40698.1484375,1.9121333357906876
2023-03-02,12738.7998046875,7108.89990234375,21900.05078125,44831.6015625,29717.44921875,1728.4000244140625,5473.35009765625,11761.099609375,405.95001220703125,40389.80078125,1.907303798729738
2023-03-03,12787.0498046875,7191.7001953125,22268.75,45410.0,29817.05078125,1750.4000244140625,5667.89990234375,11781.7998046875,412.0,41251.3515625,1.9330126306060378
2023-03-06,12909.5,7226.2001953125,22698.5,45552.1015625,30179.75,1750.5,5679.5498046875,11807.900390625,409.8500061035156,41350.3984375,1.9427696272670778
2023-03-08,13019.5,7247.75,22887.75,45722.0,30065.75,1759.949951171875,5679.25,11750.150390625,407.04998779296875,41577.1015625,1.9464411721815218
2023-03-09,12781.2001953125,7186.5498046875,22682.150390625,45260.44921875,29742.349609375,1745.5999755859375,5682.75,11700.400390625,402.29998779296875,41256.75,1.9293656075067842
2023-03-10,12741.599609375,7178.60009765625,22696.75,45334.75,29545.5,1727.9000244140625,5635.7001953125,11683.9501953125,398.1499938964844,40485.44921875,1.9182961290226541
2023-03-13,12456.0,7097.0,22561.650390625,44953.6015625,29267.0,1684.449951171875,5585.25,11597.349609375,390.25,39564.69921875,1.8911211055423265
2023-03-14,12345.5498046875,7059.9501953125,22403.30078125,44714.94921875,28784.69921875,1687.0999755859375,5517.35009765625,11597.9501953125,386.29998779296875,39411.3984375,1.8783706251449737
2023-03-15,12282.0,7047.5,22393.69921875,44464.3515625,28716.5,1666.449951171875,5616.5,11633.9501953125,383.0,39051.5,1.8738337842362334
2023-03-16,12304.900390625,7120.5498046875,22621.349609375,44971.19921875,28517.25,1735.8499755859375,5471.75,11743.2001953125,387.25,39132.6015625,1.8860686692024005
2023-03-17,12245.9501953125,7126.0,22659.0,44858.30078125,28854.44921875,1720.6500244140625,5602.60009765625,11676.150390625,399.0,39598.1015625,1.8971282253124544
2023-03-20,12131.7001953125,7131.2001953125,22585.69921875,45213.05078125,28442.94921875,1722.75,5470.85009765625,11663.2998046875,395.0,39361.94921875,1.8862059643822042
2023-03-21,12141.9501953125,7115.7001953125,22792.900390625,44913.3984375,28164.849609375,1743.949951171875,5494.5,11633.75,394.70001220703125,39894.69921875,1.8896597415723482
2023-03-22,12201.349609375,7135.7998046875,22835.75,45109.5,28217.599609375,1738.3499755859375,5492.35009765625,11754.7001953125,394.29998779296875,39999.05078125,1.8942387925676158
2023-03-23,12205.7001953125,7155.0498046875,22821.75,45267.44921875,27999.25,1737.050048828125,5497.85009765625,11780.849609375,390.04998779296875,39616.8984375,1.8905166353555058
2023-03-24,12113.400390625,7107.10009765625,22613.400390625,45060.0,27935.650390625,1695.6500244140625,5372.89990234375,11755.349609375,380.95001220703125,39395.3515625,1.870118931703516
2023-03-27,12035.099609375,7102.75,22514.55078125,45188.0,27948.75,1677.3499755859375,5372.85009765625,11882.75,376.54998779296875,39431.30078125,1.8666144515132388
2023-03-28,11917.9501953125,7050.25,22388.849609375,45044.25,27702.80078125,1649.0999755859375,5330.2998046875,11873.2001953125,372.0,39567.8984375,1.8537583069039798
2023-03-29,12121.2998046875,7104.60009765625,22373.05078125,45421.6484375,28011.30078125,1692.800048828125,5460.2001953125,11942.5,381.1499938964844,39910.1484375,1.8785120711666534
2023-03-31,12243.7998046875,7161.5,22814.44921875,45904.8984375,28698.599609375,1700.0999755859375,5497.4501953125,12017.0498046875,387.3500061035156,40608.6484375,1.901836616602237
2023-04-03,12425.849609375,7197.85009765625,22805.900390625,45738.44921875,28633.0,1711.699951171875,5477.85009765625,12067.9501953125,390.8500061035156,40813.05078125,1.9085350241679846
2023-04-05,12357.650390625,7241.39990234375,22707.900390625,46361.25,28977.19921875,1723.1500244140625,5496.2998046875,12181.849609375,392.8500061035156,40999.1484375,1.9182828170108974
2023-04-06,12469.349609375,7235.10009765625,22816.05078125,46109.1484375,28764.55078125,1732.800048828125,5528.10009765625,12274.349609375,404.0,41041.0,1.9275937204547937
2023-04-10,12616.75,7240.2001953125,23060.05078125,45909.6484375,29041.599609375,1734.9000244140625,5570.25,12298.75,421.3500061035156,40834.6484375,1.942487691548728
2023-04-11,12742.0498046875,7288.7001953125,23297.19921875,46269.69921875,28675.75,1745.4000244140625,5668.25,12300.0,420.1499938964844,41366.5,1.953381720488959
2023-04-12,12862.2001953125,7304.85009765625,23233.099609375,46112.6015625,28980.349609375,1735.3499755859375,5695.5498046875,12574.2001953125,420.45001220703125,41557.94921875,1.9617449059244079
2023-04-13,12918.650390625,7319.2998046875,23215.650390625,46211.94921875,28342.80078125,1722.5,5710.0498046875,12478.900390625,425.20001220703125,42132.55078125,1.9614421995600493
2023-04-17,12996.150390625,7352.60009765625,23363.75,46688.6015625,27008.19921875,1715.800048828125,5734.5,12403.599609375,429.3999938964844,42262.55078125,1.9589856642047287
2023-04-18,13005.099609375,7348.35009765625,23211.849609375,46536.3515625,27166.94921875,1710.0999755859375,5749.0,12607.349609375,433.8500061035156,42265.19921875,1.9633512710426038
2023-04-19,13002.5498046875,7323.0,23159.400390625,46421.44921875,26687.44921875,1680.8499755859375,5779.64990234375,12625.2998046875,434.54998779296875,42154.0,1.9560100400263285
2023-04-20,13032.349609375,7339.2998046875,23185.25,46256.05078125,26637.150390625,1684.199951171875,5756.9501953125,12485.25,432.70001220703125,42269.5,1.9532015171944106
2023-04-21,12898.75,7344.0498046875,23185.44921875,46669.69921875,26822.099609375,1706.6500244140625,5677.89990234375,12545.75,423.5,42118.0,1.950445258354652
2023-04-24,12893.349609375,7363.89990234375,23207.400390625,46943.05078125,27013.650390625,1684.300048828125,5703.2998046875,12454.349609375,428.0,42635.75,1.9549781942733129
2023-04-25,12904.5498046875,7384.85009765625,23385.75,47051.8515625,26985.80078125,1672.25,5738.25,12456.599609375,430.1000061035156,42678.5,1.9584481038722152
2023-04-26,12972.75,7411.85009765625,23365.80078125,47387.5,27065.0,1675.5,5713.2001953125,12457.849609375,435.95001220703125,42829.8984375,1.9649078175309516
2023-04-27,13071.7998046875,7439.2001953125,23443.650390625,47360.1484375,27355.25,1684.3499755859375,5753.75,12519.349609375,442.6000061035156,43000.8515625,1.9769656144156869
2023-04-28,13189.25,7502.0498046875,23734.55078125,47814.1015625,27708.19921875,1714.8499755859375,5799.39990234375,12613.9501953125,445.1000061035156,43233.8984375,1.9961413285149139
2023-05-02,13283.150390625,7522.64990234375,24046.94921875,47750.19921875,28025.0,1723.0999755859375,5882.0,12590.2998046875,444.95001220703125,43352.1015625,2.0066610854520324
2023-05-03,13278.599609375,7536.85009765625,23901.150390625,48120.6484375,27743.75,1727.9000244140625,5824.25,12586.7998046875,446.20001220703125,43312.69921875,2.004211833557353
2023-05-04,13292.5498046875,7564.75,24042.400390625,48057.3515625,27883.19921875,1737.949951171875,5895.0498046875,12654.650390625,446.3999938964844,43685.44921875,2.013589583275298
2023-05-05,13345.7998046875,7592.39990234375,23946.75,48186.1484375,27719.94921875,1707.6500244140625,5807.0498046875,12608.349609375,445.04998779296875,42661.19921875,2.0011087282499003
2023-05-08,13584.25,7653.60009765625,24129.650390625,48538.44921875,27920.94921875,1697.449951171875,5845.64990234375,12663.099609375,452.3500061035156,43284.0,2.017947193389252
2023-05-09,13648.5,7640.7998046875,24099.099609375,48369.1015625,28125.5,1693.550048828125,5836.85009765625,12716.7001953125,448.5,43198.1484375,2.017051969431468
2023-05-10,13750.849609375,7666.10009765625,24268.94921875,48643.3515625,28091.75,1716.550048828125,5822.10009765625,12716.900390625,452.3500061035156,43331.05078125,2.026140501866648
2023-05-11,13803.75,7715.60009765625,24316.5,48865.0,28102.0,1720.75,5797.2998046875,12557.0498046875,454.5,43475.30078125,2.028345744429754
2023-05-12,13910.5,7749.0,24040.19921875,48950.75,28028.400390625,1701.449951171875,5690.89990234375,12486.7001953125,452.8999938964844,43793.55078125,2.0219490470864465
2023-05-15,14007.849609375,7796.35009765625,24040.19921875,49506.55078125,28165.400390625,1736.550048828125,5701.75,12487.400390625,472.45001220703125,44072.1015625,2.042465755596467
2023-05-16,13877.7001953125,7756.89990234375,24027.80078125,49406.1015625,28216.0,1712.5999755859375,5683.4501953125,12454.5,472.1000061035156,43903.69921875,2.0344394089665414
2023-05-17,13889.900390625,7731.89990234375,23901.150390625,49434.0,27942.94921875,1676.8499755859375,5632.85009765625,12398.5498046875,465.79998779296875,43698.69921875,2.020399458835839
2023-05-18,13767.7001953125,7669.60009765625,23692.150390625,48889.30078125,27892.55078125,1662.9000244140625,5601.64990234375,12241.349609375,454.75,43752.30078125,2.002730060251309
2023-05-19,13863.5498046875,7681.2001953125,23723.349609375,48874.25,28303.650390625,1666.550048828125,5618.0498046875,12124.25,458.70001220703125,43969.3984375,2.009424573644763
2023-05-22,13890.5,7712.2001953125,23898.19921875,49052.25,29007.30078125,1665.0,5797.5,12244.2001953125,461.95001220703125,43885.1015625,2.0270926445900943
2023-05-23,13982.599609375,7726.60009765625,24028.44921875,49118.80078125,28873.69921875,1683.6500244140625,5947.7001953125,12314.2001953125,461.6000061035156,43954.44921875,2.0381093263361003
2023-05-24,13989.599609375,7750.0498046875,24085.25,49355.25,28890.80078125,1692.949951171875,5855.14990234375,12440.4501953125,461.54998779296875,43677.8515625,2.0391527884085434
2023-05-25,14029.5,7808.85009765625,24071.69921875,49657.0,28928.75,1692.0,5872.5498046875,12455.5,466.70001220703125,43681.3984375,2.0457114496587776
2023-05-26,14130.4501953125,7867.7998046875,24238.900390625,50388.0,29355.900390625,1729.949951171875,5935.39990234375,12601.5498046875,472.54998779296875,44018.0,2.0694979465184433
2023-05-29,14219.599609375,7924.7001953125,24261.30078125,50626.3984375,29240.19921875,1738.449951171875,5991.2001953125,12624.2001953125,476.20001220703125,44311.8984375,2.078969662396234
2023-05-30,14177.849609375,7931.35009765625,24218.150390625,50927.19921875,29297.650390625,1750.3499755859375,5936.5498046875,12604.7001953125,475.20001220703125,44436.3515625,2.0791605609748216
2023-05-31,14199.0,7969.75,23875.55078125,51042.75,29319.75,1755.8499755859375,5890.0498046875,12678.400390625,478.79998779296875,44128.1484375,2.0785381622289183
2023-06-01,14257.0,7990.7998046875,23825.30078125,50998.94921875,29446.25,1768.25,5884.2001953125,12812.7998046875,484.0,43790.19921875,2.084347576610203
2023-06-02,14388.599609375,8055.60009765625,23785.69921875,51288.6484375,29328.150390625,1784.5,5956.0,12900.599609375,490.8500061035156,43937.8515625,2.097503305489194
2023-06-05,14570.25,8062.75,23901.69921875,51058.3984375,29238.75,1800.1500244140625,5975.89990234375,12934.5,492.54998779296875,44101.6484375,2.104379275091322
2023-06-06,14729.5,8077.4501953125,23867.30078125,51038.3984375,28689.05078125,1797.550048828125,5967.4501953125,13012.900390625,498.3999938964844,44164.55078125,2.106194962814129
2023-06-07,14819.4501953125,8160.7001953125,24125.150390625,51609.3984375,28913.69921875,1805.699951171875,6057.75,13045.650390625,506.29998779296875,44275.30078125,2.124471663690738
2023-06-08,14692.0,8092.5,24215.0,51143.5,28591.099609375,1778.25,6067.7001953125,12911.349609375,498.25,43995.25,2.1075828429003254
2023-06-09,14626.0,8039.60009765625,24169.5,50674.8515625,28355.349609375,1763.5,6039.35009765625,12861.0498046875,498.45001220703125,43989.0,2.0976939581577665
2023-06-12,14673.849609375,8057.39990234375,24269.05078125,50762.55078125,28784.0,1783.5,6076.2998046875,12856.0498046875,505.5,43944.19921875,2.1095769698220432
2023-06-13,14658.2998046875,8137.0,24399.19921875,51462.69921875,28899.30078125,1815.25,6127.64990234375,12993.75,520.7000122070312,44079.8515625,2.1311158726063533
2023-06-14,14682.7001953125,8162.5498046875,24638.599609375,51767.8984375,28855.05078125,1805.0,6214.75,12976.7998046875,522.1500244140625,43988.0,2.136865593004053
2023-06-15,14707.849609375,8196.7998046875,24633.349609375,52046.44921875,28699.0,1786.9000244140625,6203.0498046875,13160.599609375,518.2000122070312,43443.6015625,2.134297265163935
2023-06-16,14768.4501953125,8256.7001953125,24733.150390625,52440.19921875,28588.80078125,1806.199951171875,6231.5,13241.9501953125,517.0999755859375,43938.1484375,2.144976123693892
2023-06-19,14676.7001953125,8203.7998046875,24539.099609375,52123.8515625,28708.30078125,1790.0999755859375,6203.5,13264.650390625,513.3499755859375,43633.75,2.1346393711719553
2023-06-20,14785.650390625,8217.0498046875,24659.0,52164.69921875,28930.80078125,1768.300048828125,6246.64990234375,13238.849609375,515.8499755859375,43766.5,2.139592488215234
2023-06-21,14777.7001953125,8190.25,24865.44921875,51934.25,29025.69921875,1777.949951171875,6187.75,13247.7001953125,514.1500244140625,43859.19921875,2.1393688374847395
2023-06-22,14702.099609375,8134.7998046875,24607.900390625,51557.80078125,28811.150390625,1778.699951171875,6190.9501953125,13166.849609375,510.04998779296875,43724.8515625,2.1280118672755446
2023-06-23,14550.2001953125,8109.10009765625,24332.19921875,51283.75,28554.30078125,1740.8499755859375,6037.2001953125,13186.2998046875,506.8999938964844,43622.8984375,2.1084193232396404
2023-06-26,14717.849609375,8167.35009765625,24226.650390625,51635.0,28590.099609375,1742.4000244140625,6083.10009765625,13388.599609375,508.54998779296875,43641.05078125,2.118956476890236
2023-06-27,14729.900390625,8190.10009765625,24284.849609375,51598.6015625,28800.150390625,1753.5,6127.64990234375,13426.900390625,514.8499755859375,44121.5,2.1301023160813366
2023-06-28,14840.5498046875,8247.400390625,24554.44921875,51893.3984375,28843.0,1741.699951171875,6211.0498046875,13622.75,517.25,44327.80078125,2.143653075213939
2023-06-30,15147.650390625,8318.75,24696.5,52194.75,29563.0,1743.800048828125,6209.10009765625,13767.5,520.0,44747.3515625,2.1634171880095074
2023-07-03,15106.849609375,8336.349609375,25020.900390625,52741.5,29424.80078125,1752.75,6275.4501953125,13614.0,523.9000244140625,45158.1015625,2.1720073287169894
2023-07-04,15035.0498046875,8317.0498046875,24940.19921875,52814.80078125,29729.849609375,1767.1500244140625,6275.2001953125,13675.4501953125,522.9500122070312,45301.44921875,2.175377020480615
2023-07-05,15281.900390625,8420.5,25034.80078125,53776.19921875,29841.849609375,1793.5,6292.2998046875,13772.0,525.9000244140625,45151.80078125,2.193139844891182
2023-07-06,15453.7001953125,8472.599609375,25575.25,53765.6484375,29805.19921875,1824.199951171875,6325.35009765625,13871.599609375,537.75,45339.8984375,2.213731973761797
2023-07-07,15498.849609375,8397.4501953125,25331.400390625,52942.44921875,29560.44921875,1895.550048828125,6279.25,13769.0,531.4000244140625,44925.0,2.2058652708350244
2023-07-10,15403.2001953125,8348.7001953125,25496.900390625,52536.1484375,29194.75,1877.550048828125,6385.10009765625,13751.7998046875,526.9000244140625,44860.8515625,2.1994080320728044
2023-07-11,15617.4501953125,8445.400390625,25720.150390625,53184.3984375,29324.80078125,1881.0,6369.10009765625,13895.400390625,526.8499755859375,44745.05078125,2.2121952648481074
2023-07-12,15614.900390625,8440.400390625,25700.650390625,53279.5,29118.05078125,1889.8499755859375,6363.25,13936.7001953125,528.2000122070312,44639.44921875,2.2122362665602817
2023-07-13,15519.7001953125,8394.849609375,25334.400390625,53029.94921875,29628.19921875,1854.3499755859375,6379.7001953125,13876.5498046875,533.5999755859375,44665.05078125,2.2072307693426327
2023-07-14,15576.099609375,8437.2001953125,25332.5,53453.69921875,30945.5,1927.4000244140625,6469.4501953125,13945.650390625,539.7999877929688,44819.30078125,2.2369334721918523
2023-07-17,15526.7998046875,8439.0,25521.400390625,53471.6015625,31041.599609375,1988.1500244140625,6500.5498046875,14053.7001953125,539.6500244140625,45449.75,2.251654349633027
2023-07-18,15513.7998046875,8424.0498046875,25612.75,53340.6484375,31371.150390625,1951.550048828125,6446.75,14017.150390625,535.0499877929688,45410.8515625,2.2450056574630453
2023-07-19,15513.150390625,8434.0,25820.69921875,53517.30078125,31353.55078125,1973.5999755859375,6474.5498046875,14092.599609375,536.1500244140625,45669.30078125,2.254154027827224
2023-07-20,15577.0,8500.0,26003.0,54239.69921875,31145.94921875,1974.8499755859375,6485.25,14299.0498046875,536.2999877929688,46186.8984375,2.2664228315905945
2023-07-21,15590.349609375,8443.5,25843.099609375,53697.44921875,29871.05078125,1984.1500244140625,6442.2998046875,14274.0,536.0999755859375,46075.19921875,2.250710535038226
2023-07-24,15617.5498046875,8398.599609375,25749.900390625,52771.69921875,29843.44921875,1980.5,6395.5498046875,14332.0498046875,537.1500244140625,45923.05078125,2.243572060254893
2023-07-25,15765.599609375,8380.599609375,26078.75,52315.94921875,29761.150390625,2010.5,6583.64990234375,14383.25,535.0,45845.0,2.2550462296357665
2023-07-26,15763.25,8400.150390625,26293.75,52865.30078125,29800.400390625,2029.1500244140625,6604.9501953125,14478.349609375,541.3499755859375,46062.3515625,2.2681212514095583
2023-07-27,15572.0,8347.0,26097.69921875,52499.8984375,29745.0,2024.5999755859375,6581.5498046875,14919.9501953125,552.8499755859375,45679.30078125,2.2687916373472548
2023-07-28,15537.900390625,8411.9501953125,26433.69921875,52964.05078125,29490.25,2052.550048828125,6640.7998046875,14962.5498046875,562.9500122070312,45468.1015625,2.281962223560022
2023-07-31,15708.0498046875,8402.2001953125,26853.650390625,52636.8515625,29928.44921875,2061.5,6758.2001953125,14992.150390625,566.75,45651.1015625,2.2977424866532883
2023-08-01,15688.7001953125,8375.2001953125,26783.44921875,52501.1484375,30288.650390625,2058.699951171875,6770.14990234375,15001.2998046875,556.7000122070312,45592.5,2.2941583937895627
2023-08-02,15428.900390625,8312.849609375,26352.349609375,52368.69921875,30043.599609375,2026.449951171875,6633.4501953125,14943.400390625,548.4000244140625,44995.69921875,2.2669889206504177
2023-08-03,15379.7998046875,8254.7998046875,26221.849609375,52062.3515625,29971.150390625,2044.8499755859375,6602.2001953125,15099.2001953125,538.6500244140625,44513.44921875,2.2585827753169094
2023-08-04,15328.400390625,8278.25,26252.05078125,52050.6484375,30436.099609375,2047.4000244140625,6622.89990234375,15241.0,539.1500244140625,44879.5,2.267360564339236
2023-08-07,15390.900390625,8310.25,26266.30078125,52072.5,30779.25,2043.3499755859375,6622.14990234375,15479.25,542.2999877929688,44837.5,2.276118798808538
2023-08-08,15343.650390625,8292.099609375,26174.650390625,51924.3984375,30824.94921875,2058.39990234375,6544.7998046875,15578.5,541.3499755859375,44964.44921875,2.27454221002877
2023-08-09,15486.2001953125,8320.900390625,26328.150390625,52206.19921875,30940.05078125,2101.699951171875,6677.85009765625,15696.849609375,534.6500244140625,44880.69921875,2.288760907807511
2023-08-10,15444.7998046875,8292.099609375,26418.94921875,51728.6484375,30867.0,2241.050048828125,6723.2998046875,15580.7001953125,533.25,44541.80078125,2.298224020571542
2023-08-11,15378.099609375,8232.2998046875,26367.75,51351.69921875,30819.150390625,2200.10009765625,6688.85009765625,15355.5,531.1500244140625,44199.1015625,2.2817255715963265
2023-08-14,15327.4501953125,8223.5498046875,26375.599609375,51604.3984375,31028.900390625,2219.14990234375,6545.9501953125,15305.400390625,527.6500244140625,44090.94921875,2.2777698901000365
2023-08-16,15425.0,8242.2001953125,26541.75,51815.3984375,31212.099609375,2245.800048828125,6484.10009765625,15398.7998046875,533.4500122070312,43946.3984375,2.2871773632477193
2023-08-17,15399.25,8226.7001953125,26266.94921875,51353.75,31060.19921875,2236.89990234375,6480.5,15358.4501953125,534.0999755859375,43891.3515625,2.27920600487508
2023-08-18,15391.75,8217.0,26302.19921875,51464.75,30604.05078125,2251.550048828125,6493.7001953125,15271.5,530.2000122070312,43851.05078125,2.275070629727773
2023-08-21,15427.599609375,8275.4501953125,26462.349609375,51799.0,30937.599609375,2245.050048828125,6578.39990234375,15333.349609375,535.4500122070312,44002.0,2.288829260469005
2023-08-22,15507.900390625,8321.7998046875,26522.099609375,52141.6484375,30902.400390625,2258.35009765625,6634.39990234375,15302.599609375,536.5999755859375,43993.25,2.2963643720237195
2023-08-23,15498.099609375,8302.2998046875,26370.19921875,51888.30078125,30924.099609375,2273.699951171875,6625.5498046875,15282.5,538.9000244140625,44479.05078125,2.297884393227956
2023-08-24,15459.2998046875,8325.4501953125,26171.30078125,52036.75,31112.150390625,2277.85009765625,6602.85009765625,15193.150390625,540.0,44496.19921875,2.2971177503493987
2023-08-25,15363.599609375,8266.0498046875,25981.599609375,51506.80078125,30914.55078125,2265.85009765625,6519.35009765625,15025.2001953125,532.9500122070312,44231.44921875,2.277573175840205
2023-08-28,15475.25,8271.349609375,26015.80078125,51390.80078125,30773.599609375,2273.550048828125,6533.2998046875,15161.7998046875,537.9500122070312,44494.6484375,2.2849467774595764
2023-08-29,15578.900390625,8283.4501953125,26056.650390625,51223.05078125,30866.05078125,2291.10009765625,6616.7001953125,15121.099609375,547.0499877929688,44495.25,2.2950464247660562
2023-08-30,15678.099609375,8339.2998046875,25959.05078125,51513.55078125,31103.900390625,2302.25,6677.7998046875,15125.5,554.7999877929688,44232.6015625,2.3054652810387797
2023-08-31,15670.25,8298.4501953125,25722.94921875,51092.6484375,31164.900390625,2293.10009765625,6659.35009765625,15095.900390625,558.4000244140625,43989.1484375,2.2989147714567895
2023-09-01,15928.2998046875,8358.7001953125,26332.900390625,51240.5,31514.349609375,2296.10009765625,6851.0,15011.7998046875,563.6500244140625,44436.1015625,2.3231971909597475
2023-09-04,15943.599609375,8343.900390625,26633.05078125,51171.75,32163.94921875,2332.699951171875,7007.0498046875,15052.599609375,570.1500244140625,44578.30078125,2.3431829485644555
2023-09-05,15942.75,8384.099609375,26743.0,51548.44921875,32365.30078125,2407.14990234375,7039.14990234375,15218.25,576.2000122070312,44532.1484375,2.36183281509072
2023-09-06,15921.25,8448.2998046875,26819.900390625,52064.8515625,32312.30078125,2411.89990234375,6983.7001953125,15355.2998046875,570.6500244140625,44409.1015625,2.363786289219485
2023-09-07,15995.849609375,8447.599609375,27062.849609375,51853.1015625,32448.349609375,2438.25,6981.14990234375,15306.150390625,579.0999755859375,44878.3515625,2.3747868204648186
2023-09-08,16102.900390625,8472.650390625,27438.05078125,51778.30078125,32415.650390625,2414.60009765625,6977.89990234375,15250.5498046875,591.4000244140625,45156.3984375,2.3830295844670966
2023-09-11,16374.9501953125,8550.25,27716.599609375,52239.05078125,32642.80078125,2406.75,7104.39990234375,15309.9501953125,596.5999755859375,45570.69921875,2.404203064745544
2023-09-12,16070.0498046875,8480.900390625,27025.099609375,52065.8984375,32977.8984375,2303.300048828125,6914.5498046875,15328.650390625,577.25,45511.3515625,2.3688734196310737
2023-09-13,15995.9501953125,8517.5498046875,27275.349609375,52223.6484375,32886.69921875,2338.449951171875,6943.64990234375,15448.9501953125,581.1500244140625,45909.44921875,2.381204660313592
2023-09-14,16169.650390625,8529.400390625,27420.55078125,52143.19921875,33045.3984375,2329.14990234375,7046.89990234375,15489.2998046875,589.25,46000.8515625,2.39318027951108
2023-09-15,16425.80078125,8566.849609375,27338.150390625,51895.1484375,33355.05078125,2326.85009765625,7035.7998046875,15583.5498046875,586.9500122070312,46231.5,2.3995158434448416
2023-09-18,16563.900390625,8604.650390625,27536.19921875,52198.6015625,33129.5,2297.25,6957.7998046875,15503.4501953125,578.9000244140625,45979.8515625,2.392567855388698
2023-09-20,16479.69921875,8544.2001953125,27440.30078125,51924.1484375,32949.19921875,2291.35009765625,6844.0498046875,15460.2001953125,572.1500244140625,45384.6015625,2.3751968689328087
2023-09-21,16200.400390625,8504.349609375,27226.599609375,51672.6484375,32919.94921875,2292.0,6806.60009765625,15306.7001953125,565.25,44623.8515625,2.3564161023367567
2023-09-22,16234.349609375,8503.099609375,27102.400390625,51608.5,32906.30078125,2292.050048828125,6761.7998046875,15069.099609375,561.5,44612.05078125,2.348580897728002
2023-09-25,16221.5498046875,8518.7998046875,27105.5,51642.44921875,32648.599609375,2275.300048828125,6754.25,15017.400390625,570.0499877929688,44766.1015625,2.34877436159637
2023-09-26,16278.25,8529.5,27134.400390625,51912.8515625,32471.0,2255.64990234375,6775.2998046875,14981.650390625,571.7999877929688,44624.19921875,2.348213868499155
2023-09-27,16283.400390625,8555.650390625,27231.44921875,52329.5,32594.650390625,2256.14990234375,6777.2998046875,15159.7998046875,576.0,44588.30078125,2.357076410969819
2023-09-28,16092.2001953125,8429.150390625,27062.75,51329.1015625,31879.599609375,2224.550048828125,6712.0,15023.150390625,570.4000244140625,44300.94921875,2.328178795701688
2023-09-29,16184.400390625,8459.900390625,27321.75,51602.6484375,31784.400390625,2268.199951171875,6839.2998046875,15422.75,575.6500244140625,44584.55078125,2.3519456738780358
2023-10-03,15990.599609375,8432.400390625,26973.05078125,51320.8515625,31717.25,2290.89990234375,6798.0,15281.2998046875,578.2999877929688,44399.05078125,2.3424624235070475
2023-10-04,15782.599609375,8405.900390625,26738.44921875,51435.75,31811.5,2251.5,6725.9501953125,15067.150390625,568.2999877929688,43964.05078125,2.3217227241828895
2023-10-05,15916.099609375,8448.2001953125,26688.25,51384.55078125,32125.400390625,2287.14990234375,6709.10009765625,15021.400390625,569.9500122070312,44213.3515625,2.3308591056653856
2023-10-06,15990.650390625,8485.599609375,26731.650390625,51577.8984375,32341.69921875,2286.75,6744.39990234375,15128.4501953125,587.5,44360.6015625,2.3466083756630374
2023-10-09,15832.849609375,8435.0,26472.94921875,51502.8515625,32308.55078125,2236.85009765625,6647.14990234375,15103.849609375,582.8499755859375,43886.5,2.326789349972989
2023-10-10,16028.7001953125,8496.2998046875,26751.900390625,51803.94921875,32569.44921875,2259.35009765625,6783.14990234375,15106.7001953125,606.2000122070312,44360.1484375,2.35602724727368
2023-10-11,16175.7998046875,8571.0,27002.5,52254.44921875,32548.05078125,2278.75,6812.14990234375,15176.599609375,611.2999877929688,44516.8984375,2.371297031558775
2023-10-12,16301.7001953125,8581.4501953125,27176.05078125,52363.94921875,32003.650390625,2347.5,6863.0498046875,15186.2001953125,610.2000122070312,44599.19921875,2.3805742809205284
2023-10-13,16444.94921875,8602.4501953125,27201.349609375,52520.69921875,31807.94921875,2319.85009765625,6820.7998046875,15235.0498046875,612.7999877929688,44287.94921875,2.3785765218830415
2023-10-16,16519.349609375,8587.5,27258.05078125,52401.94921875,31750.400390625,2314.449951171875,6882.7998046875,15164.75,610.7000122070312,44225.8984375,2.3781294214983304
2023-10-17,16522.75,8616.0498046875,27510.25,52665.30078125,31794.900390625,2316.85009765625,6902.0,15211.9501953125,610.9000244140625,44409.5,2.3854131421767226
2023-10-18,16535.400390625,8577.349609375,27246.400390625,52442.05078125,31606.650390625,2323.14990234375,6863.39990234375,15331.2998046875,608.0499877929688,43888.69921875,2.377088767349618
2023-10-19,16618.0,8594.400390625,27089.05078125,52516.3515625,31540.05078125,2326.300048828125,6803.2998046875,15273.400390625,605.9000244140625,43754.5,2.372987598704785
2023-10-20,16497.849609375,8524.7001953125,26955.69921875,51823.3515625,31469.349609375,2304.10009765625,6712.75,15107.150390625,599.3499755859375,43723.05078125,2.3537741853110568
2023-10-23,16277.849609375,8433.5,26449.650390625,51421.6484375,30848.400390625,2189.449951171875,6494.0,14911.650390625,584.4000244140625,43151.19921875,2.3058513636205733
2023-10-25,16210.4501953125,8383.2998046875,26328.5,51216.8515625,30530.5,2153.0,6503.64990234375,14800.150390625,578.7999877929688,42832.0,2.2900377059079835
2023-10-26,15953.0498046875,8260.0,26045.0,50941.1015625,30225.650390625,2125.699951171875,6398.0498046875,14648.5498046875,571.8499755859375,42280.1484375,2.262379714803696
2023-10-27,16169.150390625,8342.9501953125,26522.650390625,51395.0,30599.69921875,2180.5,6453.10009765625,14738.5,583.0,42782.0,2.2929457584975323
2023-10-30,16023.4501953125,8335.599609375,26840.900390625,51180.69921875,30641.0,2179.300048828125,6467.9501953125,14775.599609375,595.4500122070312,43039.1484375,2.300035780834919
2023-10-31,15916.2001953125,8331.7998046875,26785.05078125,51262.6015625,30582.25,2199.050048828125,6452.4501953125,14683.650390625,603.0,42845.94921875,2.2998256894836957
2023-11-01,15835.650390625,8298.0,26679.19921875,51087.80078125,30344.849609375,2218.449951171875,6359.89990234375,14735.25,612.3499755859375,42700.94921875,2.2965765117469132
2023-11-02,15948.650390625,8371.7998046875,26960.80078125,51589.0,30582.75,2236.0,6448.9501953125,14834.4501953125,627.7999877929688,43017.19921875,2.320809258690251
2023-11-03,16045.400390625,8443.0498046875,27085.80078125,51901.5,30779.94921875,2266.75,6479.14990234375,14882.349609375,643.75,43318.25,2.340718924925997
2023-11-06,16172.75,8499.849609375,27448.900390625,52075.69921875,30972.94921875,2282.0,6567.10009765625,15072.2998046875,651.5,43619.3984375,2.3617275209054185
2023-11-07,16143.75,8514.9501953125,27508.349609375,52130.0,30981.599609375,2267.300048828125,6576.85009765625,15271.75,642.7999877929688,43737.8984375,2.3619896726384124
2023-11-08,16220.7998046875,8573.400390625,27622.849609375,52455.19921875,30917.19921875,2265.699951171875,6626.2998046875,15497.25,652.5499877929688,43658.6484375,2.374955585968729
2023-11-09,16355.2998046875,8570.25,27541.80078125,51983.0,30717.69921875,2260.25,6599.64990234375,15491.849609375,660.5999755859375,43683.6015625,2.373926658120783
2023-11-10,16286.7001953125,8565.4501953125,27738.0,52076.05078125,30639.05078125,2232.449951171875,6646.0498046875,15516.5,662.0999755859375,43820.1015625,2.3747140102133515
2023-11-13,16365.2998046875,8582.4501953125,28066.25,52025.6015625,30635.849609375,2237.800048828125,6714.10009765625,15497.150390625,663.4500122070312,43891.25,2.382460988017036
2023-11-15,16648.5,8664.150390625,28352.5,52383.44921875,31429.349609375,2254.800048828125,6792.39990234375,15516.25,683.0499877929688,44201.69921875,2.4126967125139616
2023-11-16,16788.900390625,8699.5498046875,28447.80078125,52305.75,32273.349609375,2273.25,6792.39990234375,15651.099609375,689.3499755859375,44161.55078125,2.428726485837224
2023-11-17,16905.5,8759.349609375,28312.650390625,52756.1015625,32191.349609375,2275.89990234375,6803.89990234375,15804.5,692.7000122070312,43583.94921875,2.4334813814195804
2023-11-20,16777.30078125,8752.0,28287.19921875,52550.1015625,32383.19921875,2262.14990234375,6771.5498046875,15806.75,691.0,43584.94921875,2.4285288927701516
2023-11-21,16860.099609375,8768.25,28356.25,52466.19921875,32325.69921875,2287.550048828125,6854.2001953125,15968.900390625,698.7999877929688,43689.1484375,2.4414563320797815
2023-11-22,16972.19921875,8789.25,28504.650390625,52691.19921875,32564.400390625,2267.550048828125,6792.64990234375,16069.7998046875,693.9500122070312,43449.6015625,2.4419744416395313
2023-11-23,17033.55078125,8815.0,28594.849609375,52823.05078125,32370.650390625,2278.14990234375,6828.35009765625,15817.4501953125,701.0999755859375,43577.5,2.4453285773620714
2023-11-24,17040.349609375,8788.599609375,28558.75,52576.8984375,32055.150390625,2283.449951171875,6874.25,15954.5,702.9500122070312,43769.1015625,2.446914077310233
2023-11-28,17202.75,8839.849609375,29252.94921875,52489.5,32118.5,2288.85009765625,7001.64990234375,15900.2998046875,706.9500122070312,43880.94921875,2.4629976070954673
2023-11-29,17482.44921875,8899.2998046875,29311.849609375,52725.44921875,32608.400390625,2285.85009765625,7016.39990234375,15990.099609375,703.4500122070312,44566.44921875,2.478233805005734
2023-11-30,17551.849609375,8987.099609375,29294.900390625,53013.80078125,32582.19921875,2296.550048828125,7017.4501953125,16238.900390625,713.5999755859375,44481.75,2.49083350641228
2023-12-01,17489.05078125,9044.4501953125,29559.75,53851.44921875,32598.69921875,2355.64990234375,7087.0,16257.0498046875,723.0499877929688,44814.19921875,2.512162690162812
2023-12-04,17687.25,9152.25,30330.5,54237.69921875,32665.55078125,2337.300048828125,7202.60009765625,16228.400390625,737.75,46431.3984375,2.5427422677590172
2023-12-05,17792.099609375,9198.7001953125,31311.900390625,54110.8984375,32479.150390625,2323.75,7423.39990234375,16229.650390625,734.3499755859375,47012.25,2.560071683498687
2023-12-06,17788.400390625,9238.400390625,31797.25,54662.55078125,33022.6015625,2372.699951171875,7425.35009765625,16169.5498046875,732.2000122070312,46834.55078125,2.574779975777744
2023-12-07,17867.349609375,9220.150390625,32188.80078125,54173.1484375,32961.6015625,2394.5,7369.85009765625,16294.2001953125,734.7999877929688,46841.3984375,2.5791818057576337
2023-12-08,17769.099609375,9167.099609375,31896.25,53636.3515625,33392.8984375,2396.0,7362.89990234375,16163.150390625,738.7000122070312,47262.0,2.576283374080139
2023-12-11,17852.30078125,9196.599609375,32023.05078125,53976.8984375,33514.25,2426.699951171875,7439.7001953125,16039.900390625,744.9500122070312,47314.25,2.588403169738805
2023-12-12,17726.5,9148.25,31603.19921875,53837.0,33493.8984375,2440.949951171875,7462.60009765625,15963.5,731.9500122070312,47097.55078125,2.57637801310824
2023-12-13,17917.900390625,9217.400390625,31812.099609375,54215.3515625,33066.6484375,2450.800048828125,7528.2001953125,16142.400390625,743.7000122070312,47092.25,2.591633062128514
2023-12-14,18045.05078125,9270.9501953125,32075.80078125,54361.44921875,34223.3515625,2441.5,7574.25,16155.7001953125,772.5499877929688,47732.30078125,2.6212816235103857
2023-12-15,18038.25,9257.0498046875,32580.650390625,54186.19921875,35782.44921875,2437.050048828125,7735.35009765625,16179.7998046875,767.0499877929688,48143.55078125,2.641892969854545
2023-12-18,18068.25,9259.0,32521.25,54017.05078125,35685.55078125,2465.75,7768.5498046875,16332.150390625,759.7000122070312,47867.69921875,2.643053731263082
2023-12-19,17932.69921875,9298.150390625,33036.1484375,54776.55078125,35345.0,2447.449951171875,7716.64990234375,16391.25,755.6500244140625,47870.8984375,2.643404754140104
2023-12-20,17523.55078125,9160.4501953125,32151.599609375,54597.8984375,34741.05078125,2322.35009765625,7421.5498046875,16121.25,737.2999877929688,47445.30078125,2.58425804894417
2023-12-21,17537.849609375,9195.4501953125,32720.099609375,54803.30078125,34846.05078125,2380.199951171875,7524.0,16238.150390625,744.0999755859375,47840.1484375,2.6081918559211195
2023-12-22,17778.900390625,9279.0,32810.1484375,55101.05078125,35637.80078125,2390.5,7652.64990234375,16394.349609375,763.0499877929688,47491.8515625,2.6350481438931816
2023-12-26,17953.55078125,9365.9501953125,33246.25,55484.3984375,35493.44921875,2376.60009765625,7739.7998046875,16562.599609375,764.9000244140625,47724.8515625,2.650478802281989
2023-12-27,18224.849609375,9450.2998046875,33212.6015625,55750.3515625,35741.0,2379.5,7847.75,16655.94921875,770.0999755859375,48282.19921875,2.670132955951157
2023-12-28,18408.599609375,9541.650390625,33721.3984375,56504.5,35691.6484375,2379.699951171875,7926.35009765625,16860.849609375,777.4000244140625,48508.55078125,2.692504308910514
2023-12-29,18618.19921875,9577.9501953125,33468.05078125,56987.19921875,35515.0,2388.14990234375,7978.0,16831.80078125,783.0499877929688,48292.25,2.6985418967482278
2024-01-01,18618.19921875,9577.9501953125,33468.05078125,56987.19921875,35515.0,2388.14990234375,7978.0,16858.75,783.0499877929688,48292.25,2.698973957445872
2024-01-02,18339.349609375,9520.849609375,33703.69921875,57209.5,35283.1015625,2442.5,8023.89990234375,17274.30078125,778.4500122070312,47761.6484375,2.704310408806118
2024-01-03,18317.5,9544.9501953125,33791.6015625,57213.30078125,34395.44921875,2454.449951171875,7878.39990234375,17379.80078125,788.0,47704.94921875,2.699660025739808
2024-01-04,18326.75,9615.75,34189.25,57703.8984375,34409.3984375,2464.699951171875,7883.0498046875,17413.19921875,841.2999877929688,48195.8515625,2.7302440832630843
2024-01-05,18406.94921875,9604.9501953125,34216.1484375,57667.3515625,34851.75,2468.0,7871.7998046875,17358.599609375,844.3499755859375,48159.0,2.7345848628766642
2024-01-08,18350.19921875,9497.900390625,34142.6015625,56672.8515625,34514.6484375,2469.89990234375,7747.0,17195.94921875,845.4500122070312,47450.25,2.712389871359029
2024-01-09,18519.80078125,9543.7001953125,34226.69921875,56573.1015625,34662.44921875,2387.800048828125,7808.2998046875,17346.30078125,866.75,47242.6484375,2.7187055076429405
2024-01-10,18559.099609375,9553.349609375,34330.6484375,56348.94921875,34834.3515625,2470.64990234375,7882.64990234375,17401.900390625,865.7999877929688,47360.8515625,2.7339296147086194
2024-01-11,18755.099609375,9578.7998046875,34776.69921875,56228.55078125,34735.25,2462.050048828125,7876.14990234375,17380.55078125,865.4500122070312,47438.3515625,2.738559783838973
2024-01-12,18715.19921875,9613.2001953125,34969.94921875,56485.75,36521.69921875,2446.050048828125,7898.35009765625,17347.44921875,881.0499877929688,47709.80078125,2.7607936788991787
2024-01-15,18765.25,9672.349609375,35449.8515625,56657.30078125,37201.94921875,2399.550048828125,7864.10009765625,17520.44921875,883.2999877929688,48158.30078125,2.772608203847198
2024-01-16,18712.69921875,9656.7001953125,35185.05078125,56755.8515625,36727.1015625,2407.64990234375,7941.85009765625,17320.150390625,868.5999755859375,48125.1015625,2.7619574256713633
2024-01-17,18447.25,9572.400390625,34853.25,56259.5,36960.3984375,2404.699951171875,7693.5498046875,17154.0,856.2999877929688,46064.44921875,2.7250022013102675
2024-01-18,18496.25,9501.7001953125,34580.5,55953.6015625,36730.5,2392.89990234375,7629.10009765625,17331.25,862.5,45713.55078125,2.717497246714243
2024-01-19,18694.599609375,9640.099609375,34985.30078125,56640.5,37069.25,2369.89990234375,7732.35009765625,17388.0,868.5,45701.1484375,2.7371653912474314
2024-01-23,18361.0,9471.349609375,34324.30078125,54973.8984375,36521.3515625,2067.300048828125,7486.85009765625,17520.30078125,816.1500244140625,45015.05078125,2.648053518231788
2024-01-24,18593.69921875,9588.900390625,34895.1015625,55858.69921875,37090.1484375,2130.64990234375,7708.64990234375,17763.69921875,818.0999755859375,45082.3984375,2.688153095200682
2024-01-25,18614.900390625,9532.5498046875,35203.8515625,55214.1015625,36496.19921875,2134.60009765625,7719.64990234375,17532.55078125,823.5499877929688,44866.1484375,2.679736931061867
2024-01-29,18927.25,9606.5,37024.75,55139.1015625,36531.8984375,2134.699951171875,7843.75,17623.599609375,833.9000244140625,45442.3515625,2.7125925169190594
2024-01-30,18878.349609375,9518.900390625,36398.80078125,54574.3515625,36381.94921875,2143.449951171875,7864.0,17470.150390625,837.0999755859375,45367.75,2.7009863448645572
2024-01-31,19227.150390625,9627.9501953125,36748.0,55071.3984375,36638.3984375,2151.0,7973.10009765625,17938.650390625,856.2000122070312,45996.80078125,2.7378758735720896
2024-02-01,19328.69921875,9636.400390625,36910.6015625,55215.80078125,36534.55078125,2127.60009765625,7891.0498046875,17839.19921875,848.1500244140625,46188.6484375,2.7319694839480104
2024-02-02,19380.5,9633.099609375,38077.69921875,55118.3984375,37323.25,2129.050048828125,8078.25,17972.099609375,856.2000122070312,45970.94921875,2.756670107407556
2024-02-05,19615.30078125,9553.5498046875,38481.30078125,54698.3984375,37162.1484375,2124.199951171875,8109.5498046875,18292.94921875,862.75,45825.55078125,2.7639633811845523
2024-02-06,19903.849609375,9626.599609375,38721.3984375,54608.80078125,38246.30078125,2129.25,8238.25,18488.05078125,866.25,45690.80078125,2.787777937884286
2024-02-07,19903.80078125,9723.5498046875,38945.5,54772.6015625,37767.75,2154.800048828125,8276.650390625,18564.849609375,882.1500244140625,45818.5,2.8012451261798197
2024-02-08,19649.5,9668.2998046875,39354.3515625,53646.19921875,37851.6015625,2197.60009765625,8221.849609375,18520.30078125,876.0499877929688,45012.0,2.7900455954563848
2024-02-09,19576.0,9664.5,39037.6484375,53867.1015625,37699.25,2191.800048828125,8095.60009765625,18617.099609375,875.9500122070312,45634.55078125,2.786937597461285
2024-02-12,19419.599609375,9603.150390625,38097.1015625,53292.94921875,37998.0,2094.050048828125,7901.64990234375,18669.55078125,849.9500122070312,44882.25,2.7442778504679706
2024-02-13,19433.05078125,9638.7001953125,38394.30078125,53432.05078125,38204.0,2093.39990234375,7737.85009765625,18753.94921875,850.4000244140625,45502.3984375,2.7492324121721157
2024-02-14,19716.0,9703.400390625,39253.5,53839.05078125,37775.3984375,2146.0,7874.7998046875,18584.349609375,861.0,45908.30078125,2.77540964065666
2024-02-15,19981.69921875,9730.9501953125,39942.1484375,53321.3515625,37999.55078125,2143.64990234375,7910.60009765625,18567.69921875,869.4000244140625,46218.8984375,2.789079684373201
2024-02-16,20423.44921875,9819.4501953125,39682.3984375,53518.6015625,38477.05078125,2164.800048828125,7976.4501953125,18870.80078125,882.7000122070312,46384.8515625,2.8153996132862766
2024-02-19,20423.44921875,9819.4501953125,39682.3984375,53518.6015625,38477.05078125,2164.800048828125,7976.4501953125,19037.69921875,882.7000122070312,46384.8515625,2.817889628425764
2024-02-20,20354.25,9882.650390625,39955.1484375,53882.5,38029.69921875,2223.0,7955.7998046875,18993.0,887.0,47094.19921875,2.8311918250645407
2024-02-21,20252.55078125,9870.150390625,39283.1484375,53892.3515625,37405.8984375,2113.949951171875,7976.4501953125,18916.44921875,904.75,47019.69921875,2.8109881098542777
2024-02-22,20584.849609375,9962.900390625,39589.55078125,54419.19921875,38130.1484375,2135.199951171875,8069.39990234375,18969.44921875,909.6500244140625,46919.80078125,2.836439027302172
2024-02-23,20621.349609375,9951.900390625,39561.44921875,54337.75,38045.6484375,2164.300048828125,8047.75,19048.400390625,918.75,46811.75,2.84184391113838
2024-02-26,20642.400390625,9892.099609375,39758.8984375,54317.30078125,37598.6484375,2156.39990234375,7971.75,18956.44921875,919.3499755859375,46576.5,2.8320633986243853
2024-02-27,20788.55078125,9938.5498046875,39659.5,54306.44921875,37870.25,2142.800048828125,8000.5498046875,19064.19921875,929.1500244140625,46588.05078125,2.8406155266170905
2024-02-28,20372.349609375,9801.900390625,38748.05078125,53824.8984375,37741.75,2068.75,7850.35009765625,18942.55078125,909.5,45963.1484375,2.7942321219083515
2024-02-29,20412.400390625,9806.150390625,38838.0,54015.6015625,37720.3984375,2049.949951171875,7921.89990234375,19003.150390625,910.5499877929688,46120.8984375,2.7985661119126055
2024-03-01,20871.94921875,9883.7001953125,39707.1015625,54225.1484375,37516.05078125,2019.9000244140625,8208.5,18822.30078125,917.0999755859375,47286.8984375,2.8253591356039287
2024-03-04,20840.19921875,9885.0498046875,40466.6015625,54221.75,37314.80078125,2017.1500244140625,8318.9501953125,18960.19921875,927.4500122070312,47456.1015625,2.8385253634087904
2024-03-05,21121.19921875,9885.900390625,40646.1015625,53653.1015625,36720.75,1989.5,8300.5498046875,19018.5,930.3499755859375,47581.0,2.8341291060270013
2024-03-06,21181.30078125,9961.599609375,40451.5,53879.6015625,37001.80078125,1939.050048828125,8257.650390625,19140.0,917.8499755859375,47965.3984375,2.8307552468775836
2024-03-07,21126.80078125,10021.0,40301.80078125,54406.30078125,37099.8984375,1988.3499755859375,8371.2998046875,19194.099609375,916.5,47835.80078125,2.844896956901217
2024-03-11,21001.150390625,9981.349609375,39853.1015625,54087.44921875,36988.30078125,1930.5,8250.75,19202.05078125,906.5499877929688,47327.8515625,2.8180235035530217
2024-03-12,20931.849609375,9929.849609375,39599.25,53636.1015625,37224.25,1894.8499755859375,8108.39990234375,18958.69921875,872.9000244140625,47282.3984375,2.7889226381637835
2024-03-13,20338.25,9753.900390625,37439.3984375,53664.1484375,36946.44921875,1788.3499755859375,7647.39990234375,18635.69921875,826.5,46981.30078125,2.7060410157281556
2024-03-14,20514.25,9894.900390625,38159.94921875,54145.80078125,37679.6015625,1823.300048828125,7799.9501953125,18897.099609375,831.5499877929688,46789.94921875,2.7403344999805435
2024-03-15,20192.30078125,9858.5,37583.1015625,54155.44921875,37500.69921875,1822.5,7802.64990234375,18718.44921875,830.1500244140625,46594.1015625,2.7254065925337105
2024-03-18,20446.599609375,9879.5,37825.3984375,53907.8515625,36886.05078125,1843.5,7996.89990234375,18814.349609375,834.0499877929688,46575.8984375,2.737959056024474
2024-03-19,20354.099609375,9766.9501953125,37232.1015625,52740.8984375,35814.6484375,1798.300048828125,7923.60009765625,18405.650390625,829.2000122070312,46384.80078125,2.697541288324155
2024-03-20,20406.44921875,9819.349609375,37630.69921875,52993.5,35748.8984375,1794.8499755859375,7860.89990234375,18361.400390625,834.3499755859375,46310.8984375,2.7013119274483692
2024-03-21,20700.25,9887.400390625,38328.3515625,53338.3515625,36026.80078125,1826.949951171875,8052.75,18582.599609375,859.4000244140625,46684.8984375,2.740909024126529
2024-03-22,21046.400390625,9994.5498046875,38411.55078125,53775.69921875,35188.3984375,1849.800048828125,8130.7998046875,18815.599609375,874.5,46863.75,2.7603138764129187
2024-03-26,21038.30078125,9970.599609375,38428.5,53687.69921875,34969.1015625,1819.050048828125,8161.2001953125,18809.44921875,888.2000122070312,46600.19921875,2.7566212778627137
2024-03-27,21146.19921875,10017.0,38690.1484375,53543.55078125,34744.3515625,1808.5999755859375,8154.9501953125,18768.400390625,895.75,46785.94921875,2.7597286630518405
2024-03-28,21419.099609375,10128.400390625,39020.6015625,53949.19921875,34898.1484375,1795.8499755859375,8257.2001953125,18996.150390625,900.6500244140625,47124.6015625,2.780399658625882
2024-04-01,21385.25,10133.2001953125,39489.69921875,53889.1484375,35042.80078125,1880.050048828125,8562.7001953125,19207.900390625,939.9000244140625,47578.25,2.8254933940645164
2024-04-02,21614.25,10160.349609375,39693.75,54096.94921875,34793.94921875,1914.9000244140625,8690.849609375,19185.150390625,949.3499755859375,47545.44921875,2.8415966163566937
2024-04-03,21555.349609375,10131.7998046875,39704.55078125,53866.69921875,35047.3984375,1925.8499755859375,8691.2001953125,19153.05078125,924.8499755859375,47624.25,2.835260104734217
2024-04-04,21651.849609375,10175.5498046875,39530.3515625,53634.44921875,35426.69921875,1923.800048828125,8684.4501953125,19125.19921875,924.5,48060.80078125,2.839913165347543
2024-04-05,21600.900390625,10159.5,39451.55078125,53925.94921875,35247.8984375,1916.25,8699.0498046875,19160.75,937.75,48493.05078125,2.844856134400141
2024-04-08,22067.94921875,10251.2998046875,39951.25,53966.05078125,35064.1484375,1901.5,8794.650390625,19218.849609375,950.25,48581.69921875,2.862021089663686
2024-04-09,21999.349609375,10230.099609375,39693.44921875,53629.3515625,35079.3515625,1877.5999755859375,8894.400390625,19182.30078125,955.2999877929688,48730.55078125,2.858533625132976
2024-04-10,21985.150390625,10313.099609375,40120.1015625,54290.8984375,35293.1484375,1911.3499755859375,8999.599609375,19117.0,960.9000244140625,48986.6015625,2.8797329921167525
2024-04-12,21851.30078125,10221.75,39756.0,53701.3984375,35018.1015625,1888.25,8951.2998046875,18788.650390625,952.4000244140625,48564.55078125,2.852443963838509
2024-04-15,21680.30078125,10120.4501953125,39629.25,53174.94921875,34463.6015625,1846.0999755859375,8899.7001953125,18617.650390625,942.0499877929688,47773.25,2.820807199335765
2024-04-16,21703.05078125,10112.75,39712.75,53402.25,33574.94921875,1875.1500244140625,8851.9501953125,18695.599609375,937.75,47484.80078125,2.8165308192483782
2024-04-18,21520.75,10067.2998046875,39359.55078125,52825.5,33498.6484375,1889.550048828125,8824.25,18525.75,932.75,47069.44921875,2.8014695712365447
2024-04-19,21609.69921875,10150.0498046875,39357.8515625,53055.44921875,33368.30078125,1870.3499755859375,8909.0,18404.599609375,926.25,47574.1484375,2.804111025120632
2024-04-22,21812.69921875,10234.2998046875,39570.05078125,53499.44921875,33538.80078125,1875.0999755859375,8931.2001953125,18643.0,933.0999755859375,47924.8984375,2.8235483002817094
2024-04-23,21914.30078125,10314.5498046875,39446.6015625,53905.30078125,33714.55078125,1885.0,8900.4501953125,18463.75,957.2000122070312,47970.44921875,2.835183006402532
2024-04-24,21896.900390625,10317.400390625,39561.8515625,53932.5,33442.55078125,1879.5999755859375,9140.099609375,18586.19921875,965.75,48189.0,2.846246392079379
2024-04-25,22174.05078125,10350.849609375,39989.25,54291.6484375,33554.44921875,1888.5999755859375,9242.0,18878.150390625,963.3499755859375,48494.94921875,2.866800935031618
2024-04-26,22111.55078125,10325.7998046875,39968.30078125,54300.75,33666.25,1910.949951171875,9222.650390625,18994.650390625,969.0499877929688,48201.05078125,2.8706725862709908
2024-04-29,22078.75,10352.2001953125,40352.1015625,54332.1484375,33579.3984375,1912.3499755859375,9268.7998046875,19096.900390625,959.3499755859375,49424.05078125,2.8807650445694977
2024-04-30,22479.900390625,10405.349609375,40366.69921875,54240.6015625,33200.94921875,1892.800048828125,9175.7998046875,18970.599609375,973.25,49396.75,2.8801243667896994
2024-05-02,22733.5,10462.900390625,40801.1015625,54490.55078125,33203.3515625,1862.949951171875,9279.5498046875,19124.44921875,972.6500244140625,49231.05078125,2.8893204675586657
2024-05-03,22541.349609375,10387.849609375,40571.05078125,54273.8984375,32908.3984375,1851.0999755859375,9276.2998046875,19133.400390625,962.6500244140625,48923.55078125,2.8728822045433406
2024-05-06,22526.599609375,10388.849609375,39882.1015625,54660.1484375,33217.1484375,1811.1500244140625,9189.75,19203.30078125,989.2000122070312,48895.30078125,2.872509718953181
2024-05-07,22114.0,10390.650390625,39035.25,55765.55078125,33473.0,1784.949951171875,8969.900390625,18846.30078125,954.7000122070312,48285.3515625,2.839251163270585
2024-05-08,22458.650390625,10427.0498046875,39635.1015625,56008.80078125,33335.1484375,1800.5999755859375,9102.349609375,18850.849609375,960.8499755859375,48021.1015625,2.8561285514066648
2024-05-09,22633.30078125,10286.0,38458.0,54625.1015625,33205.8515625,1768.4000244140625,8841.25,18437.05078125,939.4500122070312,47487.8984375,2.8087375687846863
2024-05-10,22846.900390625,10405.4501953125,39089.44921875,55276.5,32935.1484375,1772.4000244140625,8977.4501953125,18609.44921875,935.3499755859375,47421.1015625,2.82628905232241
2024-05-13,22462.650390625,10392.099609375,38868.1484375,55340.69921875,33074.6015625,1768.550048828125,9094.7998046875,18939.0,946.9000244140625,47754.1015625,2.8346581042637196
2024-05-14,22874.80078125,10436.849609375,39494.19921875,55054.30078125,33122.8515625,1781.5,9347.150390625,18860.849609375,955.25,47859.44921875,2.85648836464976
2024-05-15,22759.849609375,10421.900390625,39949.55078125,54555.94921875,33117.3984375,1772.449951171875,9376.900390625,18886.55078125,965.0,47687.44921875,2.8570407255758226
2024-05-16,22886.849609375,10534.0498046875,40076.6015625,54997.0,33668.44921875,1794.1500244140625,9405.400390625,18996.150390625,980.75,47977.05078125,2.8821039662871946
2024-05-17,23285.650390625,10609.349609375,40302.5,55064.69921875,33381.8515625,1811.800048828125,9557.9501953125,18981.599609375,997.0999755859375,48115.6484375,2.901638595118553
2024-05-21,23353.75,10614.650390625,40971.05078125,54969.25,33379.75,1857.3499755859375,9981.150390625,19205.19921875,1004.7000122070312,48048.19921875,2.9322898404009945
2024-05-22,23324.099609375,10674.7998046875,41331.55078125,55753.8984375,33613.1015625,1870.9000244140625,9919.4501953125,19317.400390625,1018.9000244140625,47781.94921875,2.9469539996063157
2024-05-23,23849.25,10796.7001953125,41559.25,55899.0,34042.8515625,1877.4000244140625,9959.4501953125,19216.349609375,1030.4000244140625,48768.6015625,2.973194574084614
2024-05-24,23891.44921875,10741.400390625,41634.6484375,55449.1484375,33824.30078125,1897.0,9928.400390625,19119.5,1023.6500244140625,48971.6484375,2.9684045447007055
2024-05-27,23877.150390625,10703.650390625,41292.6484375,55260.5,33995.25,1878.5999755859375,9866.400390625,19111.94921875,1032.3499755859375,49281.80078125,2.9647883402832114
2024-05-28,23814.25,10664.7001953125,40794.8515625,55271.94921875,33880.8515625,1884.449951171875,9815.0498046875,19215.75,1010.0,49142.1484375,2.9521496467909705
2024-05-29,23757.94921875,10630.2001953125,40572.19921875,54974.25,33542.69921875,1887.75,9841.2001953125,19321.349609375,1000.9500122070312,48501.3515625,2.9407801039244466
2024-05-30,23471.0,10504.5498046875,39986.8515625,54280.1015625,32806.75,1896.8499755859375,9545.25,18971.0,996.0499877929688,48682.3515625,2.9062432137027936
2024-05-31,23419.599609375,10470.900390625,40255.5,54107.3515625,32386.099609375,1870.4000244140625,9723.599609375,18796.30078125,1019.4000244140625,48983.94921875,2.909291895853507
2024-06-03,23992.69921875,10627.0,42981.8984375,54653.6015625,32511.400390625,1929.050048828125,10048.5498046875,18864.150390625,1080.050048828125,50979.94921875,2.99357411398492
2024-06-04,23193.30078125,10436.900390625,37624.1015625,55172.5,32315.55078125,1802.0,8980.150390625,18603.150390625,976.0999755859375,46928.6015625,2.8336798698119043
2024-06-05,24283.75,10902.2998046875,38712.3515625,57567.3984375,33087.94921875,1873.4000244140625,9496.599609375,19281.25,1000.7999877929688,49054.6015625,2.9447692231195237
2024-06-06,24396.69921875,10917.4501953125,39339.6484375,57373.6015625,34023.80078125,1942.3499755859375,9632.5,19232.099609375,1047.75,49291.8984375,2.9881981342462796
2024-06-07,25020.19921875,11119.2998046875,40283.30078125,57953.3515625,35169.8984375,1970.6500244140625,9833.599609375,19578.0,1069.5,49803.19921875,3.046882526748075
2024-06-10,25022.650390625,11105.7001953125,40510.05078125,57991.75,34526.25,2007.4000244140625,9795.849609375,19774.69921875,1083.6500244140625,49780.8984375,3.0543488249225668
2024-06-11,25230.80078125,11102.599609375,40620.80078125,57792.8515625,34531.44921875,2042.550048828125,9789.5498046875,19689.69921875,1095.8499755859375,49705.75,3.0634542379831826
2024-06-12,25217.599609375,11099.5,40995.6484375,57495.55078125,34547.44921875,2081.199951171875,9838.349609375,19739.099609375,1095.4000244140625,49895.1015625,3.073735110787716
2024-06-13,25393.19921875,11127.25,40943.25,57117.0,34902.05078125,2058.550048828125,9840.25,19838.5,1119.9000244140625,49846.69921875,3.082220918944925
2024-06-14,25722.099609375,11221.900390625,41040.0,57225.8515625,34598.55078125,2057.85009765625,9912.099609375,19895.650390625,1129.0999755859375,50002.0,3.0939963644301027
2024-06-18,25715.30078125,11249.5498046875,41307.25,57167.3984375,34802.94921875,2044.5999755859375,9890.2001953125,19826.650390625,1150.300048828125,50440.8984375,3.102979843595534
2024-06-19,25381.69921875,11117.650390625,40600.8984375,56646.55078125,34927.1015625,2018.199951171875,9773.2998046875,19644.5,1117.699951171875,51398.05078125,3.074859041570088
2024-06-20,25267.849609375,11089.2998046875,40753.94921875,56669.6484375,34936.44921875,2020.5,9951.0498046875,19544.55078125,1140.300048828125,51783.25,3.0869626552057285
2024-06-21,25092.30078125,11030.9501953125,40457.55078125,55990.1015625,35200.30078125,2039.6500244140625,9990.900390625,19528.400390625,1131.9000244140625,51661.44921875,3.080485073500311
2024-06-24,25309.80078125,11123.75,40464.1484375,56392.69921875,35143.80078125,2001.5999755859375,9926.849609375,19521.150390625,1135.3499755859375,51703.94921875,3.080873955717213
2024-06-25,25250.25,11087.599609375,40255.19921875,56246.3515625,35426.8984375,1991.5,9857.4501953125,19532.30078125,1115.5,52606.0,3.0756952463688676
2024-06-26,25018.900390625,11091.2998046875,40822.6015625,56465.19921875,35406.6015625,2023.449951171875,9714.2998046875,19545.349609375,1099.5,52870.5,3.0761437788574266
2024-06-27,25191.400390625,11139.5498046875,41342.3515625,56670.6015625,36123.69921875,1996.199951171875,9767.400390625,19514.80078125,1098.949951171875,52811.30078125,3.0874283186887763
2024-06-28,25200.599609375,11131.599609375,41789.19921875,56756.8515625,36157.5,1992.3499755859375,9814.2998046875,19731.55078125,1104.75,52342.25,3.094620083174329
2024-07-01,25323.849609375,11190.849609375,41569.80078125,57154.69921875,36869.19921875,2040.5999755859375,9882.7998046875,19758.25,1101.050048828125,52574.75,3.1148277877089208
2024-07-02,25130.849609375,11105.650390625,41714.55078125,56669.19921875,37299.1484375,2062.050048828125,9835.7001953125,19786.400390625,1110.1500244140625,52168.1015625,3.11455219745178
2024-07-03,25182.80078125,11163.0498046875,41784.5,57177.55078125,37314.3515625,2054.10009765625,9940.099609375,19915.30078125,1113.8499755859375,53089.25,3.1309205381847782
2024-07-04,25366.44921875,11169.25,41847.69921875,57058.3984375,37725.8984375,2044.9000244140625,9936.7998046875,20192.599609375,1119.5,53103.69921875,3.1411785505166283
2024-07-05,25398.30078125,11220.4501953125,42523.8984375,57673.0,37720.75,2047.550048828125,9970.5,20453.849609375,1119.1500244140625,52660.3515625,3.154244970772467
2024-07-08,25260.5,11239.900390625,42644.94921875,58611.19921875,37742.25,2039.949951171875,9877.349609375,20325.80078125,1114.300048828125,52425.80078125,3.1504250638799176
2024-07-09,25823.55078125,11375.849609375,42609.19921875,59182.6484375,37668.6484375,2047.25,9881.900390625,20645.80078125,1127.050048828125,52568.80078125,3.1741474626283375
2024-07-10,25302.80078125,11330.0,42675.44921875,59349.6015625,37280.75,2011.1500244140625,9722.7998046875,20725.94921875,1126.6500244140625,52189.30078125,3.152708145840143
2024-07-11,25257.25,11333.900390625,42756.8515625,59516.69921875,37332.6015625,2031.9000244140625,9723.25,20601.69921875,1109.9000244140625,52270.6484375,3.1513582586522353
2024-07-12,25145.44921875,11347.5,42846.3515625,59725.75,39023.0,2074.14990234375,9708.2001953125,20612.650390625,1093.199951171875,52278.8984375,3.167917684004398
2024-07-15,25419.80078125,11425.2001953125,43303.0,60070.69921875,38911.3515625,2105.800048828125,9729.599609375,20844.55078125,1107.9000244140625,52455.8984375,3.192271590731441
2024-07-16,25482.900390625,11475.7998046875,43204.30078125,60645.1484375,39141.5,2084.050048828125,9722.0,20765.44921875,1126.25,52396.80078125,3.1988607824328814
2024-07-18,25576.69921875,11526.25,43236.6484375,61225.3515625,40010.3984375,2009.6500244140625,9636.9501953125,20768.349609375,1122.699951171875,52620.69921875,3.19803057487961
2024-07-19,24963.349609375,11394.2998046875,42062.80078125,61087.8984375,39923.30078125,1962.949951171875,9256.2998046875,20425.400390625,1096.199951171875,52265.6015625,3.1415527238899057
2024-07-22,25250.75,11452.7001953125,41945.5,60881.75,39773.1484375,1953.699951171875,9350.599609375,20641.55078125,1090.9000244140625,52280.3984375,3.1472766373861787
2024-07-23,25321.69921875,11583.150390625,41719.5,62511.25,40044.69921875,1976.300048828125,9263.099609375,20755.349609375,1065.949951171875,51778.30078125,3.1528324932446665
2024-07-24,25309.05078125,11567.099609375,42234.3515625,62182.3515625,40115.05078125,2025.050048828125,9267.150390625,20908.5,1074.25,51317.0,3.1649115623831956
2024-07-25,25627.349609375,11537.650390625,42770.30078125,62139.5,40055.5,2041.4000244140625,9148.0,21105.5,1065.3499755859375,50888.75,3.1676192454885177
2024-07-26,26250.69921875,11760.7001953125,43238.30078125,62728.80078125,40977.3515625,2075.64990234375,9423.400390625,21603.099609375,1077.6500244140625,51295.94921875,3.223718635335947
2024-07-29,26426.55078125,11750.7001953125,43438.69921875,62513.8515625,40820.1015625,2113.050048828125,9450.2998046875,21674.94921875,1093.050048828125,51406.25,3.2378574988780042
2024-07-30,26580.94921875,11717.849609375,43908.3515625,61819.0,40776.3515625,2127.0,9468.349609375,21540.80078125,1097.800048828125,51499.30078125,3.2411440052132905
2024-07-31,26685.25,11806.0498046875,44086.80078125,62082.19921875,40851.1015625,2149.699951171875,9583.400390625,21777.150390625,1093.75,51553.3984375,3.2582451036589064
2024-08-01,26487.44921875,11833.0,44954.44921875,62173.19921875,40709.3984375,2109.14990234375,9573.2001953125,21790.349609375,1075.1500244140625,51564.0,3.2505642598761213
2024-08-02,25714.44921875,11748.4501953125,44334.25,61745.1484375,39730.30078125,2100.300048828125,9314.5498046875,21902.849609375,1037.1500244140625,51350.1484375,3.2029099313402787
2024-08-05,24706.5,11539.75,42640.8984375,61550.44921875,38435.94921875,2004.199951171875,8862.5,21583.05078125,992.2999877929688,50092.1015625,3.1044142481387755
2024-08-06,24520.05078125,11465.25,42474.94921875,61604.1484375,38624.19921875,2007.25,8888.9501953125,21562.55078125,1000.5999755859375,49748.30078125,3.1022204956883384
2024-08-07,24937.599609375,11633.9501953125,43400.3984375,62322.6484375,39194.80078125,2058.949951171875,9128.4501953125,22036.94921875,1018.9500122070312,50119.0,3.158202890404513
2024-08-08,24917.349609375,11572.599609375,42687.1484375,62042.55078125,38448.30078125,2063.85009765625,8969.25,22114.25,1006.6500244140625,50156.69921875,3.13643302924464
2024-08-09,25346.650390625,11714.9501953125,43216.05078125,62157.3515625,39043.30078125,2101.64990234375,9038.2998046875,22209.55078125,1022.25,50484.5,3.1714359830493737
2024-08-12,25278.94921875,11661.25,42916.05078125,61668.44921875,39109.55078125,2058.550048828125,9106.25,22205.599609375,1035.699951171875,50577.94921875,3.1655609751334244
2024-08-13,25081.849609375,11617.900390625,42570.3515625,61495.75,39114.8515625,2039.0,8957.150390625,22191.599609375,1028.0999755859375,49831.8515625,3.14314095460247
2024-08-14,25093.5,11641.099609375,42298.94921875,61305.30078125,39731.25,2017.4000244140625,8844.2998046875,22012.69921875,1023.1500244140625,49727.30078125,3.133894142247392
2024-08-16,25597.349609375,11816.4501953125,42762.69921875,62213.0,40878.25,2059.64990234375,8994.099609375,22106.5,1048.6500244140625,50516.8984375,3.188023930488749
2024-08-19,25368.75,11794.5,43332.3515625,62326.05078125,41236.8515625,2080.75,9161.9501953125,22237.849609375,1050.199951171875,50368.3515625,3.202850983557423
2024-08-20,25500.0,11812.150390625,43527.6484375,62240.6015625,41572.80078125,2075.199951171875,9204.650390625,22374.25,1052.3499755859375,50803.1484375,3.2146245103824227
2024-08-21,25586.75,11903.099609375,43591.44921875,63091.8984375,41570.8515625,2100.050048828125,9264.0498046875,22577.900390625,1038.550048828125,50685.55078125,3.226936444519987
2024-08-22,25563.650390625,11972.5498046875,43321.1484375,63483.6015625,41506.19921875,2096.0,9326.25,22546.099609375,1043.449951171875,50985.69921875,3.2325516965579206
2024-08-23,25850.69921875,11987.650390625,43338.1484375,63409.25,41089.8515625,2068.949951171875,9290.5,22527.849609375,1018.0999755859375,50933.44921875,3.2192377361451596
2024-08-26,25941.44921875,12037.400390625,43792.05078125,63657.94921875,41662.1015625,2064.300048828125,9490.75,22554.94921875,1036.0,51148.1015625,3.2444408218775163
2024-08-27,25911.900390625,11983.5,43523.69921875,62981.1484375,41709.25,2148.85009765625,9432.75,22729.0,1038.0999755859375,51278.75,3.2528440071695672
2024-08-28,25879.400390625,12011.7001953125,43398.1015625,62713.6015625,42394.3984375,2118.60009765625,9414.7998046875,22989.099609375,1036.199951171875,51143.8515625,3.253297541854418
2024-08-29,26020.400390625,12041.2998046875,43661.1015625,63162.94921875,42591.6484375,2112.0,9369.9501953125,22878.05078125,1034.5,51152.75,3.2570760667865852
2024-08-30,26172.80078125,12077.7001953125,43757.3984375,63059.75,42787.80078125,2104.5,9405.25,23217.599609375,1053.4000244140625,51351.0,3.273771933379622
2024-09-02,26071.400390625,12101.9501953125,43782.94921875,63578.6015625,42975.6015625,2094.550048828125,9307.150390625,22987.44921875,1050.9000244140625,51439.55078125,3.2690625128947306
2024-09-03,26034.650390625,12085.849609375,43477.6484375,63485.75,42851.30078125,2064.39990234375,9254.75,23014.30078125,1045.4000244140625,51689.1015625,3.258174999248983
2024-09-04,25934.25,12101.25,43249.8515625,63742.8984375,42450.5,2066.10009765625,9185.5,23184.400390625,1052.199951171875,51400.25,3.2544359089614128
2024-09-05,25835.30078125,12127.25,42911.6015625,63700.3984375,42644.6484375,2082.85009765625,9212.9501953125,23156.69921875,1041.949951171875,51473.05078125,3.253132384994707
2024-09-06,25527.150390625,12064.5,42212.44921875,63175.69921875,42228.8984375,2059.89990234375,9161.150390625,23043.400390625,1032.0999755859375,50576.8515625,3.2206729250579373
2024-09-09,25495.25,12174.4501953125,41926.75,64465.8515625,41919.05078125,2052.199951171875,9099.0,23009.400390625,1029.6500244140625,51117.80078125,3.2240560063848527
2024-09-10,25556.44921875,12260.0,42243.3984375,64584.94921875,42644.19921875,2107.35009765625,9156.2001953125,23256.849609375,1038.75,51272.30078125,3.2536853360003697
2024-09-11,25240.599609375,12287.5498046875,41626.25,64768.1484375,42473.30078125,2075.699951171875,9028.2001953125,23220.400390625,1026.6500244140625,51010.0,3.229861102155063
2024-09-12,25779.80078125,12531.400390625,42497.8515625,65513.19921875,43152.1015625,2083.5,9290.849609375,23429.599609375,1035.699951171875,51772.3984375,3.2800053324542775
2024-09-13,25820.849609375,12452.400390625,42229.3984375,65062.80078125,43394.3515625,2118.449951171875,9370.650390625,23457.650390625,1053.6500244140625,51938.05078125,3.2914204789516894
2024-09-16,25829.650390625,12444.900390625,42569.30078125,64597.0,43352.6484375,2139.5,9427.7001953125,23448.75,1059.699951171875,52153.1484375,3.299713466570902
2024-09-17,25896.400390625,12500.2001953125,42648.80078125,64686.44921875,43415.0,2114.050048828125,9388.150390625,23383.650390625,1066.199951171875,52188.6484375,3.299603331057401
2024-09-18,25804.44921875,12472.0498046875,42350.69921875,64615.05078125,42089.30078125,2107.699951171875,9310.5498046875,23025.19921875,1063.75,52750.3984375,3.2789595676534184
2024-09-19,25907.650390625,12549.650390625,42326.8984375,64975.80078125,41945.6015625,2056.10009765625,9251.2001953125,22930.150390625,1069.0,53037.6015625,3.274770401146522
2024-09-20,26394.55078125,12816.900390625,42850.0,65870.796875,42204.3984375,2062.949951171875,9404.2998046875,23005.25,1101.5999755859375,53793.19921875,3.3207121031511333
2024-09-23,26805.400390625,12982.400390625,43370.5,66305.203125,41987.44921875,2077.85009765625,9454.849609375,23134.25,1126.1500244140625,54105.80078125,3.350061240824265
2024-09-24,26920.44921875,12947.4501953125,43707.8515625,65796.6484375,42243.94921875,2078.10009765625,9735.400390625,23188.400390625,1122.75,53968.6015625,3.361584143790319
2024-09-25,26888.349609375,12890.7001953125,44064.69921875,65521.69921875,41960.94921875,2139.25,9777.150390625,23249.0,1130.1500244140625,54101.6484375,3.3740539010850177
2024-09-26,27496.25,13038.650390625,44145.05078125,66156.8984375,42160.8984375,2148.0,9985.7001953125,23250.900390625,1131.300048828125,54375.3515625,3.401703472486066
2024-09-27,27610.75,12998.2998046875,44545.0,65845.453125,42312.6015625,2114.800048828125,10064.599609375,23519.099609375,1117.800048828125,53834.30078125,3.3986815620682274
2024-09-30,27027.19921875,12826.849609375,44016.69921875,65540.3515625,41946.1015625,2138.5,10198.349609375,23281.19921875,1099.0,52978.1015625,3.372232054737285
2024-10-01,27083.44921875,12811.599609375,43688.75,65470.94921875,42434.80078125,2172.75,10222.9501953125,23296.55078125,1096.8499755859375,52922.6015625,3.3790159882274065
2024-10-03,26302.099609375,12549.150390625,42550.5,64502.05078125,41762.6015625,2126.449951171875,10155.0,23178.75,1049.0,51845.19921875,3.310413828674566
2024-10-04,25926.30078125,12351.4501953125,42080.6484375,63380.05078125,41912.5,2070.949951171875,10113.2001953125,23094.69921875,1031.800048828125,51462.05078125,3.2731655339742978
2024-10-07,25807.150390625,12258.7998046875,41039.3515625,63028.3515625,42190.6015625,1995.300048828125,9886.2998046875,22977.80078125,1020.1500244140625,50478.8984375,3.2305560640789324
2024-10-08,26236.099609375,12452.0498046875,41712.75,63326.55078125,42387.55078125,2057.39990234375,9794.4501953125,23307.94921875,1029.949951171875,51021.0,3.26762331701548
2024-10-09,26450.25,12454.9501953125,41377.80078125,62334.3515625,42622.75,2074.39990234375,9800.75,23783.80078125,1052.050048828125,51007.0,3.2809392787282308
2024-10-10,26528.5,12420.7001953125,41509.19921875,62056.30078125,42088.80078125,2064.949951171875,9839.9501953125,23305.150390625,1047.8499755859375,51530.8984375,3.2717507015884477
2024-10-11,26436.599609375,12423.0,41515.80078125,62080.19921875,42335.69921875,2077.25,9932.7001953125,23582.25,1040.5999755859375,51172.30078125,3.277157568277156
2024-10-14,26463.55078125,12439.75,41534.94921875,62372.30078125,42872.75,2056.5,9905.0,23680.0,1057.3499755859375,51816.8984375,3.2903579484261885
2024-10-15,26242.599609375,12464.7001953125,41283.6015625,62607.69921875,42731.30078125,2069.300048828125,9762.0498046875,23555.69921875,1079.050048828125,51906.0,3.2893265037372537
2024-10-16,25909.0,12367.5498046875,41304.6484375,62373.25,42230.69921875,2059.35009765625,9741.7001953125,23467.349609375,1084.949951171875,51801.05078125,3.2752962002528383
2024-10-17,24991.19921875,12066.2001953125,40983.0,61352.75,42734.3515625,2014.4000244140625,9603.2998046875,23254.0,1044.1500244140625,51288.80078125,3.221374291990696
2024-10-18,25146.900390625,12026.900390625,41205.55078125,61042.1015625,42106.5,2042.199951171875,9753.900390625,23356.19921875,1047.300048828125,52094.19921875,3.234661164348036
2024-10-21,25251.849609375,11998.25,40984.69921875,60280.25,41562.69921875,1984.3499755859375,9606.7998046875,23122.69921875,1032.6500244140625,51962.69921875,3.2026759851091184
2024-10-22,24627.25,11819.5,40009.3515625,60000.94921875,41238.80078125,1933.75,9318.7998046875,22828.19921875,997.75,51257.1484375,3.1413619321738384
2024-10-23,24451.30078125,11802.9501953125,39812.3984375,60097.6484375,42222.1015625,1940.199951171875,9295.25,22471.599609375,997.1500244140625,51239.0,3.14017457269094
2024-10-24,24324.849609375,11644.849609375,39942.5,58396.8984375,42139.8515625,1936.949951171875,9273.4501953125,22570.80078125,985.8499755859375,51531.1484375,3.124227824238874
2024-10-25,23799.30078125,11562.599609375,39063.75,58908.5,42038.8515625,1894.3499755859375,9048.9501953125,22574.55078125,974.3499755859375,50787.44921875,3.0878498767433897
2024-10-28,23964.44921875,11594.400390625,39123.5,59252.6484375,42205.3984375,1931.5,9278.400390625,22857.25,987.75,51259.30078125,3.1192091007915144
2024-10-29,23588.599609375,11551.5498046875,39359.80078125,59203.8515625,42031.44921875,1937.5999755859375,9338.75,22601.400390625,1001.8499755859375,52320.69921875,3.1239396312385543
2024-10-30,23594.0,11559.5,39296.1484375,59748.8984375,41668.6015625,1982.8499755859375,9342.4501953125,22374.94921875,1001.0499877929688,51807.5,3.1248758044165026
2024-10-31,23514.69921875,11480.7998046875,39301.94921875,59203.0,40407.55078125,2019.0,9326.849609375,22735.55078125,999.5499877929688,51475.3515625,3.1171717655690414
2024-11-01,23805.599609375,11569.2001953125,39635.6484375,59433.19921875,40433.6484375,2027.25,9390.2998046875,22807.150390625,1009.0999755859375,51673.8984375,3.1360448241590975
2024-11-04,23573.19921875,11432.599609375,38604.75,58743.69921875,40421.80078125,1983.550048828125,9242.900390625,22638.30078125,979.5,51215.25,3.091406729430417
2024-11-05,23839.599609375,11434.7998046875,38924.8984375,58542.19921875,40424.6015625,1978.949951171875,9505.400390625,22661.25,985.5999755859375,52207.25,3.1127736700116233
2024-11-06,24137.900390625,11570.150390625,39562.8515625,58754.80078125,42039.5,2006.8499755859375,9656.4501953125,22920.349609375,1011.0499877929688,52317.3984375,3.1606087545943744
2024-11-07,23812.5,11433.599609375,38990.55078125,58180.25,41752.3984375,2002.5999755859375,9392.849609375,22526.94921875,996.5499877929688,51916.5,3.1211199909409406
2024-11-08,23805.19921875,11425.150390625,38403.6484375,58359.3984375,42050.1484375,1960.699951171875,9308.900390625,22542.25,967.6500244140625,51561.19921875,3.0989873968217596
2024-11-11,23729.44921875,11358.900390625,38247.44921875,57843.94921875,42590.30078125,1935.1500244140625,9216.25,22344.25,966.2000122070312,51876.75,3.087774994869128
2024-11-12,23269.099609375,11213.75,37705.6484375,56902.55078125,42609.55078125,1923.5,9078.5,22151.599609375,967.9500122070312,51157.80078125,3.055722928486236
2024-11-13,22765.19921875,11072.5,37114.6484375,56647.8515625,42369.5,1881.949951171875,8836.75,21809.30078125,937.25,50088.3515625,3.0018384820794113
2024-11-14,22914.5,11087.849609375,37047.55078125,55782.69921875,42390.8515625,1924.4000244140625,8828.7001953125,21752.0,946.9500122070312,50179.55078125,3.008609588439179
2024-11-18,23043.849609375,11113.150390625,36757.19921875,56314.3515625,41406.55078125,1898.949951171875,8996.650390625,21544.150390625,952.25,50363.80078125,3.0061762686388924
2024-11-19,23359.5,11172.599609375,36584.19921875,56378.55078125,41748.3515625,1945.4000244140625,8920.349609375,21768.849609375,966.2999877929688,50626.5,3.0272542630378902
2024-11-21,23145.900390625,11076.7001953125,35789.30078125,55693.69921875,41952.80078125,1898.75,8717.400390625,21740.099609375,975.2999877929688,50372.8984375,2.9998719681824713
2024-11-22,23554.099609375,11304.0498046875,36523.5,56956.44921875,43332.1015625,1892.5999755859375,8846.2001953125,21962.05078125,1006.25,51135.3984375,3.0547223128842456
2024-11-25,23716.44921875,11386.2001953125,37006.0,57358.19921875,43618.1484375,1927.3499755859375,8883.0,22177.05078125,1028.5,52207.5,3.090283507959559
2024-11-26,23413.0,11390.75,36722.19921875,57838.25,44085.94921875,1943.0999755859375,8916.7001953125,21961.75,1029.1500244140625,52191.5,3.090781914736268
2024-11-27,23517.349609375,11468.2001953125,37256.0,58028.6015625,44018.69921875,1962.0999755859375,8987.349609375,21828.599609375,1024.9000244140625,52301.80078125,3.1022736132503734
2024-11-28,23134.69921875,11349.599609375,36979.19921875,57706.05078125,42968.75,1968.3499755859375,8964.849609375,21728.599609375,1025.3499755859375,51906.8515625,3.0791725860109427
2024-11-29,23368.55078125,11447.400390625,37481.94921875,57943.69921875,43146.25,1996.800048828125,9034.0,22240.19921875,1020.1500244140625,52055.6015625,3.1050612217569205
2024-12-02,23599.599609375,11540.099609375,37594.3984375,57917.0,43547.0,2017.25,9133.599609375,22450.19921875,1051.199951171875,52109.0,3.133622698453578
2024-12-03,23752.400390625,11544.4501953125,38014.05078125,57689.19921875,43754.94921875,2068.300048828125,9246.25,22445.69921875,1054.5999755859375,52695.75,3.1558058667680324
2024-12-04,23584.0,11495.7998046875,37736.05078125,57270.3515625,43949.25,2083.85009765625,9230.099609375,22422.900390625,1077.1500244140625,53266.8984375,3.1607100404155237
2024-12-05,23736.25,11626.400390625,37884.69921875,57605.19921875,44806.3984375,2083.949951171875,9282.75,22463.400390625,1074.449951171875,53603.55078125,3.1791929868955116
2024-12-06,23960.25,11658.5498046875,37842.80078125,57744.30078125,44716.05078125,2077.050048828125,9397.150390625,22434.75,1073.9000244140625,53509.5,3.184586753812533
2024-12-09,23775.05078125,11544.900390625,37689.3984375,56460.6015625,44832.0,2035.1500244140625,9455.25,22309.099609375,1076.9000244140625,53407.75,3.1655213149970733
2024-12-10,23767.05078125,11524.4501953125,37451.55078125,56530.25,45199.75,2021.25,9475.349609375,22291.44921875,1092.3499755859375,53577.69921875,3.169652716713676
2024-12-11,23851.849609375,11567.2998046875,37308.8515625,56766.80078125,45350.3515625,2010.8499755859375,9483.650390625,22302.599609375,1094.3499755859375,53391.3515625,3.1714201078089204
2024-12-12,23660.30078125,11510.099609375,37024.94921875,56146.69921875,45701.6484375,1964.75,9507.75,22229.30078125,1089.8499755859375,53216.44921875,3.154033891727433
2024-12-13,23773.099609375,11644.599609375,37194.19921875,56869.3984375,45995.80078125,1953.25,9439.2998046875,22157.349609375,1085.050048828125,53583.80078125,3.1624051597621623
2024-12-16,23790.5,11626.5498046875,36969.94921875,56697.19921875,45653.6015625,1981.6500244140625,9347.75,22255.55078125,1118.6500244140625,53581.3515625,3.1696403020962207
2024-12-17,23417.80078125,11516.2998046875,36375.3984375,56467.44921875,45413.75,1982.0999755859375,9194.9501953125,22074.55078125,1117.5999755859375,52834.80078125,3.1412212883867072
2024-12-18,23241.25,11493.349609375,35981.80078125,56467.80078125,45526.8515625,1937.800048828125,9069.900390625,22314.55078125,1112.4000244140625,52139.55078125,3.1221399203017053
2024-12-19,23070.900390625,11424.0498046875,35628.19921875,56157.8984375,44954.19921875,1920.5,8977.2001953125,22697.900390625,1103.25,51575.69921875,3.102700977921621
2024-12-20,22580.0,11234.0498046875,34910.6015625,55600.80078125,43771.05078125,1887.9000244140625,8813.25,22501.849609375,1060.0999755859375,50759.19921875,3.0427853819688595
2024-12-23,22557.75,11273.150390625,35147.75,56135.05078125,43828.3515625,1880.449951171875,8891.400390625,22572.05078125,1075.6500244140625,51317.6015625,3.0591909805400617
2024-12-24,22685.55078125,11306.2001953125,35084.94921875,56439.30078125,43668.8984375,1874.1500244140625,8817.599609375,22558.900390625,1074.75,51233.0,3.0573168948341283
2024-12-26,22876.099609375,11351.599609375,35159.55078125,56258.0,43664.25,1846.75,8805.25,22712.55078125,1077.25,51170.69921875,3.0582717546536653
2024-12-27,23099.05078125,11373.75,35039.3984375,56444.25,43721.3984375,1853.75,8720.7001953125,23008.349609375,1071.3499755859375,51311.30078125,3.0635876519899474
2024-12-30,22768.25,11363.900390625,34832.19921875,56618.3984375,43971.44921875,1819.050048828125,8609.849609375,23241.150390625,1054.8499755859375,50952.75,3.046432616354114
2024-12-31,22834.0,11362.599609375,35188.25,56799.6484375,43337.80078125,1817.8499755859375,8649.900390625,23412.25,1052.3499755859375,50860.19921875,3.0491602546511962
2025-01-01,22834.0,11362.599609375,35188.25,56799.6484375,43337.80078125,1817.8499755859375,8649.900390625,23459.75,1052.3499755859375,50860.19921875,3.0497788842664444
2025-01-02,24016.19921875,11683.400390625,35715.8984375,57671.3515625,44351.75,1830.5999755859375,8723.349609375,23553.400390625,1051.6500244140625,51605.55078125,3.100780931368005
2025-01-03,24005.0,11668.5,35894.05078125,57817.0,43726.55078125,1861.75,8729.9501953125,23263.5,1045.0999755859375,50988.80078125,3.0942570822659983
2025-01-06,23482.19921875,11432.400390625,34731.1484375,56714.3984375,43674.8515625,1811.3499755859375,8455.5,23073.05078125,1012.0499877929688,49922.0,3.028069209705033
2025-01-07,23482.099609375,11401.849609375,35164.75,56719.55078125,43375.8515625,1836.050048828125,8560.5498046875,23228.55078125,1020.0999755859375,50202.1484375,3.043033390956829
2025-01-08,23370.150390625,11367.2998046875,35157.3984375,56967.6015625,43634.25,1822.6500244140625,8503.2001953125,23011.099609375,1018.5,49835.05078125,3.033929854030703
2025-01-09,23305.19921875,11373.349609375,34444.94921875,57495.6015625,43126.44921875,1808.6500244140625,8398.849609375,22868.099609375,990.7000122070312,49503.5,3.008142587162455
2025-01-10,23017.75,11254.25,33743.0,57117.69921875,44609.5,1743.6500244140625,8262.9501953125,22380.849609375,963.2999877929688,48734.1484375,2.9684369724348665
2025-01-13,22382.25,10937.7001953125,32623.099609375,56420.1484375,43999.1015625,1664.5,7951.35009765625,21903.349609375,901.0,48041.25,2.879932581606966
2025-01-14,22833.05078125,10970.0,33567.75,55627.19921875,43061.19921875,1713.9000244140625,8267.5,22203.900390625,908.2000122070312,48729.1484375,2.915111145096747
2025-01-15,22712.75,11013.4501953125,33821.19921875,55549.8515625,43401.25,1690.6500244140625,8280.9501953125,21972.69921875,920.8499755859375,48751.69921875,2.9165071957170245
2025-01-16,22861.25,11026.25,34275.1015625,55240.0,43188.8515625,1698.699951171875,8422.0,21909.75,927.0499877929688,49278.69921875,2.9302502713164817
2025-01-17,22791.099609375,11070.2001953125,34686.1015625,55800.8515625,42032.19921875,1702.449951171875,8521.7001953125,22061.69921875,939.25,48540.6015625,2.9347755301966854
2025-01-20,22671.80078125,11038.0498046875,34970.55078125,55738.05078125,42192.80078125,1719.4000244140625,8613.349609375,22182.400390625,945.3499755859375,49350.80078125,2.950073144775164
2025-01-21,22303.19921875,10848.2998046875,34308.5,55622.6484375,41697.94921875,1693.75,8532.099609375,21882.900390625,906.4000244140625,48570.8984375,2.9025661322720087
2025-01-22,22274.349609375,10840.0498046875,33805.19921875,55596.05078125,42590.69921875,1663.25,8470.25,22034.94921875,865.0499877929688,48724.3984375,2.8861492185304
2025-01-23,22518.94921875,10942.5498046875,33866.6015625,55781.80078125,43351.75,1687.25,8515.5498046875,22343.30078125,873.7000122070312,48589.0,2.9105242754174223
2025-01-24,22171.05078125,10875.9501953125,33263.55078125,56069.3515625,43524.1015625,1643.4000244140625,8438.7998046875,21872.400390625,853.5499877929688,48367.80078125,2.87737210453592
2025-01-27,21970.44921875,10741.7998046875,32417.55078125,55654.5,42060.69921875,1565.6500244140625,8189.7998046875,21292.30078125,844.5999755859375,48064.6484375,2.817542982513689
2025-01-28,22264.150390625,10782.349609375,31966.099609375,55441.94921875,41820.6484375,1546.1500244140625,8157.4501953125,20796.599609375,862.9000244140625,48866.8515625,2.815390950867808
2025-01-29,22586.349609375,10874.849609375,32607.849609375,55163.05078125,42914.5,1585.4000244140625,8308.650390625,21163.900390625,888.0,49165.94921875,2.860730796828961
2025-01-30,22495.69921875,10938.75,33026.05078125,55558.94921875,42426.6484375,1566.1500244140625,8299.75,21419.650390625,903.7999877929688,49311.94921875,2.8693501321801373
2025-01-31,22867.599609375,11115.599609375,33895.6015625,56691.94921875,42662.75,1580.25,8399.7001953125,21438.599609375,921.3499755859375,49587.19921875,2.907201519926695
2025-02-03,23327.0,11449.650390625,32177.400390625,57419.55078125,42314.25,1609.800048828125,8155.14990234375,21361.599609375,949.7000122070312,49210.55078125,2.911063685249417
2025-02-04,23535.05078125,11429.650390625,32896.69921875,57274.69921875,42860.19921875,1621.6500244140625,8301.4501953125,21733.94921875,954.9500122070312,50157.94921875,2.9423335724827027
2025-02-05,23517.099609375,11341.349609375,33345.44921875,56383.75,42888.30078125,1650.75,8427.099609375,21868.5,937.2999877929688,50343.05078125,2.9466681644935937
2025-02-06,23298.849609375,11171.5,33059.75,55841.80078125,43020.94921875,1638.3499755859375,8363.650390625,22009.05078125,916.7999877929688,50382.1015625,2.926320569743192
2025-02-07,23459.94921875,11218.5498046875,32817.30078125,55113.30078125,42921.6484375,1621.75,8585.7998046875,22077.0,917.7000122070312,50158.8515625,2.9276390227438096
2025-02-10,23112.650390625,11079.349609375,32109.900390625,54856.6484375,42596.55078125,1583.0999755859375,8359.25,21665.650390625,890.2999877929688,49981.0,2.8798444119811735
2025-02-11,22573.900390625,10858.7001953125,31436.75,53794.25,41968.30078125,1537.949951171875,8213.5498046875,21249.5,863.0,49403.3984375,2.82061101467779
2025-02-12,22407.44921875,10805.25,31317.30078125,53739.0,41733.0,1537.050048828125,8268.400390625,21142.05078125,839.3499755859375,49479.44921875,2.8071967580519632
2025-02-13,22344.30078125,10784.7001953125,31286.80078125,53314.75,41315.55078125,1544.5999755859375,8336.349609375,21427.099609375,846.1500244140625,49359.8515625,2.8096405568154825
2025-02-14,22069.30078125,10682.849609375,30572.30078125,53138.55078125,41311.1484375,1492.1500244140625,8187.5,20811.55078125,831.4500122070312,49099.44921875,2.767162053261402
2025-02-17,21951.849609375,10635.0,30737.55078125,52945.0,41073.19921875,1481.5999755859375,8250.2001953125,21076.0,831.5499877929688,49258.8984375,2.767954601355936
2025-02-18,21818.900390625,10601.0498046875,30849.05078125,52480.5,41464.3515625,1472.6500244140625,8255.599609375,20969.19921875,832.0499877929688,49087.30078125,2.7629149395816666
2025-02-19,21809.150390625,10610.2998046875,31198.5,52360.44921875,40924.25,1493.699951171875,8359.2001953125,20820.0,845.9500122070312,49570.1015625,2.7747151784055624
2025-02-20,22074.900390625,10657.9501953125,31769.650390625,52337.30078125,40865.94921875,1510.0999755859375,8523.0,20785.75,855.4000244140625,49334.55078125,2.7937122851697898
2025-02-21,21505.900390625,10542.0498046875,31592.0,52098.1484375,40544.55078125,1492.4000244140625,8609.7001953125,20385.650390625,844.5,48981.19921875,2.767066233674818
2025-02-24,21552.5,10494.150390625,31240.80078125,52285.80078125,39446.6015625,1477.75,8422.7998046875,20389.69921875,837.6500244140625,48651.94921875,2.74406336910196
2025-02-25,21662.650390625,10562.25,31018.30078125,52453.3515625,39131.30078125,1490.1500244140625,8293.4501953125,20249.150390625,826.6500244140625,48608.3515625,2.7363257298555137
2025-02-27,21335.349609375,10485.0498046875,30659.25,52055.1484375,38946.6484375,1436.8499755859375,8334.7998046875,20201.25,809.3499755859375,48743.80078125,2.7096210514931585
2025-02-28,20498.599609375,10160.7001953125,30018.150390625,50689.0,37318.30078125,1386.8499755859375,8219.25,19813.5,797.9000244140625,48344.69921875,2.6420677769797765
2025-03-03,20538.150390625,10213.75,30007.05078125,50786.6484375,37614.44921875,1371.550048828125,8316.2998046875,19879.80078125,807.9500122070312,48114.30078125,2.6496226232180193
2025-03-04,20269.19921875,10159.9501953125,30239.150390625,50524.25,37276.94921875,1404.050048828125,8347.75,19820.650390625,808.75,48245.19921875,2.6505356398134468
2025-03-05,20796.75,10360.25,31099.44921875,51279.1015625,38072.30078125,1448.0999755859375,8685.2001953125,20126.80078125,827.5499877929688,48489.94921875,2.7104458905072883
2025-03-06,20959.69921875,10438.5498046875,31729.849609375,51890.30078125,38145.30078125,1462.199951171875,8888.650390625,20423.349609375,826.1500244140625,48627.69921875,2.7371559557247243
2025-03-07,21009.69921875,10394.400390625,31788.44921875,51891.80078125,37820.44921875,1488.949951171875,8926.900390625,20378.30078125,816.3499755859375,48497.5,2.736435455592957
2025-03-10,20752.80078125,10313.75,31302.19921875,52006.3984375,37644.3984375,1485.1500244140625,8850.2998046875,20256.55078125,799.7000122070312,48216.80078125,2.714264701241087
2025-03-11,20682.650390625,10362.2001953125,31462.650390625,51951.44921875,37400.1015625,1482.449951171875,8897.2998046875,20332.099609375,828.7000122070312,47853.94921875,2.723725902945908
2025-03-12,20783.69921875,10335.5498046875,31535.30078125,51957.25,36310.6484375,1459.75,8854.2998046875,20424.0,815.0499877929688,48056.6484375,2.709492699617324
2025-03-13,20554.05078125,10285.9501953125,31483.0,51879.25,36122.5,1437.800048828125,8777.650390625,20386.849609375,800.1500244140625,48060.3984375,2.6910938263836375
2025-03-17,20741.150390625,10337.400390625,31660.150390625,51773.1484375,36137.19921875,1428.5,8845.25,20703.94921875,797.0999755859375,48354.1484375,2.701099550768897
2025-03-18,21234.94921875,10529.9501953125,32165.5,52475.0,36619.3515625,1480.1500244140625,9033.4501953125,21041.30078125,822.2999877929688,49314.5,2.757957085733041
2025-03-19,21319.5,10589.4501953125,32735.05078125,52184.1015625,36223.5,1496.1500244140625,9148.5498046875,21145.650390625,845.3499755859375,49702.6015625,2.778751303296333
2025-03-20,21623.05078125,10757.7998046875,33001.05078125,52857.8984375,36676.6484375,1514.449951171875,9254.099609375,21340.599609375,854.4000244140625,50062.8515625,2.810602854670783
2025-03-21,21756.0,10807.75,33475.05078125,52986.05078125,36702.80078125,1547.699951171875,9203.5498046875,21625.900390625,862.75,50593.55078125,2.832673841419569
2025-03-24,21938.69921875,10804.7001953125,33955.0,53232.75,37217.05078125,1548.699951171875,9262.849609375,21771.150390625,875.9500122070312,51704.94921875,2.8587891034935673
2025-03-25,21737.599609375,10763.099609375,33502.3984375,53131.30078125,37706.8984375,1524.0,9132.900390625,21542.5,863.2000122070312,51607.94921875,2.838205257048547
2025-03-26,21742.80078125,10710.75,33205.3984375,52988.5,37336.69921875,1487.3499755859375,9097.7001953125,21360.599609375,852.0499877929688,51209.0,2.81465123995528
2025-03-27,21516.75,10771.650390625,33682.94921875,53276.6015625,37548.30078125,1509.9000244140625,9159.7998046875,21275.150390625,863.5499877929688,51575.8515625,2.8313767237684
2025-03-28,21295.5,10720.400390625,33571.6015625,53589.80078125,36886.1484375,1475.25,9092.5,21137.44921875,851.2999877929688,51564.8515625,2.808366293493421
2025-04-01,21235.25,10662.400390625,33289.1484375,53101.75,35980.6484375,1508.300048828125,9016.849609375,20771.80078125,824.8499755859375,50827.5,2.780593256846305
2025-04-02,21408.849609375,10827.5498046875,33463.69921875,53702.6015625,36283.5,1517.550048828125,9080.0498046875,20952.849609375,854.6500244140625,51348.05078125,2.81308920543644
2025-04-03,21164.0,10829.5,33559.80078125,53806.75,34757.25,1534.0999755859375,9005.150390625,21423.55078125,853.7999877929688,51597.3515625,2.8075958226529325
2025-04-04,20593.150390625,10742.849609375,32308.900390625,53830.69921875,33511.44921875,1488.5,8414.4501953125,20560.0,823.0499877929688,51502.69921875,2.7286675566039507
2025-04-07,19815.55078125,10450.849609375,31414.55078125,53241.1484375,32668.80078125,1429.9000244140625,7846.35009765625,19995.5,776.2000122070312,49860.1015625,2.632652683477173
2025-04-08,20138.150390625,10654.9501953125,31866.75,54300.25,33244.3984375,1497.449951171875,7965.60009765625,20377.900390625,795.4000244140625,50511.0,2.687166991615182
2025-04-09,20140.400390625,10725.0498046875,31558.94921875,55264.75,32517.349609375,1479.199951171875,7847.5,19976.30078125,780.2999877929688,50240.1484375,2.6661685668288073
2025-04-11,20548.650390625,10863.2001953125,32411.099609375,55741.1015625,32740.849609375,1503.800048828125,8168.2998046875,20461.900390625,790.1500244140625,51002.3515625,2.715561779808762
2025-04-15,21246.19921875,11047.900390625,33106.55078125,55896.94921875,33275.30078125,1548.449951171875,8429.849609375,20912.19921875,834.75,52379.5,2.7858106940572243
2025-04-16,21155.80078125,11107.849609375,33456.8984375,56345.6015625,33295.5,1577.5999755859375,8454.7998046875,20874.30078125,840.7999877929688,53117.75,2.8029997214146043
2025-04-17,21373.099609375,11266.7001953125,33797.5,56674.19921875,33372.3515625,1581.1500244140625,8476.5,21126.75,845.0999755859375,54290.19921875,2.8273829864956372
2025-04-21,21826.0,11333.400390625,34640.75,56130.19921875,34135.05078125,1596.25,8653.5,21351.05078125,864.0999755859375,55304.5,2.8690952408142087
2025-04-22,21903.69921875,11412.650390625,34516.3515625,57193.80078125,33941.05078125,1598.6500244140625,8669.5,21438.05078125,885.0,55647.19921875,2.885746849909058
2025-04-23,22424.44921875,11527.5,34755.05078125,57497.8984375,35414.6484375,1597.25,8737.2998046875,21738.94921875,896.75,55370.05078125,2.9200190231386682
2025-04-24,22367.55078125,11435.2998046875,34726.75,56887.55078125,35307.1015625,1599.5,8753.2998046875,21974.599609375,884.1500244140625,55201.3984375,2.9118375532662477
2025-04-25,21994.5,11247.150390625,33956.5,56532.3515625,35562.25,1547.75,8569.75,21482.55078125,859.3499755859375,54664.05078125,2.8629687859287536
2025-04-28,22352.94921875,11323.7998046875,34538.8515625,56620.30078125,35482.94921875,1559.949951171875,8689.900390625,21908.099609375,871.5,55432.80078125,2.8943187193033006
2025-04-29,22299.05078125,11309.0,34438.75,56474.5,35920.3984375,1547.6500244140625,8607.150390625,21676.650390625,869.25,55391.25,2.886166490338452
2025-04-30,22308.400390625,11316.5498046875,34241.6015625,56445.3515625,35794.94921875,1513.9000244140625,8581.7998046875,21772.44921875,885.8499755859375,55087.1484375,2.8817297122534
2025-05-02,22286.5,11281.7998046875,34138.75,56252.25,35891.8515625,1521.3499755859375,8518.400390625,21627.44921875,881.5499877929688,55115.3515625,2.8756093365453377
2025-05-05,22699.19921875,11448.900390625,34583.6015625,56936.19921875,35991.25,1531.0999755859375,8600.150390625,21775.75,887.3499755859375,54919.5,2.9006779354519785
2025-05-06,22737.599609375,11414.849609375,33771.1015625,56883.3984375,35869.19921875,1508.0,8524.7001953125,21534.349609375,855.5999755859375,54271.3984375,2.868299869255073
2025-05-07,23114.099609375,11408.7001953125,34048.05078125,56590.25,35920.30078125,1524.0,8608.0498046875,21462.44921875,865.1500244140625,54610.8984375,2.884063398244553
2025-05-08,22674.150390625,11227.150390625,33534.75,56020.69921875,36002.44921875,1527.050048828125,8428.400390625,21115.05078125,843.7999877929688,54365.6484375,2.84887090600391
2025-05-09,22627.80078125,11147.900390625,33337.55078125,55633.0,35880.1015625,1541.1500244140625,8420.5498046875,21071.75,823.75,53595.25,2.8326371147305434
2025-05-12,23400.44921875,11536.7998046875,34734.30078125,57101.3984375,38282.55078125,1590.0999755859375,8914.25,21102.69921875,872.5999755859375,55382.8515625,2.942769335542777
2025-05-13,23167.25,11396.5498046875,34549.25,56334.1484375,37354.6015625,1616.5,8834.650390625,21359.75,866.2999877929688,54940.8515625,2.924973690421352
2025-05-14,23356.849609375,11453.349609375,35040.75,56351.69921875,37853.55078125,1637.050048828125,9052.099609375,21480.5,881.0,54801.30078125,2.9537760200219907
2025-05-15,23804.849609375,11627.849609375,35362.55078125,56685.94921875,38293.80078125,1663.050048828125,9210.0498046875,21650.650390625,897.9500122070312,55355.6015625,2.9926974823951378
2025-05-16,23953.150390625,11654.5498046875,35664.80078125,57061.80078125,37972.3515625,1681.449951171875,9201.849609375,21633.19921875,912.5499877929688,55354.8984375,3.0049446423731565
2025-05-19,24052.599609375,11644.5498046875,35690.8515625,56955.69921875,37477.80078125,1671.5999755859375,9210.75,21740.44921875,933.2000122070312,55420.69921875,3.0088586851364445
2025-05-20,23531.19921875,11438.5498046875,35435.1484375,56206.25,37283.5,1648.800048828125,9156.0498046875,21456.150390625,922.7999877929688,54877.3515625,2.9732099505793044
2025-05-21,23700.099609375,11504.5498046875,35647.1015625,56413.1484375,37540.1015625,1655.699951171875,9208.150390625,21723.650390625,938.7000122070312,55075.1015625,2.9948158772953977
2025-05-22,23459.900390625,11403.0498046875,35357.1015625,55598.05078125,37050.1484375,1674.050048828125,9179.650390625,21521.75,934.4000244140625,54941.30078125,2.9759756784593447
2025-05-23,23515.25,11529.150390625,35637.8984375,56502.05078125,37403.55078125,1683.1500244140625,9249.599609375,21434.25,936.8499755859375,55398.25,2.9959405734407825
2025-05-26,23763.150390625,11585.7001953125,35882.6015625,57049.69921875,37785.8984375,1691.5,9336.4501953125,21501.80078125,944.0,55572.0,3.01706155800782
2025-05-27,23596.900390625,11510.150390625,35880.8984375,56547.6015625,37501.44921875,1690.0,9294.9501953125,21524.94921875,946.2999877929688,55352.80078125,3.006303724117589
2025-05-28,23437.05078125,11407.599609375,35888.55078125,55703.8515625,37465.75,1707.550048828125,9239.5,21393.30078125,944.9000244140625,55417.0,2.9962746471916404
2025-05-29,23555.75,11439.2001953125,35988.69921875,55630.44921875,37754.1484375,1711.050048828125,9351.650390625,21589.349609375,955.7000122070312,55546.05078125,3.0124891631189006
2025-05-30,23325.599609375,11383.150390625,35879.05078125,55283.0,37321.75,1711.300048828125,9193.25,21442.05078125,949.3499755859375,55749.69921875,2.993809130455451
2025-06-02,23327.05078125,11445.4501953125,35933.80078125,55732.55078125,37061.8515625,1716.75,9128.5498046875,21394.099609375,971.25,55903.3984375,3.0021813807673063
2025-06-03,23268.69921875,11380.650390625,35549.6015625,55460.80078125,36814.8984375,1726.0999755859375,9122.2998046875,21354.19921875,982.9000244140625,55599.94921875,2.9958975881838965
2025-06-04,23332.599609375,11425.150390625,35734.19921875,55530.55078125,36938.1015625,1729.300048828125,9177.400390625,21371.69921875,976.0,55676.8515625,3.001748558675466
2025-06-05,23306.19921875,11486.099609375,35824.8515625,55632.44921875,37107.94921875,1725.4000244140625,9231.5,21644.19921875,993.0999755859375,55760.8515625,3.0163347999672174
2025-06-06,23661.30078125,11616.5,35924.05078125,55802.69921875,37294.8515625,1705.75,9406.4501953125,21684.400390625,1039.5999755859375,56578.3984375,3.049019834831057
2025-06-09,23777.150390625,11658.25,36352.80078125,56026.1015625,37669.19921875,1713.0,9477.0,21826.80078125,1038.1500244140625,56839.6015625,3.0660959952897495
2025-06-10,23759.0,11635.599609375,36515.25,56198.80078125,38300.0,1731.6500244140625,9509.7001953125,21948.0,1026.300048828125,56629.1015625,3.074179274029801
2025-06-11,23805.19921875,11614.9501953125,36624.69921875,55820.6015625,38784.30078125,1730.5,9495.7998046875,22057.150390625,1027.25,56459.75,3.077211894521702
2025-06-12,23411.80078125,11451.0,35918.3515625,55104.1015625,38460.30078125,1723.1500244140625,9348.5,22036.150390625,1006.4500122070312,56082.55078125,3.04066769450354
2025-06-13,23327.400390625,11373.849609375,35740.55078125,54527.1484375,38469.25,1726.0999755859375,9258.7998046875,21985.150390625,1007.0499877929688,55527.3515625,3.026975178654593
2025-06-16,23368.25,11484.5498046875,36010.44921875,54873.30078125,39073.05078125,1735.949951171875,9358.25,22039.44921875,1020.2999877929688,55944.8984375,3.051394964840187
2025-06-17,23227.30078125,11422.599609375,35836.0,54708.75,39356.1015625,1723.4000244140625,9224.400390625,21622.80078125,1013.7000122070312,55714.1484375,3.0321543708662917
2025-06-18,23312.349609375,11441.0498046875,35667.55078125,54452.3984375,39030.8984375,1701.5,9158.25,21588.400390625,1008.9000244140625,55828.75,3.021080833380644
2025-06-19,23434.650390625,11450.599609375,35273.8515625,54283.5,38664.94921875,1668.949951171875,9040.4501953125,21441.849609375,992.75,55577.44921875,2.997901608934154
2025-06-20,23679.349609375,11620.9501953125,35600.19921875,54630.94921875,38991.44921875,1674.800048828125,9138.599609375,21613.0,1013.6500244140625,56252.8515625,3.0293689979090987
2025-06-23,23461.150390625,11580.599609375,35608.94921875,54226.8515625,38414.1015625,1748.4000244140625,9198.5498046875,21626.19921875,1012.6500244140625,56059.3515625,3.033017842532683
2025-06-24,23598.25,11616.900390625,35727.05078125,54346.30078125,38417.94921875,1728.800048828125,9291.099609375,21672.099609375,1014.25,56461.8984375,3.0403978225330013
2025-06-25,23827.80078125,11758.75,35820.55078125,54747.25,39046.30078125,1763.1500244140625,9329.2001953125,21804.80078125,1019.7000122070312,56621.1484375,3.066720239822317
2025-06-26,23961.69921875,11855.4501953125,36179.1015625,55118.80078125,38996.25,1743.8499755859375,9544.5498046875,21808.19921875,1009.5499877929688,57206.69921875,3.079612147625468
2025-06-27,24007.94921875,11870.650390625,36542.6015625,55109.0,38822.94921875,1747.8499755859375,9578.2001953125,21928.599609375,993.9500122070312,57443.8984375,3.082282754286262
2025-06-30,23872.55078125,11842.849609375,36568.6484375,54883.8984375,38950.0,1754.449951171875,9534.7998046875,22038.69921875,986.5499877929688,57312.75,3.078108281822832
2025-07-01,23824.0,11830.9501953125,36480.1015625,54502.94921875,38833.1484375,1731.4000244140625,9564.5498046875,22041.25,984.2000122070312,57459.44921875,3.0703744021484036
2025-07-02,23899.849609375,11845.9501953125,36331.25,54439.69921875,38879.1015625,1725.1500244140625,9699.2001953125,22110.80078125,970.0499877929688,56999.19921875,3.067804712210223
2025-07-03,24004.94921875,11835.2001953125,36362.80078125,54515.75,38854.30078125,1750.1500244140625,9623.4501953125,22204.25,963.1500244140625,56791.94921875,3.0694234328346557
2025-07-04,23980.400390625,11776.75,36509.6015625,54735.6015625,39166.55078125,1761.75,9580.400390625,22384.599609375,971.9500122070312,57031.8984375,3.079793056058548
2025-07-07,23943.900390625,11827.849609375,36532.3984375,55652.8515625,38866.94921875,1743.550048828125,9522.150390625,22365.05078125,972.75,56949.19921875,3.07814189877371
2025-07-08,23852.900390625,11788.349609375,36605.8515625,55504.0,38983.25,1741.550048828125,9517.400390625,22165.900390625,982.3499755859375,57256.30078125,3.078110851951421
2025-07-09,23944.400390625,11805.0498046875,36517.5,55946.19921875,38680.8515625,1734.699951171875,9384.5,22208.5,967.75,57213.55078125,3.0693273316759155
2025-07-10,23916.849609375,11726.4501953125,36447.6484375,55628.19921875,38376.6484375,1732.0999755859375,9423.5498046875,22076.80078125,974.7000122070312,56956.0,3.0620045832780702
2025-07-11,23493.80078125,11621.349609375,36097.8515625,55910.25,37693.25,1704.300048828125,9382.849609375,22225.900390625,962.9000244140625,56754.69921875,3.0380470373878268
2025-07-14,23552.0,11665.599609375,36201.05078125,56025.6015625,37273.69921875,1727.5,9407.9501953125,22410.349609375,976.25,56765.3515625,3.049808794239394
2025-07-15,23905.25,11750.0,36308.5,56429.05078125,37424.6015625,1735.8499755859375,9411.9501953125,22665.69921875,983.9500122070312,57006.6484375,3.0697065402758748
2025-07-16,24011.150390625,11794.849609375,36350.8984375,56685.55078125,37660.75,1758.5999755859375,9360.7001953125,22593.900390625,988.8499755859375,57168.94921875,3.0797107774519774
2025-07-17,24002.5,11772.2001953125,36438.25,56843.05078125,37138.55078125,1754.25,9423.349609375,22680.349609375,1001.0999755859375,56828.80078125,3.0807944692808955
2025-07-18,23894.349609375,11699.150390625,36231.6484375,56506.8984375,37141.8984375,1771.050048828125,9458.2001953125,22592.75,999.9000244140625,56283.0,3.0735254161498586
2025-07-21,24055.0,11747.099609375,36248.55078125,56222.69921875,37031.75,1773.9000244140625,9555.5,22531.849609375,1006.25,56952.75,3.082974845245588
2025-07-22,23875.849609375,11801.5,36198.5,56003.94921875,36858.8984375,1733.5999755859375,9533.2998046875,22307.19921875,996.0499877929688,56756.0,3.0640580147216157
2025-07-23,24079.400390625,11839.099609375,36302.94921875,55710.3515625,36951.5,1717.300048828125,9579.0498046875,22417.44921875,970.2000122070312,57210.44921875,3.0622993268325933
2025-07-24,24087.30078125,11781.5498046875,36048.3515625,55085.8515625,36135.80078125,1714.3499755859375,9582.2998046875,22541.05078125,960.0999755859375,57066.05078125,3.0458762599561333
2025-07-25,23781.55078125,11687.7998046875,35250.5,54579.94921875,35623.75,1669.5999755859375,9425.099609375,22662.69921875,950.5999755859375,56528.8984375,3.0085469206965563
2025-07-28,23693.0,11612.150390625,35021.55078125,54732.94921875,35370.05078125,1624.5,9316.4501953125,22761.150390625,911.9000244140625,56084.8984375,2.977327009661849
2025-07-29,23888.349609375,11676.599609375,35410.69921875,54891.1484375,35373.25,1637.75,9409.7001953125,23072.44921875,926.5,56222.0,3.0006052521538518
2025-07-30,23745.80078125,11700.099609375,35422.05078125,55020.3984375,35481.69921875,1624.800048828125,9399.75,23073.900390625,917.6500244140625,56150.69921875,2.9952234878545814
2025-07-31,23655.849609375,11739.099609375,35116.1484375,55812.1484375,35301.6484375,1626.3499755859375,9285.4501953125,22771.05078125,912.3499755859375,55961.94921875,2.985266349597625
2025-08-01,23410.94921875,11697.150390625,34889.0,56197.05078125,34649.6015625,1616.800048828125,9102.349609375,22011.69921875,896.1500244140625,55617.6015625,2.9509904847392296
2025-08-04,23787.5,11782.349609375,34923.44921875,56139.6484375,35203.3515625,1641.1500244140625,9327.849609375,22153.80078125,912.0499877929688,55619.3515625,2.9814977231852384
2025-08-05,23876.30078125,11790.0,34914.3984375,55733.69921875,35034.5,1640.050048828125,9336.0498046875,21970.150390625,907.8499755859375,55360.25,2.973969822715984
2025-08-06,23748.849609375,11747.75,34683.3515625,55230.80078125,34426.25,1620.699951171875,9298.75,21523.75,894.1500244140625,55411.1484375,2.946547708004939
2025-08-07,23808.099609375,11772.9501953125,34613.80078125,55298.5,34726.80078125,1636.800048828125,9310.650390625,21684.80078125,893.0,55521.1484375,2.9559725285353697
2025-08-08,23474.650390625,11647.099609375,34391.94921875,54900.94921875,34398.5,1635.0999755859375,9147.099609375,21402.150390625,874.1500244140625,55004.8984375,2.923517771295513
2025-08-11,23723.75,11756.650390625,34610.3515625,55309.8984375,34544.6484375,1637.699951171875,9194.7998046875,21604.650390625,890.4000244140625,55510.75,2.947525035837634
2025-08-12,23856.599609375,11747.150390625,34741.44921875,55034.44921875,34674.30078125,1647.550048828125,9229.7001953125,21753.5,883.9000244140625,55043.69921875,2.9499829375526883
2025-08-13,24122.650390625,11844.7998046875,34739.3515625,55010.1484375,34692.94921875,1662.0,9345.9501953125,22130.30078125,886.0499877929688,55181.44921875,2.968604012007138
2025-08-14,24118.80078125,11839.900390625,34469.05078125,54656.30078125,34833.19921875,1653.1500244140625,9216.25,22151.849609375,879.3499755859375,55341.8515625,2.958621324391621
2025-08-18,25127.19921875,12089.9501953125,34483.19921875,55304.25,34634.94921875,1649.449951171875,9387.5,22141.150390625,898.4500122070312,55734.8984375,2.992404591194754
2025-08-19,25456.69921875,12189.7001953125,34768.1015625,55886.6484375,34756.69921875,1671.5,9457.5,22066.75,904.2999877929688,55865.1484375,3.0133468607202993
2025-08-20,25469.25,12295.2001953125,34847.8515625,56664.05078125,35690.05078125,1638.449951171875,9497.75,21969.5,913.8499755859375,55698.5,3.025357924677311
2025-08-21,25377.5,12258.900390625,34681.6015625,56303.05078125,35723.8984375,1638.4000244140625,9493.650390625,22177.69921875,917.3499755859375,55755.44921875,3.0244863342636106
2025-08-22,25329.44921875,12196.2998046875,34507.6015625,55737.44921875,35440.8515625,1653.949951171875,9375.4501953125,22265.0,909.6500244140625,55149.3984375,3.0098863847732225
2025-08-25,25423.400390625,12212.7001953125,34494.3515625,55681.6484375,36280.1015625,1626.25,9436.75,22362.80078125,916.4500122070312,55139.30078125,3.018562234045847
2025-08-26,25320.30078125,12166.349609375,33955.94921875,56187.0,36063.19921875,1614.050048828125,9280.0498046875,21990.0,895.9500122070312,54450.44921875,2.9895835963289152
2025-08-28,25183.5,12063.849609375,33682.8515625,55612.94921875,35488.80078125,1606.3499755859375,9210.5,21808.349609375,882.5,53820.3515625,2.9611453362977045
2025-08-29,24960.849609375,12059.349609375,33638.6484375,56141.8515625,35181.25,1612.0,9154.7998046875,21804.05078125,870.75,53655.6484375,2.9526219296042626
2025-09-01,25660.0,12208.5498046875,34155.30078125,56175.19921875,35740.6484375,1606.8499755859375,9305.2998046875,21778.849609375,879.7999877929688,54002.44921875,2.9824968611978453
2025-09-02,25584.94921875,12213.0,34490.5,56806.6015625,35737.8984375,1622.5999755859375,9384.349609375,21719.94921875,886.1500244140625,53661.0,2.992906907955861
2025-09-03,25775.44921875,12296.900390625,34626.6015625,56969.19921875,35474.94921875,1621.949951171875,9676.400390625,21959.599609375,889.6500244140625,54067.55078125,3.0129732222993675
2025-09-04,25994.849609375,12358.7001953125,34284.69921875,57104.05078125,35143.1015625,1611.0,9616.349609375,21915.400390625,882.75,54075.44921875,3.005168648220555
2025-09-05,26320.599609375,12370.5498046875,34297.8984375,56292.1015625,34635.8515625,1620.449951171875,9681.650390625,21924.80078125,872.5,54114.55078125,3.001388024774998
2025-09-08,27189.19921875,12431.5,34290.6484375,56171.30078125,34310.44921875,1621.199951171875,9717.849609375,21865.19921875,876.5499877929688,54186.8984375,3.0114839666671154
2025-09-09,27182.5,12443.849609375,34249.6484375,56497.25,35255.94921875,1621.25,9734.2001953125,22052.650390625,873.9500122070312,54216.1015625,3.0237619554062034
2025-09-10,26833.94921875,12406.599609375,34522.1015625,56856.8515625,36183.80078125,1610.949951171875,9759.4501953125,22122.05078125,883.7999877929688,54536.0,3.0362743669271204
2025-09-11,26744.44921875,12411.400390625,34826.69921875,56960.6015625,36003.5,1627.449951171875,9792.9501953125,22224.0,883.7999877929688,54669.6015625,3.043394425768748
2025-09-12,26866.650390625,12375.5,34940.30078125,56557.1484375,36110.75,1621.050048828125,9883.599609375,22341.19921875,884.3499755859375,54809.30078125,3.047840750133536
2025-09-15,26760.650390625,12347.349609375,35129.0,56551.3515625,35902.19921875,1613.699951171875,9891.0,22198.69921875,905.6500244140625,54887.8515625,3.050479468948637
2025-09-16,27146.400390625,12420.2998046875,35441.1015625,56398.6484375,36212.1484375,1627.6500244140625,9973.4501953125,22264.55078125,915.3499755859375,55147.6015625,3.071994594073117
2025-09-17,27294.650390625,12443.2998046875,35568.05078125,56321.0,36447.1484375,1632.5,9923.150390625,22241.349609375,919.0999755859375,55493.30078125,3.0791423218545004
2025-09-18,27329.349609375,12485.099609375,35442.1015625,56522.3515625,36750.25,1627.6500244140625,9955.150390625,22574.349609375,918.4500122070312,55727.44921875,3.0889090303931126
2025-09-19,27219.55078125,12462.650390625,35745.75,56273.05078125,36578.25,1619.449951171875,9989.900390625,22686.599609375,923.5,55458.8515625,3.0882185112147233
2025-09-22,27154.30078125,12493.150390625,35992.6484375,56006.75,35500.1484375,1627.300048828125,10029.099609375,22365.75,921.5499877929688,55284.75,3.0765230601677938
2025-09-23,27321.94921875,12394.2001953125,35826.19921875,55281.55078125,35249.1015625,1616.550048828125,10129.0498046875,22299.099609375,913.3499755859375,55509.75,3.067035255999559
2025-09-24,27007.599609375,12318.25,35506.69921875,55378.94921875,34994.30078125,1603.5,10060.099609375,22180.69921875,890.5999755859375,55121.5,3.0412383583345513
2025-09-25,26758.5,12243.2998046875,35255.55078125,55108.0,34548.30078125,1592.8499755859375,10082.5498046875,21977.69921875,875.9000244140625,54976.19921875,3.019121697079674
2025-09-26,26484.55078125,12080.150390625,34830.0,54847.55078125,33702.0,1575.449951171875,9888.25,21507.19921875,867.1500244140625,54389.3515625,2.9777224956943646
2025-09-29,26436.55078125,12108.349609375,35069.1484375,54945.80078125,33693.1015625,1562.0999755859375,9923.099609375,21475.30078125,874.75,54461.0,2.9814638561220224
2025-09-30,26542.349609375,12063.25,34999.6484375,54710.69921875,33655.1015625,1542.949951171875,10038.150390625,21454.25,867.5999755859375,54635.8515625,2.9773734507723013
2025-10-01,26768.650390625,12131.7998046875,35180.3515625,55105.3515625,33905.19921875,1604.25,10092.9501953125,21733.5,877.1500244140625,55347.94921875,3.0119888398391406
2025-10-03,26753.099609375,12144.0,35375.8984375,55170.6015625,33949.75,1604.9000244140625,10277.099609375,21756.349609375,876.0999755859375,55589.25,3.021430123227637
2025-10-06,26857.19921875,12210.2998046875,35369.44921875,55057.6484375,34722.55078125,1590.4000244140625,10185.5,21779.849609375,882.0999755859375,56104.8515625,3.030234597776186
2025-10-07,26933.55078125,12225.900390625,35470.0,54763.8515625,34709.44921875,1583.0999755859375,10156.650390625,21875.30078125,891.7000122070312,56239.3515625,3.033716465802681
2025-10-08,26522.400390625,12183.849609375,35085.75,54489.6484375,35232.25,1555.949951171875,10136.5498046875,21707.349609375,875.4000244140625,56018.25,3.012935357817929
2025-10-09,26587.0,12227.4501953125,35244.1484375,54707.44921875,35628.5,1557.550048828125,10356.2001953125,21936.19921875,881.9000244140625,56192.05078125,3.033887459416966
2025-10-10,26721.19921875,12285.150390625,35393.94921875,54966.44921875,35609.05078125,1561.699951171875,10261.5498046875,22218.25,896.6500244140625,56609.75,3.048676615096663
2025-10-13,26698.150390625,12264.849609375,35288.0,54473.8515625,35330.80078125,1563.3499755859375,10217.4501953125,22205.099609375,896.7999877929688,56625.0,3.0408474579229927
2025-10-14,26640.55078125,12228.4501953125,35067.69921875,54213.75,35214.8515625,1547.25,10116.7998046875,22039.25,888.3499755859375,56496.44921875,3.0229868605077663
2025-10-15,26708.650390625,12349.25,35321.6484375,54748.69921875,35401.80078125,1539.25,10218.0,22057.30078125,915.4000244140625,56799.8984375,3.0460599195211095
2025-10-16,27048.75,12483.349609375,35468.80078125,55853.8984375,35531.05078125,1543.699951171875,10287.25,22103.19921875,932.7999877929688,57422.55078125,3.07448445916844
2025-10-17,27228.599609375,12620.7998046875,35395.69921875,56616.3984375,34950.69921875,1519.5999755859375,10199.2998046875,22253.75,933.75,57713.3515625,3.074991591727495
2025-10-20,27185.44921875,12639.0498046875,35563.94921875,56597.1484375,35292.6015625,1532.8499755859375,10191.849609375,22439.900390625,938.2000122070312,58033.19921875,3.0875125512236115
2025-10-21,27229.849609375,12633.900390625,35644.1484375,56609.1484375,35299.75,1541.5,10232.75,22515.69921875,937.4000244140625,58007.19921875,3.092337952854184
2025-10-23,27218.75,12567.099609375,35619.1484375,56772.44921875,36078.6484375,1546.3499755859375,10241.849609375,22481.25,939.2000122070312,58078.05078125,3.099821624232784
2025-10-24,27108.69921875,12520.25,35626.8984375,56348.1015625,35986.3515625,1540.0999755859375,10347.4501953125,22357.349609375,940.9000244140625,57699.6015625,3.0931462096472884
2025-10-27,27263.650390625,12601.650390625,35780.0,56428.94921875,36129.1015625,1536.1500244140625,10467.150390625,22310.400390625,954.6500244140625,58114.25,3.1088036388131965
2025-10-28,27148.349609375,12550.099609375,35658.1484375,56110.05078125,35860.3984375,1538.449951171875,10596.2001953125,22250.900390625,944.5999755859375,58214.1015625,3.1018200008334063
2025-10-29,26948.900390625,12576.599609375,36347.94921875,56615.3515625,36090.1015625,1563.5,10777.5,22430.69921875,950.5,58385.25,3.1266903428752277
2025-10-30,26829.55078125,12501.0,36392.6015625,56343.5,35906.3984375,1558.949951171875,10729.2001953125,22298.19921875,950.9000244140625,58031.1015625,3.11479425298359
2025-10-31,26809.849609375,12415.5498046875,36275.94921875,56208.5,35712.3515625,1538.3499755859375,10612.150390625,22175.400390625,947.5499877929688,57776.3515625,3.0973143655485385
2025-11-03,26841.80078125,12446.0,36445.1484375,56153.69921875,35653.1015625,1541.0,10652.7998046875,22442.599609375,968.6500244140625,58101.44921875,3.113163884108917
2025-11-04,26610.05078125,12384.2998046875,36278.3984375,55815.6015625,35274.55078125,1532.550048828125,10499.0498046875,22334.44921875,961.0999755859375,57827.05078125,3.090731159705038
2025-11-06,26626.5,12325.7998046875,35839.5,55711.75,35337.6015625,1493.5999755859375,10281.900390625,22250.55078125,946.5999755859375,57554.25,3.0641707575218837
2025-11-07,26779.55078125,12253.2001953125,35790.30078125,55437.19921875,35117.6484375,1489.6500244140625,10426.7998046875,22169.80078125,946.4000244140625,57876.80078125,3.064337714988867
2025-11-10,26859.849609375,12224.25,35921.6015625,55334.44921875,35688.25,1474.1500244140625,10484.5,22379.849609375,944.1500244140625,57937.55078125,3.071071525525272
2025-11-11,27148.25,12320.099609375,36069.8515625,55523.05078125,36116.8984375,1473.050048828125,10559.099609375,22369.599609375,942.5999755859375,58138.1484375,3.0851542733965287
2025-11-12,27485.150390625,12389.5,36287.8984375,55529.19921875,36855.3984375,1487.449951171875,10542.5498046875,22593.400390625,937.9500122070312,58274.6484375,3.1037496546723475
2025-11-13,27382.80078125,12357.150390625,36187.8515625,55243.5,36679.5,1479.199951171875,10588.599609375,22686.80078125,941.9000244140625,58381.94921875,3.1006454672060153
2025-11-14,27239.80078125,12389.099609375,36261.1015625,55560.80078125,36301.25,1479.699951171875,10494.75,22821.05078125,941.1500244140625,58517.55078125,3.098703673506169
2025-11-17,27472.650390625,12478.25,36441.8515625,55677.1484375,36375.19921875,1485.6500244140625,10495.849609375,22867.599609375,945.3499755859375,58962.69921875,3.1120575871002045
2025-11-18,27368.25,12431.25,36223.75,55363.44921875,35975.19921875,1482.25,10383.7001953125,22713.650390625,927.2999877929688,58899.25,3.0902551900541355
2025-11-19,27434.44921875,12481.099609375,36132.30078125,55380.80078125,37044.6484375,1478.300048828125,10384.150390625,22727.650390625,924.0499877929688,59216.05078125,3.1007045440123697
2025-11-20,27554.0,12499.2998046875,36232.69921875,55426.69921875,37043.30078125,1455.550048828125,10386.0498046875,22687.55078125,922.7999877929688,59347.69921875,3.098622933593567
2025-11-21,27537.849609375,12500.25,35852.3984375,55504.69921875,36885.3515625,1444.199951171875,10142.5498046875,22580.94921875,905.5999755859375,58867.69921875,3.074908834436575
2025-11-24,27442.19921875,12422.2001953125,35427.8515625,55138.1484375,37037.94921875,1436.5,10017.900390625,22492.44921875,887.0,58835.3515625,3.054413141495578
2025-11-25,27378.69921875,12405.0,35350.3515625,55052.1015625,36826.8984375,1424.949951171875,10073.400390625,22590.94921875,901.3499755859375,58820.30078125,3.055835361046327
2025-11-26,27696.400390625,12497.900390625,35964.80078125,55442.6015625,37364.6015625,1448.050048828125,10280.7001953125,22862.349609375,911.4500122070312,59528.05078125,3.095625499036219
2025-11-27,27603.650390625,12450.349609375,35756.1484375,55470.55078125,37446.30078125,1460.199951171875,10273.75,22863.0,904.9000244140625,59737.30078125,3.0937084746192496
2025-11-28,27774.599609375,12472.150390625,35548.30078125,55595.80078125,37405.5,1468.25,10293.0498046875,22998.30078125,903.1500244140625,59752.69921875,3.0983282298388968
2025-12-01,27993.0,12462.4501953125,35539.25,55500.5,37549.75,1464.800048828125,10353.2001953125,22887.75,893.9000244140625,59681.3515625,3.097158414531287
2025-12-02,27979.5,12459.9501953125,35459.3984375,55390.94921875,37541.25,1458.9000244140625,10315.849609375,22905.0,892.0499877929688,59273.80078125,3.090682197499124
2025-12-03,27643.80078125,12325.2001953125,35105.0,54949.1015625,37825.25,1462.550048828125,10265.2001953125,22907.849609375,885.3499755859375,59348.25,3.077776314885026
2025-12-04,27732.69921875,12349.650390625,34986.1015625,55209.30078125,38360.25,1441.4000244140625,10271.4501953125,22958.94921875,890.0999755859375,59288.69921875,3.081910412118521
2025-12-05,27939.099609375,12376.150390625,34971.80078125,55202.8515625,38703.6484375,1434.550048828125,10340.349609375,22947.150390625,893.1500244140625,59777.19921875,3.0915020218419786
2025-12-08,27596.80078125,12170.5,34447.8515625,54540.5,38590.69921875,1395.3499755859375,10141.7998046875,22640.69921875,861.6500244140625,59238.55078125,3.041132704083762
2025-12-09,27399.25,12158.2998046875,34666.80078125,54521.19921875,38130.6015625,1405.050048828125,10112.650390625,22522.849609375,869.8499755859375,59222.3515625,3.0393183953021325
2025-12-10,27358.25,12075.099609375,34635.25,54506.0,37789.8984375,1411.800048828125,10159.0,22561.5,866.7000122070312,58960.3984375,3.0346364687473932
2025-12-11,27661.0,12139.75,34751.94921875,54619.6484375,38097.0,1410.550048828125,10266.849609375,22783.44921875,873.2000122070312,59209.8515625,3.0532387930812317
2025-12-12,27820.849609375,12211.900390625,35039.8515625,54490.80078125,38274.75,1409.8499755859375,10536.4501953125,22808.69921875,886.5499877929688,59389.94921875,3.0738527175674135
2025-12-15,27568.099609375,12205.0498046875,35028.1484375,54868.3984375,38386.30078125,1435.1500244140625,10553.150390625,22719.400390625,886.1500244140625,59461.80078125,3.0788440138138973
2025-12-16,27542.19921875,12192.9501953125,34769.25,54863.44921875,38062.5,1435.5999755859375,10464.349609375,22591.5,874.75,59034.6015625,3.0629487705945113
2025-12-17,27489.25,12136.849609375,34737.0,54603.3984375,38172.05078125,1411.050048828125,10490.150390625,22612.150390625,867.4000244140625,58926.75,3.0527603890381654
2025-12-18,27321.900390625,12103.5,34464.30078125,54546.44921875,38633.3515625,1393.199951171875,10516.150390625,22557.599609375,870.3499755859375,58912.8515625,3.04816192258343
2025-12-19,27657.25,12191.25,34796.3984375,54781.3515625,38691.6015625,1394.4000244140625,10521.099609375,22751.25,884.9000244140625,59069.19921875,3.0677501049128906
2025-12-22,27885.30078125,12283.0,35025.44921875,55062.6484375,39488.0,1402.449951171875,10669.0,22927.900390625,885.1500244140625,59304.0,3.0922690159956345
2025-12-23,27892.05078125,12282.7998046875,35214.25,55348.6484375,39173.69921875,1413.5999755859375,10727.0498046875,22875.099609375,883.6500244140625,59299.55078125,3.0960321988164465
2025-12-24,27885.650390625,12272.2998046875,35095.1015625,55113.75,38974.80078125,1419.75,10742.75,22757.400390625,885.1500244140625,59183.6015625,3.091890306717007
2025-12-26,27739.849609375,12231.5498046875,35058.80078125,55132.05078125,38572.30078125,1410.949951171875,10806.150390625,22684.650390625,883.1500244140625,59011.3515625,3.08315824770168
2025-12-29,27592.5,12183.400390625,34868.75,55192.44921875,38282.69921875,1424.050048828125,10789.099609375,22578.30078125,877.2000122070312,58932.3515625,3.0750991225039574
2025-12-30,27889.650390625,12182.150390625,34813.8984375,55033.1484375,37998.6015625,1423.4000244140625,11007.650390625,22540.05078125,869.7999877929688,59171.25,3.0789461058171357
2025-12-31,28189.599609375,12289.4501953125,35325.6484375,55475.6484375,37884.05078125,1444.699951171875,11167.650390625,22723.650390625,877.9500122070312,59581.8515625,3.1076549861292118
2026-01-02,28803.650390625,12256.5,36275.6484375,53078.80078125,38320.30078125,1462.9000244140625,11421.849609375,22790.900390625,898.7999877929688,60150.94921875,3.1343571227213234
2026-01-05,28894.150390625,12283.2001953125,36050.05078125,53441.1015625,37771.1484375,1472.0,11490.7998046875,22743.400390625,917.4000244140625,60044.19921875,3.140841854022801
2026-01-06,28922.349609375,12274.650390625,35849.1484375,53561.94921875,37977.3984375,1456.5999755859375,11524.0498046875,23126.849609375,914.3499755859375,60118.3984375,3.1438669199848874
2026-01-07,28692.400390625,12249.900390625,35763.5,53493.80078125,38688.80078125,1457.550048828125,11524.0,23286.25,909.7999877929688,59990.8515625,3.1456106488666054
2026-01-08,28414.94921875,12156.599609375,34729.6484375,53010.1484375,37920.30078125,1437.4000244140625,11132.0,22962.55078125,894.25,59686.5,3.095593678833972
2026-01-09,28087.650390625,12027.7998046875,34409.30078125,52438.1484375,38027.19921875,1425.300048828125,11094.7998046875,22761.0,874.0,59251.55078125,3.067802070223507
2026-01-12,28011.75,12080.9501953125,34473.55078125,52745.5,37988.25,1403.1500244140625,11315.75,22668.44921875,863.2999877929688,59450.5,3.0677542036362704
2026-01-13,27915.099609375,12042.5498046875,34416.69921875,52577.1484375,38236.6015625,1413.8499755859375,11355.2001953125,22562.30078125,857.9500122070312,59578.80078125,3.0669743960860707
2026-01-14,27721.849609375,11989.5498046875,34622.25,52258.6484375,37822.69921875,1415.449951171875,11661.400390625,22505.400390625,850.0499877929688,59580.1484375,3.065182055080306
2026-01-16,27596.25,11906.650390625,34346.3515625,52142.5,39086.6484375,1410.550048828125,11600.0498046875,22217.05078125,853.0,60095.1484375,3.065905551738879
2026-01-19,27632.44921875,11924.7998046875,34116.80078125,52489.94921875,38902.5,1384.5999755859375,11593.0498046875,22136.25,836.0,59891.3515625,3.0512341069970774
2026-01-20,26948.099609375,11666.2998046875,33360.0,51713.0,38101.05078125,1360.4000244140625,11374.4501953125,21714.30078125,793.9000244140625,59404.19921875,2.984742251679701
2026-01-21,26871.25,11662.0,33370.05078125,51402.5,37992.30078125,1354.0,11438.9501953125,21584.400390625,788.2999877929688,58800.30078125,2.9745900960694276
2026-01-22,27110.19921875,11692.150390625,33747.0,51978.3984375,38301.75,1386.3499755859375,11573.7001953125,21928.0,782.5,59200.1015625,3.0022999473041443
2026-01-23,26804.55078125,11532.7998046875,33098.30078125,51662.05078125,38238.5,1351.550048828125,11477.7998046875,21722.25,756.3499755859375,58473.1015625,2.96016780310287
2026-01-27,26554.0,11444.7998046875,33293.1015625,51349.75,38566.1015625,1332.050048828125,11829.650390625,21788.44921875,759.4000244140625,59205.44921875,2.968237719108438
2026-01-28,26737.599609375,11457.9501953125,34685.44921875,50985.44921875,38725.3515625,1360.4000244140625,12106.4501953125,21739.849609375,771.2999877929688,59598.80078125,3.0013882512933234
2026-01-29,26555.400390625,11387.150390625,35335.19921875,50523.8984375,38431.30078125,1360.0999755859375,12478.0498046875,21564.0,776.5,59957.8515625,3.008665020869745
2026-01-30,26750.349609375,11469.0,35138.05078125,51215.19921875,38036.1484375,1385.199951171875,11827.5498046875,21715.099609375,783.0,59610.44921875,3.005131983484483
2026-02-02,26749.150390625,11397.849609375,34613.30078125,50623.19921875,38074.1484375,1361.3499755859375,11561.5498046875,21549.55078125,778.0,58619.0,2.9744521098071366
2026-02-03,27500.30078125,11622.7998046875,35657.55078125,50806.6484375,38611.75,1381.699951171875,11893.2001953125,22200.25,815.2999877929688,60041.30078125,3.046364426728139
2026-02-04,27825.400390625,11787.150390625,36370.3515625,50922.75,36345.6484375,1394.3499755859375,12044.25,22125.80078125,824.4500122070312,60238.1484375,3.0532345187569
2026-02-05,27664.5,11717.150390625,36230.3515625,50731.6484375,36143.30078125,1393.0,11921.2001953125,22119.900390625,819.7000122070312,60063.6484375,3.039494924453494
