Date,gold,crudeoil,repo_rate,indiavix,usdinr
2010-01-04,1117.699951171875,81.51000213623047,4.8,23.63999938964844,46.28799819946289
2010-01-05,1118.0999755859375,81.7699966430664,4.8,22.270000457763672,46.119998931884766
2010-01-06,1135.9000244140625,83.18000030517578,4.8,22.1200008392334,45.720001220703125
2010-01-07,1133.0999755859375,82.66000366210938,4.8,22.5,45.6879997253418
2010-01-08,1138.199951171875,82.75,4.8,22.56999969482422,45.51800155639648
2010-01-11,1150.699951171875,82.5199966430664,4.8,22.68000030517578,45.358001708984375
2010-01-12,1128.9000244140625,80.79000091552734,4.8,23.079999923706055,45.61800003051758
2010-01-13,1136.4000244140625,79.6500015258789,4.8,21.989999771118164,45.487998962402344
2010-01-14,1142.5999755859375,79.38999938964844,4.8,20.979999542236328,45.5629997253418
2010-01-15,1130.0999755859375,78.0,4.8,21.079999923706055,45.803001403808594
2010-01-18,1130.0999755859375,78.0,4.8,21.549999237060547,45.63800048828125
2010-01-19,1139.699951171875,79.0199966430664,4.8,22.34000015258789,45.847999572753906
2010-01-20,1112.300048828125,77.62000274658203,4.8,22.290000915527344,46.11800003051758
2010-01-21,1102.699951171875,76.08000183105469,4.8,23.5,46.108001708984375
2010-01-22,1089.199951171875,74.54000091552734,4.8,24.850000381469727,46.222999572753906
2010-01-25,1095.199951171875,75.26000213623047,4.8,25.81999969482422,46.077999114990234
2010-01-27,1084.4000244140625,73.66999816894531,4.8,28.920000076293945,46.31800079345703
2010-01-28,1083.5999755859375,73.63999938964844,4.8,26.959999084472656,46.347999572753906
2010-01-29,1083.0,72.88999938964844,4.8,26.1299991607666,46.097999572753906
2010-02-01,1104.300048828125,74.43000030517578,4.8,25.61000061035156,46.28799819946289
2010-02-02,1117.4000244140625,77.2300033569336,4.8,26.690000534057617,46.099998474121094
2010-02-03,1111.4000244140625,76.9800033569336,4.8,25.540000915527344,45.900001525878906
2010-02-04,1062.4000244140625,73.13999938964844,4.8,27.06999969482422,46.209999084472656
2010-02-05,1052.199951171875,71.19000244140625,4.8,30.06999969482422,46.619998931884766
2010-02-08,1065.699951171875,71.88999938964844,4.8,30.36000061035156,46.709999084472656
2010-02-09,1076.699951171875,73.75,4.8,29.90999984741211,46.38999938964844
2010-02-10,1075.800048828125,74.5199966430664,4.8,30.549999237060547,46.37799835205078
2010-02-11,1094.199951171875,75.27999877929688,4.8,28.809999465942383,46.400001525878906
2010-02-15,1089.5,74.12999725341797,4.8,29.68000030517578,46.3380012512207
2010-02-16,1119.300048828125,77.01000213623047,4.8,28.729999542236328,45.97999954223633
2010-02-17,1119.5,77.33000183105469,4.8,29.040000915527344,46.007999420166016
2010-02-18,1118.0,79.05999755859375,4.8,29.760000228881836,46.13999938964844
2010-02-19,1121.300048828125,79.80999755859375,4.8,31.899999618530273,46.18000030517578
2010-02-22,1112.5999755859375,80.16000366210938,4.8,32.130001068115234,46.099998474121094
2010-02-23,1102.699951171875,78.86000061035156,4.8,30.989999771118164,46.26800155639648
2010-02-24,1096.5,80.0,4.8,30.399999618530273,46.28799819946289
2010-02-25,1107.800048828125,78.16999816894531,4.8,29.549999237060547,46.29999923706055
2010-02-26,1118.300048828125,79.66000366210938,4.8,24.020000457763672,45.900001525878906
2010-03-02,1136.9000244140625,79.68000030517578,4.8,21.6299991607666,46.02799987792969
2010-03-03,1142.699951171875,80.87000274658203,4.8,20.75,45.54999923706055
2010-03-04,1132.5999755859375,80.20999908447266,4.8,20.979999542236328,45.66999816894531
2010-03-05,1134.800048828125,81.5,4.8,20.739999771118164,45.45000076293945
2010-03-08,1123.5999755859375,81.87000274658203,4.8,20.729999542236328,45.400001525878906
2010-03-09,1122.0,81.48999786376953,4.8,20.799999237060547,45.54999923706055
2010-03-10,1107.800048828125,82.08999633789062,4.8,20.09000015258789,45.310001373291016
2010-03-11,1108.0,82.11000061035156,4.8,20.13999938964844,45.45000076293945
2010-03-12,1101.5,81.23999786376953,4.8,19.729999542236328,45.49800109863281
2010-03-15,1105.0999755859375,79.80000305175781,4.8,20.260000228881836,45.55799865722656
2010-03-16,1122.199951171875,81.69999694824219,4.8,19.59000015258789,45.38999938964844
2010-03-17,1124.0,82.93000030517578,4.8,17.729999542236328,45.279998779296875
2010-03-18,1127.4000244140625,82.19999694824219,4.8,17.969999313354492,45.38999938964844
2010-03-19,1107.4000244140625,80.68000030517578,4.8,17.75,45.25
2010-03-22,1099.300048828125,81.25,4.8,19.959999084472656,45.470001220703125
2010-03-23,1103.5,81.91000366210938,4.8,18.1299991607666,45.400001525878906
2010-03-25,1092.699951171875,80.52999877929688,4.8,17.049999237060547,45.487998962402344
2010-03-26,1104.199951171875,80.0,4.8,17.889999389648438,45.11000061035156
2010-03-29,1110.300048828125,82.16999816894531,4.8,18.729999542236328,44.79999923706055
2010-03-30,1104.5,82.37000274658203,4.8,19.799999237060547,44.939998626708984
2010-03-31,1113.300048828125,83.76000213623047,4.8,19.8700008392334,44.79999923706055
2010-04-01,1125.0999755859375,84.87000274658203,5.0,17.6200008392334,44.599998474121094
2010-04-05,1132.9000244140625,86.62000274658203,5.0,17.170000076293945,44.36000061035156
2010-04-06,1135.0999755859375,86.83999633789062,5.0,17.200000762939453,44.34000015258789
2010-04-07,1152.300048828125,85.87999725341797,5.0,17.31999969482422,44.400001525878906
2010-04-08,1152.199951171875,85.38999938964844,5.0,19.920000076293945,44.34000015258789
2010-04-09,1161.0999755859375,84.91999816894531,5.0,18.440000534057617,44.119998931884766
2010-04-12,1161.5999755859375,84.33999633789062,5.0,20.049999237060547,44.34000015258789
2010-04-13,1152.800048828125,84.05000305175781,5.0,20.13999938964844,44.577999114990234
2010-04-15,1159.699951171875,85.51000213623047,5.0,21.579999923706055,44.290000915527344
2010-04-16,1136.300048828125,83.23999786376953,5.0,21.780000686645508,44.31800079345703
2010-04-19,1135.199951171875,81.44999694824219,5.0,22.65999984741211,44.72800064086914
2010-04-20,1138.5999755859375,83.44999694824219,5.0,20.8700008392334,44.38999938964844
2010-04-21,1148.199951171875,83.68000030517578,5.0,19.229999542236328,44.400001525878906
2010-04-22,1142.300048828125,83.69999694824219,5.0,20.530000686645508,44.439998626708984
2010-04-23,1153.0999755859375,85.12000274658203,5.0,20.209999084472656,44.290000915527344
2010-04-26,1153.5,84.19999694824219,5.0,19.790000915527344,44.25
2010-04-27,1161.699951171875,82.44000244140625,5.0,19.81999969482422,44.45000076293945
2010-04-28,1171.300048828125,83.22000122070312,5.0,22.729999542236328,44.5
2010-04-29,1168.4000244140625,85.16999816894531,5.0,21.190000534057617,44.45000076293945
2010-04-30,1180.0999755859375,86.1500015258789,5.0,20.350000381469727,44.25
2010-05-03,1182.699951171875,86.19000244140625,5.3,22.13999938964844,44.400001525878906
2010-05-04,1168.5999755859375,82.73999786376953,5.3,23.299999237060547,44.54999923706055
2010-05-05,1174.5999755859375,79.97000122070312,5.3,23.690000534057617,44.849998474121094
2010-05-06,1196.9000244140625,77.11000061035156,5.3,24.36000061035156,45.459999084472656
2010-05-07,1210.0,75.11000061035156,5.3,27.399999618530273,45.417999267578125
2010-05-10,1200.4000244140625,76.80000305175781,5.3,24.13999938964844,44.76300048828125
2010-05-11,1219.9000244140625,76.37000274658203,5.3,25.809999465942383,44.9900016784668
2010-05-12,1242.699951171875,75.6500015258789,5.3,25.81999969482422,44.95000076293945
2010-05-13,1228.800048828125,74.4000015258789,5.3,24.86000061035156,44.939998626708984
2010-05-14,1227.4000244140625,71.61000061035156,5.3,26.530000686645508,45.25
2010-05-17,1227.699951171875,70.08000183105469,5.3,27.170000076293945,45.52799987792969
2010-05-18,1214.300048828125,69.41000366210938,5.3,26.540000915527344,45.560001373291016
2010-05-19,1192.5999755859375,69.87000274658203,5.3,32.040000915527344,46.27299880981445
2010-05-20,1187.800048828125,68.01000213623047,5.3,31.040000915527344,46.7400016784668
2010-05-21,1175.699951171875,70.04000091552734,5.3,32.2599983215332,46.917999267578125
2010-05-24,1193.800048828125,70.20999908447266,5.3,31.299999237060547,46.810001373291016
2010-05-25,1197.800048828125,68.75,5.3,34.52000045776367,47.47999954223633
2010-05-26,1213.300048828125,71.51000213623047,5.3,32.150001525878906,47.099998474121094
2010-05-27,1211.9000244140625,74.55000305175781,5.3,29.010000228881836,46.720001220703125
2010-05-28,1212.199951171875,73.97000122070312,5.3,26.43000030517578,46.29999923706055
2010-05-31,1212.199951171875,73.97000122070312,5.3,26.43000030517578,46.358001708984375
2010-06-01,1224.800048828125,72.58000183105469,5.3,29.079999923706055,47.08300018310547
2010-06-02,1220.5999755859375,72.86000061035156,5.3,27.760000228881836,46.79999923706055
2010-06-03,1208.300048828125,74.61000061035156,5.3,25.290000915527344,46.5
2010-06-04,1216.199951171875,71.51000213623047,5.3,24.719999313354492,46.86000061035156
2010-06-07,1239.300048828125,71.44000244140625,5.3,27.989999771118164,46.790000915527344
2010-06-08,1244.0,71.98999786376953,5.3,28.770000457763672,46.83000183105469
2010-06-09,1228.5,74.37999725341797,5.3,28.15999984741211,46.810001373291016
2010-06-10,1220.800048828125,75.4800033569336,5.3,26.5,46.75
2010-06-11,1228.9000244140625,73.77999877929688,5.3,25.100000381469727,46.75
2010-06-14,1223.300048828125,75.12000274658203,5.3,22.950000762939453,46.400001525878906
2010-06-15,1233.199951171875,76.94000244140625,5.3,21.979999542236328,46.400001525878906
2010-06-16,1229.300048828125,77.66999816894531,5.3,22.670000076293945,46.40999984741211
2010-06-17,1247.5,76.79000091552734,5.3,20.850000381469727,46.09000015258789
2010-06-18,1257.199951171875,77.18000030517578,5.3,19.959999084472656,46.0099983215332
2010-06-21,1239.699951171875,77.81999969482422,5.3,19.40999984741211,45.65999984741211
2010-06-22,1239.9000244140625,77.20999908447266,5.3,20.63999938964844,46.02000045776367
2010-06-23,1234.0999755859375,76.3499984741211,5.3,20.34000015258789,46.150001525878906
2010-06-24,1245.5,76.51000213623047,5.3,20.06999969482422,46.2599983215332
2010-06-25,1255.800048828125,78.86000061035156,5.3,20.0,46.150001525878906
2010-06-28,1238.199951171875,78.25,5.3,19.549999237060547,46.099998474121094
2010-06-29,1242.0,75.94000244140625,5.3,20.63999938964844,46.40999984741211
2010-06-30,1245.5,75.62999725341797,5.3,20.06999969482422,46.400001525878906
2010-07-01,1206.300048828125,72.94999694824219,5.3,21.440000534057617,46.40999984741211
2010-07-02,1207.4000244140625,72.13999938964844,5.3,21.899999618530273,46.560001373291016
2010-07-05,1207.4000244140625,72.13999938964844,5.3,21.989999771118164,46.72800064086914
2010-07-06,1194.800048828125,71.9800033569336,5.3,20.899999618530273,46.599998474121094
2010-07-07,1198.5999755859375,74.06999969482422,5.3,22.11000061035156,46.95000076293945
2010-07-08,1195.800048828125,75.44000244140625,5.3,21.1200008392334,46.650001525878906
2010-07-09,1209.5999755859375,76.08999633789062,5.3,20.209999084472656,46.52000045776367
2010-07-12,1198.5,74.94999694824219,5.3,19.90999984741211,46.65999984741211
2010-07-13,1213.300048828125,77.1500015258789,5.3,19.11000061035156,46.40999984741211
2010-07-14,1206.800048828125,77.04000091552734,5.3,20.06999969482422,46.599998474121094
2010-07-15,1208.0999755859375,76.62000274658203,5.3,20.18000030517578,46.45000076293945
2010-07-16,1188.0,76.01000213623047,5.3,19.700000762939453,46.70000076293945
2010-07-19,1181.699951171875,76.54000091552734,5.3,20.709999084472656,46.09000015258789
2010-07-20,1191.5,77.44000244140625,5.3,20.3799991607666,47.25
2010-07-21,1191.5999755859375,76.55999755859375,5.3,20.0,47.06999969482422
2010-07-22,1195.5,79.30000305175781,5.3,18.899999618530273,47.040000915527344
2010-07-23,1187.699951171875,78.9800033569336,5.3,19.239999771118164,46.88999938964844
2010-07-26,1183.0,78.9800033569336,5.3,19.969999313354492,47.042999267578125
2010-07-27,1158.0,77.5,5.3,19.219999313354492,46.64799880981445
2010-07-28,1160.4000244140625,76.98999786376953,5.3,19.520000457763672,46.689998626708984
2010-07-29,1168.4000244140625,78.36000061035156,5.3,18.329999923706055,46.459999084472656
2010-07-30,1181.699951171875,78.94999694824219,5.3,18.940000534057617,46.36000061035156
2010-08-02,1183.4000244140625,81.33999633789062,5.8,17.989999771118164,46.0880012512207
2010-08-03,1185.199951171875,82.55000305175781,5.8,17.549999237060547,46.12799835205078
2010-08-04,1193.699951171875,82.47000122070312,5.8,17.040000915527344,46.12799835205078
2010-08-05,1197.199951171875,82.01000213623047,5.8,17.709999084472656,46.0
2010-08-06,1203.4000244140625,80.69999694824219,5.8,17.3700008392334,46.055999755859375
2010-08-09,1200.699951171875,81.4800033569336,5.8,17.0,45.95800018310547
2010-08-10,1196.199951171875,80.25,5.8,17.329999923706055,46.077999114990234
2010-08-11,1197.5,78.0199966430664,5.8,18.11000061035156,46.310001373291016
2010-08-12,1214.800048828125,75.73999786376953,5.8,18.0,46.59000015258789
2010-08-13,1214.9000244140625,75.38999938964844,5.8,16.739999771118164,46.709999084472656
2010-08-16,1224.5,75.23999786376953,5.8,18.11000061035156,46.62799835205078
2010-08-17,1226.5999755859375,75.7699966430664,5.8,17.6299991607666,46.68299865722656
2010-08-18,1229.699951171875,75.41999816894531,5.8,16.399999618530273,46.608001708984375
2010-08-19,1233.800048828125,74.43000030517578,5.8,16.530000686645508,46.53799819946289
2010-08-20,1227.199951171875,73.45999908447266,5.8,16.700000762939453,46.358001708984375
2010-08-23,1226.9000244140625,73.0999984741211,5.8,17.139999389648438,46.608001708984375
2010-08-24,1231.800048828125,71.62999725341797,5.8,16.989999771118164,46.5629997253418
2010-08-25,1239.5,72.5199966430664,5.8,18.920000076293945,46.858001708984375
2010-08-26,1235.4000244140625,73.36000061035156,5.8,17.09000015258789,46.87300109863281
2010-08-27,1236.0,75.16999816894531,5.8,19.6299991607666,46.78799819946289
2010-08-30,1237.0999755859375,74.69999694824219,5.8,18.36000061035156,46.803001403808594
2010-08-31,1248.300048828125,71.91999816894531,5.8,18.469999313354492,46.87300109863281
2010-09-01,1246.300048828125,73.91000366210938,5.8,16.700000762939453,47.02799987792969
2010-09-02,1251.5,75.0199966430664,5.8,16.149999618530273,46.650001525878906
2010-09-03,1249.199951171875,74.5999984741211,5.8,15.859999656677246,46.599998474121094
2010-09-06,1249.199951171875,74.5999984741211,5.8,15.220000267028809,46.577999114990234
2010-09-07,1257.300048828125,74.08999633789062,5.8,15.829999923706056,46.51300048828125
2010-09-08,1255.5999755859375,74.66999816894531,5.8,15.970000267028809,46.65999984741211
2010-09-09,1248.9000244140625,74.25,5.8,15.920000076293944,46.51800155639648
2010-09-13,1245.0999755859375,77.19000244140625,5.8,18.13999938964844,46.28300094604492
2010-09-14,1269.699951171875,76.80000305175781,5.8,18.600000381469727,46.22999954223633
2010-09-15,1266.699951171875,76.0199966430664,5.8,19.43000030517578,46.13999938964844
2010-09-16,1271.9000244140625,74.56999969482422,5.8,18.850000381469727,46.20000076293945
2010-09-17,1275.5999755859375,73.66000366210938,5.8,19.489999771118164,46.099998474121094
2010-09-20,1279.0,74.86000061035156,5.8,21.950000762939453,45.87799835205078
2010-09-21,1272.4000244140625,73.5199966430664,5.8,22.6299991607666,45.619998931884766
2010-09-22,1290.199951171875,74.70999908447266,5.8,24.290000915527344,45.58000183105469
2010-09-23,1294.300048828125,75.18000030517578,5.8,23.899999618530273,45.55799865722656
2010-09-24,1296.0,76.48999786376953,5.8,21.709999084472656,45.45000076293945
2010-09-27,1296.699951171875,76.5199966430664,5.8,22.36000061035156,45.2400016784668
2010-09-28,1306.5999755859375,76.18000030517578,5.8,21.209999084472656,44.93000030517578
2010-09-29,1308.5,77.86000061035156,5.8,22.15999984741211,45.04999923706055
2010-09-30,1307.800048828125,79.97000122070312,5.8,22.25,44.689998626708984
2010-10-01,1316.0999755859375,81.58000183105469,6.0,21.43000030517578,44.5629997253418
2010-10-04,1315.4000244140625,81.47000122070312,6.0,22.799999237060547,44.41299819946289
2010-10-05,1338.9000244140625,82.81999969482422,6.0,22.170000076293945,44.45000076293945
2010-10-06,1346.4000244140625,83.2300033569336,6.0,21.729999542236328,44.400001525878906
2010-10-07,1333.9000244140625,81.66999816894531,6.0,22.450000762939453,44.189998626708984
2010-10-08,1344.199951171875,82.66000366210938,6.0,21.399999618530273,44.20000076293945
2010-10-11,1353.300048828125,82.20999908447266,6.0,21.200000762939453,44.40800094604492
2010-10-12,1345.699951171875,81.66999816894531,6.0,20.510000228881836,44.36000061035156
2010-10-13,1369.5,83.01000213623047,6.0,20.020000457763672,44.5
2010-10-14,1376.699951171875,82.69000244140625,6.0,20.600000381469727,44.34000015258789
2010-10-15,1371.0999755859375,81.25,6.0,22.649999618530273,44.06800079345703
2010-10-18,1371.199951171875,83.08000183105469,6.0,22.350000381469727,44.15800094604492
2010-10-19,1335.0999755859375,79.48999786376953,6.0,23.229999542236328,44.16999816894531
2010-10-20,1343.300048828125,81.7699966430664,6.0,23.799999237060547,44.33000183105469
2010-10-21,1324.699951171875,80.55999755859375,6.0,22.190000534057617,44.20000076293945
2010-10-22,1324.4000244140625,81.69000244140625,6.0,21.61000061035156,44.20000076293945
2010-10-25,1338.300048828125,82.5199966430664,6.0,21.36000061035156,44.52799987792969
2010-10-26,1338.0,82.55000305175781,6.0,20.549999237060547,44.25
2010-10-27,1322.199951171875,81.94000244140625,6.0,21.020000457763672,44.400001525878906
2010-10-28,1342.0999755859375,82.18000030517578,6.0,20.520000457763672,44.41999816894531
2010-10-29,1357.0999755859375,81.43000030517578,6.0,20.760000228881836,44.41999816894531
2010-11-01,1350.199951171875,82.94999694824219,6.0,20.920000076293945,44.448001861572266
2010-11-02,1356.4000244140625,83.9000015258789,6.0,21.25,44.34000015258789
2010-11-03,1337.0999755859375,84.69000244140625,6.0,21.530000686645508,44.20000076293945
2010-11-04,1382.699951171875,86.48999786376953,6.0,19.36000061035156,44.25
2010-11-08,1402.800048828125,87.05999755859375,6.0,19.61000061035156,43.900001525878906
2010-11-09,1409.800048828125,86.72000122070312,6.0,18.75,44.29999923706055
2010-11-10,1399.0999755859375,87.80999755859375,6.0,19.079999923706055,44.189998626708984
2010-11-11,1403.0999755859375,87.80999755859375,6.0,19.36000061035156,44.2599983215332
2010-11-12,1365.4000244140625,84.87999725341797,6.0,21.6299991607666,44.2400016784668
2010-11-15,1368.4000244140625,84.86000061035156,6.0,20.25,44.77799987792969
2010-11-16,1338.300048828125,82.33999633789062,6.0,21.1299991607666,45.11000061035156
2010-11-18,1352.9000244140625,81.8499984741211,6.0,20.6200008392334,45.108001708984375
2010-11-19,1352.199951171875,81.51000213623047,6.0,21.600000381469727,45.150001525878906
2010-11-22,1357.699951171875,81.73999786376953,6.0,19.93000030517578,45.26300048828125
2010-11-23,1377.5,81.25,6.0,23.260000228881836,45.29999923706055
2010-11-24,1372.9000244140625,83.86000061035156,6.0,24.68000030517578,45.540000915527344
2010-11-25,1372.9000244140625,83.86000061035156,6.0,21.6299991607666,45.5099983215332
2010-11-26,1362.300048828125,83.76000213623047,6.0,22.579999923706055,45.55799865722656
2010-11-29,1366.0,85.7300033569336,6.0,21.309999465942383,45.709999084472656
2010-11-30,1385.0,84.11000061035156,6.0,20.709999084472656,45.79999923706055
2010-12-01,1387.300048828125,86.75,6.3,19.200000762939453,45.77000045776367
2010-12-02,1388.5,88.0,6.3,18.799999237060547,45.22999954223633
2010-12-03,1405.4000244140625,89.19000244140625,6.3,18.600000381469727,45.130001068115234
2010-12-06,1415.300048828125,89.37999725341797,6.3,19.3700008392334,44.91299819946289
2010-12-07,1408.300048828125,88.69000244140625,6.3,19.239999771118164,44.810001373291016
2010-12-08,1382.5,88.27999877929688,6.3,20.43000030517578,44.5
2010-12-09,1392.0999755859375,88.37000274658203,6.3,22.600000381469727,45.0
2010-12-10,1384.300048828125,87.79000091552734,6.3,21.6299991607666,45.04999923706055
2010-12-13,1397.300048828125,88.61000061035156,6.3,22.56999969482422,44.95000076293945
2010-12-14,1403.5999755859375,88.27999877929688,6.3,21.459999084472656,44.90999984741211
2010-12-15,1385.5,88.62000274658203,6.3,21.420000076293945,44.90999984741211
2010-12-16,1370.4000244140625,87.69999694824219,6.3,20.239999771118164,45.25
2010-12-20,1385.5,88.80999755859375,6.3,20.780000686645508,45.167999267578125
2010-12-21,1388.199951171875,89.81999969482422,6.3,19.770000457763672,45.2599983215332
2010-12-22,1386.800048828125,90.4800033569336,6.3,19.559999465942383,45.18000030517578
2010-12-23,1380.0,91.51000213623048,6.3,19.030000686645508,44.95000076293945
2010-12-24,1380.0,91.51000213623048,6.3,17.649999618530273,45.060001373291016
2010-12-27,1382.4000244140625,91.0,6.3,18.450000762939453,45.0099983215332
2010-12-28,1405.199951171875,91.48999786376952,6.3,18.1299991607666,45.099998474121094
2010-12-29,1413.0999755859375,91.12000274658205,6.3,17.1299991607666,44.95000076293945
2010-12-30,1405.5999755859375,89.83999633789062,6.3,17.020000457763672,44.91999816894531
2010-12-31,1421.0999755859375,91.37999725341795,6.3,16.559999465942383,44.810001373291016
2011-01-03,1422.5999755859375,91.5500030517578,6.3,16.989999771118164,44.81800079345703
2011-01-04,1378.5,89.37999725341797,6.3,17.030000686645508,44.61000061035156
2011-01-05,1373.4000244140625,90.3000030517578,6.3,17.8799991607666,44.900001525878906
2011-01-06,1371.4000244140625,88.37999725341797,6.3,18.200000762939453,45.209999084472656
2011-01-07,1368.5,88.02999877929688,6.3,20.81999969482422,45.18000030517578
2011-01-10,1373.699951171875,89.25,6.3,23.15999984741211,45.358001708984375
2011-01-11,1384.0,91.11000061035156,6.3,22.329999923706055,45.310001373291016
2011-01-12,1385.699951171875,91.86000061035156,6.3,21.40999984741211,45.097999572753906
2011-01-13,1386.9000244140625,91.4000015258789,6.3,23.149999618530273,44.90999984741211
2011-01-14,1360.4000244140625,91.54000091552734,6.3,23.809999465942383,44.959999084472656
2011-01-17,1360.4000244140625,91.54000091552734,6.3,23.56999969482422,45.417999267578125
2011-01-18,1368.0999755859375,91.37999725341795,6.3,21.459999084472656,45.439998626708984
2011-01-19,1370.199951171875,90.86000061035156,6.3,21.09000015258789,45.31999969482422
2011-01-20,1346.5,88.86000061035156,6.3,21.010000228881836,45.29999923706055
2011-01-21,1341.0,89.11000061035156,6.3,21.030000686645508,45.77799987792969
2011-01-24,1344.5,87.87000274658203,6.3,20.170000076293945,45.5880012512207
2011-01-25,1332.300048828125,86.19000244140625,6.3,20.780000686645508,45.45000076293945
2011-01-27,1318.4000244140625,85.63999938964844,6.3,22.09000015258789,45.45000076293945
2011-01-28,1340.699951171875,89.33999633789062,6.3,22.579999923706055,45.6879997253418
2011-01-31,1333.800048828125,92.19000244140624,6.3,23.40999984741211,45.8380012512207
2011-02-01,1339.5999755859375,90.7699966430664,6.5,23.729999542236328,45.79999923706055
2011-02-02,1331.5,90.86000061035156,6.5,23.520000457763672,45.40999984741211
2011-02-03,1352.300048828125,90.54000091552734,6.5,22.690000534057617,45.45000076293945
2011-02-04,1348.300048828125,89.02999877929688,6.5,24.40999984741211,45.560001373291016
2011-02-07,1347.5999755859375,87.4800033569336,6.5,24.690000534057617,45.608001708984375
2011-02-08,1363.4000244140625,86.94000244140625,6.5,24.739999771118164,45.310001373291016
2011-02-09,1364.800048828125,86.70999908447266,6.5,25.239999771118164,45.150001525878906
2011-02-10,1361.9000244140625,86.7300033569336,6.5,24.81999969482422,45.349998474121094
2011-02-11,1359.9000244140625,85.58000183105469,6.5,23.469999313354492,45.630001068115234
2011-02-14,1364.5999755859375,84.80999755859375,6.5,22.579999923706055,45.608001708984375
2011-02-15,1373.5999755859375,84.31999969482422,6.5,22.850000381469727,45.349998474121094
2011-02-16,1374.699951171875,84.98999786376953,6.5,23.049999237060547,45.40999984741211
2011-02-17,1384.699951171875,86.36000061035156,6.5,22.56999969482422,45.310001373291016
2011-02-18,1388.199951171875,86.19999694824219,6.5,24.18000030517578,45.209999084472656
2011-02-21,1388.199951171875,86.19999694824219,6.5,24.90999984741211,45.108001708984375
2011-02-22,1400.5,93.56999969482422,6.5,26.850000381469727,44.917999267578125
2011-02-23,1413.4000244140625,98.0999984741211,6.5,26.549999237060547,45.150001525878906
2011-02-24,1415.300048828125,97.27999877929688,6.5,28.200000762939453,45.04999923706055
2011-02-25,1408.699951171875,97.87999725341795,6.5,27.270000457763672,45.400001525878906
2011-02-28,1409.300048828125,96.97000122070312,6.5,24.399999618530273,45.25
2011-03-01,1430.699951171875,99.62999725341795,6.5,22.219999313354492,45.099998474121094
2011-03-03,1416.0,101.91000366210938,6.5,22.959999084472656,44.810001373291016
2011-03-04,1428.199951171875,104.41999816894533,6.5,22.90999984741211,44.849998474121094
2011-03-07,1434.0999755859375,105.44000244140624,6.5,25.219999313354492,44.90299987792969
2011-03-08,1426.9000244140625,105.0199966430664,6.5,23.670000076293945,44.970001220703125
2011-03-09,1429.300048828125,104.37999725341795,6.5,23.280000686645508,44.900001525878906
2011-03-10,1412.199951171875,102.6999969482422,6.5,23.530000686645508,44.869998931884766
2011-03-11,1421.5,101.16000366210938,6.5,24.1299991607666,45.11000061035156
2011-03-14,1424.5999755859375,101.19000244140624,6.5,23.299999237060547,45.237998962402344
2011-03-15,1392.5999755859375,97.18000030517578,6.5,26.6299991607666,44.95000076293945
2011-03-16,1396.0,97.9800033569336,6.5,24.88999938964844,45.15999984741211
2011-03-17,1404.0,101.41999816894533,6.5,25.260000228881836,45.02000045776367
2011-03-18,1415.9000244140625,101.06999969482422,6.5,25.88999938964844,45.04999923706055
2011-03-21,1426.199951171875,102.33000183105467,6.5,25.209999084472656,44.99800109863281
2011-03-22,1427.5,104.0,6.5,22.260000228881836,44.90999984741211
2011-03-23,1437.9000244140625,105.75,6.5,20.969999313354492,44.849998474121094
2011-03-24,1434.800048828125,105.5999984741211,6.5,19.84000015258789,44.75
2011-03-25,1426.0999755859375,105.4000015258789,6.5,20.469999313354492,44.599998474121094
2011-03-28,1419.800048828125,103.9800033569336,6.5,21.020000457763672,44.69300079345703
2011-03-29,1416.0,104.79000091552734,6.5,21.219999313354492,44.70000076293945
2011-03-30,1423.800048828125,104.2699966430664,6.5,22.040000915527344,44.65999984741211
2011-03-31,1438.9000244140625,106.72000122070312,6.5,22.18000030517578,44.61000061035156
2011-04-01,1428.0999755859375,107.94000244140624,6.8,20.11000061035156,44.45000076293945
2011-04-04,1432.199951171875,108.47000122070312,6.8,20.059999465942383,44.448001861572266
2011-04-05,1451.800048828125,108.33999633789062,6.8,19.899999618530273,44.31800079345703
2011-04-06,1457.699951171875,108.83000183105467,6.8,20.36000061035156,44.29999923706055
2011-04-07,1458.5,110.3000030517578,6.8,20.31999969482422,44.04999923706055
2011-04-08,1473.4000244140625,112.79000091552734,6.8,20.540000915527344,44.099998474121094
2011-04-11,1467.4000244140625,109.91999816894533,6.8,21.239999771118164,44.0629997253418
2011-04-13,1454.9000244140625,107.11000061035156,6.8,20.40999984741211,44.1879997253418
2011-04-15,1485.300048828125,109.66000366210938,6.8,21.59000015258789,44.41999816894531
2011-04-18,1492.300048828125,107.12000274658205,6.8,22.450000762939453,44.27299880981445
2011-04-19,1494.5,108.1500015258789,6.8,22.06999969482422,44.36000061035156
2011-04-20,1498.300048828125,111.4499969482422,6.8,20.989999771118164,44.40999984741211
2011-04-21,1503.199951171875,112.29000091552734,6.8,20.510000228881836,44.2599983215332
2011-04-25,1508.5999755859375,112.27999877929688,6.8,20.90999984741211,44.26800155639648
2011-04-26,1503.0,112.20999908447266,6.8,21.709999084472656,44.40999984741211
2011-04-27,1516.699951171875,112.76000213623048,6.8,21.350000381469727,44.40999984741211
2011-04-28,1530.800048828125,112.86000061035156,6.8,20.920000076293945,44.33000183105469
2011-04-29,1556.0,113.93000030517578,6.8,19.579999923706055,44.29999923706055
2011-05-02,1556.699951171875,113.5199966430664,6.8,20.8799991607666,44.24800109863281
2011-05-03,1540.0999755859375,111.0500030517578,6.8,21.579999923706055,44.220001220703125
2011-05-04,1514.9000244140625,109.23999786376952,6.8,21.18000030517578,44.40999984741211
2011-05-05,1480.9000244140625,99.8000030517578,6.8,21.600000381469727,44.31999969482422
2011-05-06,1491.199951171875,97.18000030517578,6.8,20.969999313354492,44.70000076293945
2011-05-09,1502.9000244140625,102.5500030517578,6.8,21.5,44.722999572753906
2011-05-10,1516.5999755859375,103.87999725341795,6.8,21.739999771118164,44.61000061035156
2011-05-11,1501.0999755859375,98.20999908447266,6.8,21.239999771118164,44.61000061035156
2011-05-12,1506.5999755859375,98.97000122070312,6.8,21.229999542236328,44.58000183105469
2011-05-13,1493.4000244140625,99.6500015258789,6.8,20.6299991607666,44.709999084472656
2011-05-16,1490.4000244140625,97.37000274658205,6.8,21.459999084472656,44.858001708984375
2011-05-17,1479.800048828125,96.91000366210938,6.8,21.030000686645508,44.959999084472656
2011-05-18,1495.5999755859375,100.0999984741211,6.8,20.709999084472656,45.0099983215332
2011-05-19,1492.199951171875,98.44000244140624,6.8,20.40999984741211,44.959999084472656
2011-05-20,1508.800048828125,99.48999786376952,6.8,19.450000762939453,44.849998474121094
2011-05-23,1515.300048828125,97.6999969482422,6.8,21.040000915527344,44.99300003051758
2011-05-24,1523.199951171875,99.58999633789062,6.8,19.93000030517578,45.150001525878906
2011-05-25,1526.5999755859375,101.31999969482422,6.8,20.65999984741211,45.15999984741211
2011-05-26,1522.800048828125,100.2300033569336,6.8,19.18000030517578,45.22999954223633
2011-05-27,1536.300048828125,100.58999633789062,6.8,17.25,45.189998626708984
2011-05-30,1536.300048828125,100.58999633789062,6.8,17.8700008392334,45.17300033569336
2011-05-31,1535.9000244140625,102.6999969482422,6.8,16.81999969482422,45.08300018310547
2011-06-01,1542.4000244140625,100.29000091552734,6.8,16.729999542236328,44.959999084472656
2011-06-02,1532.0,100.4000015258789,6.8,17.979999542236328,44.7599983215332
2011-06-03,1541.699951171875,100.22000122070312,6.8,17.610000610351562,44.7599983215332
2011-06-06,1546.5,99.01000213623048,6.8,18.209999084472656,44.823001861572266
2011-06-07,1543.300048828125,99.08999633789062,6.8,18.030000686645508,44.66999816894531
2011-06-08,1538.0999755859375,100.73999786376952,6.8,18.579999923706055,44.61000061035156
2011-06-09,1542.0999755859375,101.93000030517578,6.8,18.579999923706055,44.65999984741211
2011-06-10,1528.5999755859375,99.29000091552734,6.8,18.540000915527344,44.599998474121094
2011-06-13,1515.0,97.3000030517578,6.8,18.90999984741211,44.722999572753906
2011-06-14,1523.800048828125,99.37000274658205,6.8,18.510000228881836,44.79999923706055
2011-06-15,1525.5999755859375,94.80999755859376,6.8,19.13999938964844,44.73899841308594
2011-06-16,1529.300048828125,94.9499969482422,6.8,19.65999984741211,44.709999084472656
2011-06-17,1538.5999755859375,93.01000213623048,6.8,20.270000457763672,44.79999923706055
2011-06-20,1541.5,93.26000213623048,6.8,22.18000030517578,44.76300048828125
2011-06-21,1546.0,93.4000015258789,6.8,21.309999465942383,44.869998931884766
2011-06-22,1552.9000244140625,95.41000366210938,6.8,20.88999938964844,44.7599983215332
2011-06-23,1520.0999755859375,91.0199966430664,6.8,19.5,44.75
2011-06-24,1500.5,91.16000366210938,6.8,19.31999969482422,44.849998474121094
2011-06-27,1496.0,90.61000061035156,6.8,19.989999771118164,44.987998962402344
2011-06-28,1499.699951171875,92.88999938964844,6.8,19.489999771118164,44.95000076293945
2011-06-29,1509.9000244140625,94.7699966430664,6.8,19.459999084472656,44.939998626708984
2011-06-30,1502.300048828125,95.41999816894533,6.8,18.40999984741211,44.7599983215332
2011-07-01,1482.300048828125,94.94000244140624,6.8,18.209999084472656,44.59299850463867
2011-07-04,1482.300048828125,94.94000244140624,6.8,18.170000076293945,44.62300109863281
2011-07-05,1512.300048828125,96.88999938964844,6.8,18.25,44.41999816894531
2011-07-06,1528.699951171875,96.6500015258789,6.8,18.34000015258789,44.34000015258789
2011-07-07,1530.199951171875,98.66999816894533,6.8,18.6200008392334,44.33000183105469
2011-07-08,1541.199951171875,96.1999969482422,6.8,18.670000076293945,44.33000183105469
2011-07-11,1548.800048828125,95.1500015258789,6.8,19.690000534057617,44.41299819946289
2011-07-12,1561.9000244140625,97.43000030517578,6.8,20.829999923706055,44.349998474121094
2011-07-13,1585.199951171875,98.0500030517578,6.8,19.520000457763672,44.560001373291016
2011-07-14,1589.0,95.69000244140624,6.8,19.969999313354492,44.45000076293945
2011-07-15,1589.800048828125,97.23999786376952,6.8,19.950000762939453,44.400001525878906
2011-07-18,1602.0999755859375,95.93000030517578,6.8,20.200000762939453,44.507999420166016
2011-07-19,1600.9000244140625,97.5,6.8,19.25,44.5
2011-07-20,1596.699951171875,98.13999938964844,6.8,19.11000061035156,44.369998931884766
2011-07-21,1586.800048828125,99.12999725341795,6.8,18.75,44.369998931884766
2011-07-22,1601.300048828125,99.87000274658205,6.8,17.90999984741211,44.29999923706055
2011-07-25,1612.0,99.1999969482422,6.8,19.200000762939453,44.34299850463867
2011-07-26,1616.5999755859375,99.58999633789062,6.8,19.299999237060547,44.310001373291016
2011-07-27,1615.0,97.4000015258789,6.8,18.25,44.04999923706055
2011-07-28,1613.4000244140625,97.44000244140624,6.8,18.510000228881836,44.029998779296875
2011-07-29,1628.300048828125,95.6999969482422,6.8,19.770000457763672,44.0099983215332
2011-08-01,1619.0,94.88999938964844,6.8,18.780000686645508,44.202999114990234
2011-08-02,1641.9000244140625,93.79000091552734,6.8,19.149999618530273,44.0629997253418
2011-08-03,1663.4000244140625,91.93000030517578,6.8,19.479999542236328,44.26300048828125
2011-08-04,1656.199951171875,86.62999725341797,6.8,20.219999313354492,44.3129997253418
2011-08-05,1648.800048828125,86.87999725341797,6.8,24.899999618530273,44.5629997253418
2011-08-08,1710.199951171875,81.30999755859375,6.8,28.780000686645508,44.733001708984375
2011-08-09,1740.0,79.30000305175781,6.8,34.880001068115234,45.00299835205078
2011-08-10,1781.300048828125,82.88999938964844,6.8,28.950000762939453,45.202999114990234
2011-08-11,1748.800048828125,85.72000122070312,6.8,29.09000015258789,45.24800109863281
2011-08-12,1740.199951171875,85.37999725341797,6.8,27.020000457763672,45.292999267578125
2011-08-16,1782.4000244140625,86.6500015258789,6.8,26.459999084472656,45.233001708984375
2011-08-17,1791.199951171875,87.58000183105469,6.8,25.479999542236328,45.25299835205078
2011-08-18,1818.9000244140625,82.37999725341797,6.8,27.450000762939453,45.303001403808594
2011-08-19,1848.9000244140625,82.26000213623047,6.8,29.190000534057617,45.709999084472656
2011-08-22,1888.699951171875,84.12000274658203,6.8,27.079999923706055,45.66299819946289
2011-08-23,1858.300048828125,85.44000244140625,6.8,25.920000076293945,45.61000061035156
2011-08-24,1754.0999755859375,85.16000366210938,6.8,28.600000381469727,45.540000915527344
2011-08-25,1759.800048828125,85.30000305175781,6.8,27.940000534057617,45.939998626708984
2011-08-26,1794.0999755859375,85.37000274658203,6.8,33.2599983215332,46.0099983215332
2011-08-29,1788.4000244140625,87.2699966430664,6.8,26.06999969482422,46.15299987792969
2011-08-30,1826.699951171875,88.9000015258789,6.8,24.8799991607666,45.849998474121094
2011-09-02,1873.699951171875,86.44999694824219,6.8,26.09000015258789,45.70000076293945
2011-09-05,1873.699951171875,86.44999694824219,6.8,27.829999923706055,45.737998962402344
2011-09-06,1869.9000244140625,86.0199966430664,6.8,28.65999984741211,45.98400115966797
2011-09-07,1814.199951171875,89.33999633789062,6.8,27.86000061035156,46.040000915527344
2011-09-08,1854.4000244140625,89.05000305175781,6.8,27.63999938964844,46.040000915527344
2011-09-09,1856.4000244140625,87.23999786376953,6.8,28.149999618530273,46.130001068115234
2011-09-12,1809.9000244140625,88.19000244140625,6.8,32.75,46.64300155639648
2011-09-13,1826.800048828125,90.20999908447266,6.8,32.77000045776367,47.15999984741211
2011-09-14,1823.5,88.91000366210938,6.8,32.45000076293945,47.459999084472656
2011-09-15,1778.5,89.4000015258789,6.8,30.790000915527344,47.560001373291016
2011-09-16,1812.0999755859375,87.95999908447266,6.8,28.450000762939453,47.5
2011-09-19,1776.4000244140625,85.69999694824219,6.8,29.600000381469727,47.16999816894531
2011-09-20,1806.5999755859375,86.88999938964844,6.8,27.25,47.722999572753906
2011-09-21,1805.5,85.91999816894531,6.8,27.670000076293945,47.90999984741211
2011-09-22,1739.199951171875,80.51000213623047,6.8,33.880001068115234,48.209999084472656
2011-09-23,1637.5,79.8499984741211,6.8,35.15999984741211,49.472999572753906
2011-09-26,1592.5,80.23999786376953,6.8,35.43000030517578,49.34299850463867
2011-09-27,1650.5999755859375,84.44999694824219,6.8,32.0099983215332,49.400001525878906
2011-09-28,1616.300048828125,81.20999908447266,6.8,32.0,48.810001373291016
2011-09-29,1615.5,82.13999938964844,6.8,31.06999969482422,48.75
2011-09-30,1620.4000244140625,79.19999694824219,6.8,31.940000534057617,48.86000061035156
2011-10-03,1656.0,77.61000061035156,6.8,35.06999969482422,49.04999923706055
2011-10-04,1614.699951171875,75.66999816894531,6.8,37.189998626708984,49.099998474121094
2011-10-05,1640.300048828125,79.68000030517578,6.8,35.369998931884766,49.303001403808594
2011-10-07,1634.5,82.9800033569336,6.8,33.02000045776367,49.040000915527344
2011-10-10,1669.5999755859375,85.41000366210938,6.8,30.030000686645508,48.89300155639648
2011-10-11,1659.699951171875,85.80999755859375,6.8,30.299999237060547,48.8129997253418
2011-10-12,1681.300048828125,85.56999969482422,6.8,28.40999984741211,49.237998962402344
2011-10-13,1667.300048828125,84.2300033569336,6.8,28.239999771118164,48.90999984741211
2011-10-14,1681.800048828125,86.80000305175781,6.8,25.979999542236328,49.20000076293945
2011-10-17,1675.5,86.37999725341797,6.8,25.43000030517578,48.89300155639648
2011-10-18,1651.699951171875,88.33999633789062,6.8,25.899999618530273,48.900001525878906
2011-10-19,1646.0,86.11000061035156,6.8,24.049999237060547,49.2400016784668
2011-10-20,1611.9000244140625,85.30000305175781,6.8,25.600000381469727,49.0099983215332
2011-10-21,1635.0999755859375,87.4000015258789,6.8,26.299999237060547,49.86000061035156
2011-10-24,1651.5,91.2699966430664,6.8,25.219999313354492,49.823001861572266
2011-10-25,1699.5999755859375,93.16999816894533,6.8,22.309999465942383,49.54999923706055
2011-10-28,1746.199951171875,93.31999969482422,6.8,20.88999938964844,49.790000915527344
2011-10-31,1724.199951171875,93.19000244140624,6.8,22.65999984741211,48.62799835205078
2011-11-01,1711.0,92.19000244140624,6.8,24.020000457763672,48.67300033569336
2011-11-02,1728.699951171875,92.51000213623048,6.8,24.88999938964844,49.257999420166016
2011-11-03,1764.199951171875,94.06999969482422,6.8,24.65999984741211,49.12300109863281
2011-11-04,1755.300048828125,94.26000213623048,6.8,23.43000030517578,49.04800033569336
2011-11-08,1798.4000244140625,96.8000030517578,6.8,23.709999084472656,48.90999984741211
2011-11-09,1790.9000244140625,95.73999786376952,6.8,24.299999237060547,49.310001373291016
2011-11-11,1787.5,98.98999786376952,6.8,24.739999771118164,49.959999084472656
2011-11-14,1777.800048828125,98.13999938964844,6.8,25.290000915527344,50.03300094604492
2011-11-15,1781.699951171875,99.37000274658205,6.8,25.969999313354492,50.36800003051758
2011-11-16,1773.800048828125,102.58999633789062,6.8,25.040000915527344,50.62300109863281
2011-11-17,1719.800048828125,98.81999969482422,6.8,26.920000076293945,50.702999114990234
2011-11-18,1724.699951171875,97.41000366210938,6.8,26.579999923706055,50.948001861572266
2011-11-21,1678.300048828125,96.91999816894533,6.8,28.61000061035156,51.22800064086914
2011-11-22,1702.199951171875,98.01000213623048,6.8,27.350000381469727,52.05799865722656
2011-11-23,1695.699951171875,96.16999816894533,6.8,30.68000030517578,52.483001708984375
2011-11-24,1695.699951171875,96.16999816894533,6.8,27.950000762939453,52.257999420166016
2011-11-25,1685.5,96.7699966430664,6.8,29.1200008392334,52.0629997253418
2011-11-28,1710.800048828125,98.20999908447266,6.8,26.63999938964844,52.22800064086914
2011-11-29,1713.4000244140625,99.79000091552734,6.8,26.8700008392334,51.94300079345703
2011-11-30,1745.5,100.36000061035156,6.8,26.549999237060547,51.90299987792969
2011-12-01,1735.300048828125,100.1999969482422,6.8,25.020000457763672,51.72999954223633
2011-12-02,1747.0,100.95999908447266,6.8,23.989999771118164,51.29999923706055
2011-12-05,1730.699951171875,100.98999786376952,6.8,25.020000457763672,51.10300064086914
2011-12-07,1740.9000244140625,100.48999786376952,6.8,26.459999084472656,51.20000076293945
2011-12-08,1709.800048828125,98.33999633789062,6.8,28.579999923706055,51.599998474121094
2011-12-09,1712.800048828125,99.41000366210938,6.8,29.530000686645508,51.70000076293945
2011-12-12,1664.199951171875,97.7699966430664,6.8,29.270000457763672,51.86800003051758
2011-12-13,1659.9000244140625,100.13999938964844,6.8,28.11000061035156,52.650001525878906
2011-12-14,1584.300048828125,94.9499969482422,6.8,28.790000915527344,53.099998474121094
2011-12-15,1574.5999755859375,93.87000274658205,6.8,28.809999465942383,53.709999084472656
2011-12-16,1595.5999755859375,93.52999877929688,6.8,29.690000534057617,53.209999084472656
2011-12-19,1594.4000244140625,93.87999725341795,6.8,30.579999923706055,52.49300003051758
2011-12-20,1615.5999755859375,97.22000122070312,6.8,30.530000686645508,52.70000076293945
2011-12-21,1611.9000244140625,98.66999816894533,6.8,27.530000686645508,52.709999084472656
2011-12-22,1608.9000244140625,99.52999877929688,6.8,26.84000015258789,52.39300155639648
2011-12-23,1604.699951171875,99.68000030517578,6.8,27.38999938964844,52.5099983215332
2011-12-26,1604.699951171875,99.68000030517578,6.8,26.600000381469727,52.78300094604492
2011-12-27,1594.199951171875,101.33999633789062,6.8,26.290000915527344,52.70000076293945
2011-12-28,1562.9000244140625,99.36000061035156,6.8,26.739999771118164,52.849998474121094
2011-12-29,1539.9000244140625,99.6500015258789,6.8,26.6200008392334,52.86000061035156
2011-12-30,1565.800048828125,98.83000183105467,6.8,27.11000061035156,53.0
2012-01-02,1565.800048828125,98.83000183105467,6.8,27.530000686645508,53.007999420166016
2012-01-03,1599.699951171875,102.95999908447266,6.8,26.15999984741211,53.29800033569336
2012-01-04,1611.9000244140625,103.22000122070312,6.8,26.40999984741211,53.04999923706055
2012-01-05,1619.4000244140625,101.80999755859376,6.8,25.90999984741211,52.849998474121094
2012-01-06,1616.0999755859375,101.55999755859376,6.8,25.459999084472656,52.7599983215332
2012-01-09,1607.5,101.30999755859376,6.8,25.68000030517578,52.67300033569336
2012-01-10,1631.0,102.23999786376952,6.8,24.0,52.380001068115234
2012-01-11,1639.199951171875,100.87000274658205,6.8,24.540000915527344,51.599998474121094
2012-01-12,1647.300048828125,99.0999984741211,6.8,24.030000686645508,51.75
2012-01-13,1630.4000244140625,98.6999969482422,6.8,23.479999542236328,51.45000076293945
2012-01-16,1630.4000244140625,98.6999969482422,6.8,24.06999969482422,51.43299865722656
2012-01-17,1655.199951171875,100.70999908447266,6.8,22.61000061035156,51.380001068115234
2012-01-18,1659.5,100.58999633789062,6.8,22.68000030517578,50.650001525878906
2012-01-19,1654.0999755859375,100.38999938964844,6.8,21.68000030517578,50.36000061035156
2012-01-20,1663.699951171875,98.45999908447266,6.8,21.959999084472656,50.303001403808594
2012-01-23,1678.0,99.58000183105467,6.8,22.13999938964844,50.222999572753906
2012-01-24,1664.199951171875,98.9499969482422,6.8,21.420000076293945,49.84000015258789
2012-01-25,1699.800048828125,99.4000015258789,6.8,21.020000457763672,50.0
2012-01-27,1731.800048828125,99.55999755859376,6.8,21.700000762939453,52.49300003051758
2012-01-30,1731.0,98.77999877929688,6.8,23.459999084472656,49.38800048828125
2012-01-31,1737.800048828125,98.4800033569336,6.8,22.65999984741211,52.49300003051758
2012-02-01,1747.0999755859375,97.61000061035156,6.8,22.88999938964844,49.5
2012-02-02,1756.800048828125,96.36000061035156,6.8,23.690000534057617,49.0099983215332
2012-02-03,1737.9000244140625,97.83999633789062,6.8,24.09000015258789,49.0
2012-02-06,1722.800048828125,96.91000366210938,6.8,24.6200008392334,48.65299987792969
2012-02-07,1746.4000244140625,98.41000366210938,6.8,24.90999984741211,49.053001403808594
2012-02-08,1729.300048828125,98.70999908447266,6.8,24.270000457763672,49.042999267578125
2012-02-09,1739.0,99.83999633789062,6.8,23.299999237060547,49.14799880981445
2012-02-10,1723.300048828125,98.66999816894533,6.8,23.829999923706055,49.487998962402344
2012-02-13,1723.0,100.91000366210938,6.8,23.709999084472656,49.35300064086914
2012-02-14,1715.9000244140625,100.73999786376952,6.8,22.709999084472656,49.1879997253418
2012-02-15,1726.300048828125,101.8000030517578,6.8,22.100000381469727,49.358001708984375
2012-02-16,1726.800048828125,102.30999755859376,6.8,23.329999923706055,49.28300094604492
2012-02-17,1724.5,103.23999786376952,6.8,24.18000030517578,49.28300094604492
2012-02-21,1757.0999755859375,105.83999633789062,6.8,26.25,49.14799880981445
2012-02-22,1770.0,106.27999877929688,6.8,26.799999237060547,49.303001403808594
2012-02-23,1784.9000244140625,107.83000183105467,6.8,24.329999923706055,49.21799850463867
2012-02-24,1775.0999755859375,109.7699966430664,6.8,24.81999969482422,49.09299850463867
2012-02-27,1773.5999755859375,108.55999755859376,6.8,27.3799991607666,49.007999420166016
2012-02-28,1787.0,106.5500030517578,6.8,25.850000381469727,49.17300033569336
2012-02-29,1709.9000244140625,107.06999969482422,6.8,26.93000030517578,49.06800079345703
2012-03-01,1721.0999755859375,108.83999633789062,6.8,27.670000076293945,49.00299835205078
2012-03-02,1708.800048828125,106.6999969482422,6.8,27.84000015258789,49.198001861572266
2012-03-05,1703.0,106.72000122070312,6.8,28.920000076293945,49.51800155639648
2012-03-06,1671.4000244140625,104.6999969482422,6.8,27.34000015258789,49.83300018310547
2012-03-07,1683.300048828125,106.16000366210938,6.8,26.329999923706055,50.358001708984375
2012-03-09,1710.9000244140625,107.4000015258789,6.8,25.469999313354492,50.073001861572266
2012-03-12,1699.199951171875,106.33999633789062,6.8,26.270000457763672,49.75299835205078
2012-03-13,1693.699951171875,106.70999908447266,6.8,24.75,49.96799850463867
2012-03-14,1642.5,105.43000030517578,6.8,24.719999313354492,49.83000183105469
2012-03-15,1659.0999755859375,105.11000061035156,6.8,25.420000076293945,49.90800094604492
2012-03-16,1655.5,107.05999755859376,6.8,23.1299991607666,50.37799835205078
2012-03-19,1666.9000244140625,108.08999633789062,6.8,22.969999313354492,50.132999420166016
2012-03-20,1646.699951171875,105.61000061035156,6.8,21.940000534057617,50.22800064086914
2012-03-21,1650.0,107.2699966430664,6.8,21.0,50.38800048828125
2012-03-22,1642.300048828125,105.3499984741211,6.8,24.770000457763672,50.62799835205078
2012-03-23,1662.300048828125,106.87000274658205,6.8,23.34000015258789,51.119998931884766
2012-03-26,1685.5,107.02999877929688,6.8,26.739999771118164,51.167999267578125
2012-03-27,1684.800048828125,107.33000183105467,6.8,25.049999237060547,51.02299880981445
2012-03-28,1657.9000244140625,105.41000366210938,6.8,24.8700008392334,50.678001403808594
2012-03-29,1652.199951171875,102.77999877929688,6.8,24.329999923706055,50.77299880981445
2012-03-30,1669.300048828125,103.0199966430664,6.8,22.3799991607666,51.3380012512207
2012-04-02,1677.5,105.2300033569336,6.8,20.8799991607666,50.86800003051758
2012-04-03,1670.0,104.01000213623048,6.8,20.010000228881836,50.86800003051758
2012-04-04,1612.300048828125,101.47000122070312,6.8,20.6299991607666,50.25
2012-04-09,1642.5,102.45999908447266,6.8,22.329999923706055,51.03300094604492
2012-04-10,1659.5,101.0199966430664,6.8,21.920000076293945,51.04999923706055
2012-04-11,1659.0,102.6999969482422,6.8,22.290000915527344,51.472999572753906
2012-04-12,1679.5,103.63999938964844,6.8,21.780000686645508,51.45800018310547
2012-04-13,1659.0999755859375,102.83000183105467,6.8,22.75,51.22800064086914
2012-04-16,1648.699951171875,102.93000030517578,6.8,22.229999542236328,51.542999267578125
2012-04-17,1650.300048828125,104.1999969482422,6.8,20.309999465942383,51.667999267578125
2012-04-18,1638.800048828125,102.66999816894533,6.8,20.030000686645508,51.46799850463867
2012-04-19,1640.5999755859375,102.2699966430664,6.8,19.350000381469727,51.78799819946289
2012-04-20,1642.0999755859375,103.0500030517578,6.8,20.09000015258789,52.13800048828125
2012-04-23,1631.9000244140625,103.11000061035156,6.8,21.56999969482422,52.06800079345703
2012-04-24,1643.0,103.5500030517578,6.8,19.25,52.49800109863281
2012-04-25,1641.4000244140625,104.12000274658205,6.8,18.940000534057617,52.67300033569336
2012-04-26,1659.5999755859375,104.5500030517578,6.8,18.739999771118164,52.53799819946289
2012-04-27,1664.0,104.93000030517578,6.8,17.889999389648438,52.40299987792969
2012-04-30,1663.4000244140625,104.87000274658205,6.8,17.81999969482422,52.53799819946289
2012-05-02,1653.4000244140625,105.22000122070312,6.8,18.540000915527344,52.529998779296875
2012-05-03,1634.199951171875,102.54000091552734,6.8,19.25,52.95800018310547
2012-05-04,1644.699951171875,98.48999786376952,6.8,21.1200008392334,53.40800094604492
2012-05-07,1638.5999755859375,97.94000244140624,6.8,20.219999313354492,53.46799850463867
2012-05-08,1604.0,97.01000213623048,6.8,22.15999984741211,52.90299987792969
2012-05-09,1593.699951171875,96.80999755859376,6.8,23.040000915527344,53.11800003051758
2012-05-10,1595.0999755859375,97.08000183105467,6.8,22.719999313354492,53.81800079345703
2012-05-11,1583.5999755859375,96.12999725341795,6.8,22.479999542236328,53.25299835205078
2012-05-14,1560.5999755859375,94.77999877929688,6.8,23.260000228881836,53.62799835205078
2012-05-15,1556.800048828125,93.9800033569336,6.8,22.280000686645508,53.95800018310547
2012-05-16,1536.199951171875,92.80999755859376,6.8,23.709999084472656,53.78799819946289
2012-05-17,1574.5,92.55999755859376,6.8,23.59000015258789,54.487998962402344
2012-05-18,1591.5999755859375,91.4800033569336,6.8,23.549999237060547,54.46799850463867
2012-05-21,1588.4000244140625,92.56999969482422,6.8,23.920000076293945,54.417999267578125
2012-05-22,1576.300048828125,91.66000366210938,6.8,24.38999938964844,55.02799987792969
2012-05-23,1548.0999755859375,89.9000015258789,6.8,27.1299991607666,55.38800048828125
2012-05-24,1557.300048828125,90.66000366210938,6.8,25.489999771118164,55.99300003051758
2012-05-25,1568.800048828125,90.86000061035156,6.8,25.13999938964844,55.560001373291016
2012-05-28,1568.800048828125,90.86000061035156,6.8,23.68000030517578,55.36800003051758
2012-05-29,1548.5999755859375,90.76000213623048,6.8,24.030000686645508,55.36800003051758
2012-05-30,1563.4000244140625,87.81999969482422,6.8,25.299999237060547,55.667999267578125
2012-05-31,1562.5999755859375,86.52999877929688,6.8,25.25,56.22800064086914
2012-06-01,1620.5,83.2300033569336,6.8,26.770000457763672,56.077999114990234
2012-06-04,1612.199951171875,83.9800033569336,6.8,25.600000381469727,55.53799819946289
2012-06-05,1615.199951171875,84.29000091552734,6.8,26.260000228881836,55.64799880981445
2012-06-06,1632.800048828125,85.0199966430664,6.8,24.899999618530273,55.63800048828125
2012-06-07,1586.5999755859375,84.81999969482422,6.8,23.63999938964844,55.358001708984375
2012-06-08,1590.0999755859375,84.0999984741211,6.8,23.469999313354492,54.9379997253418
2012-06-11,1595.5,82.69999694824219,6.8,25.020000457763672,55.417999267578125
2012-06-12,1612.699951171875,83.31999969482422,6.8,24.200000762939453,55.65800094604492
2012-06-13,1618.0999755859375,82.62000274658203,6.8,24.36000061035156,55.79800033569336
2012-06-14,1618.4000244140625,83.91000366210938,6.8,25.709999084472656,55.678001403808594
2012-06-15,1627.0,84.02999877929688,6.8,25.540000915527344,55.79800033569336
2012-06-18,1625.699951171875,83.2699966430664,6.8,22.600000381469727,55.38800048828125
2012-06-19,1622.199951171875,84.02999877929688,6.8,21.43000030517578,55.90299987792969
2012-06-20,1614.800048828125,81.80000305175781,6.8,21.030000686645508,55.948001861572266
2012-06-21,1564.5,78.19999694824219,6.8,19.940000534057617,56.14799880981445
2012-06-22,1566.0,79.76000213623047,6.8,20.579999923706055,56.29800033569336
2012-06-25,1587.5,79.20999908447266,6.8,21.56999969482422,57.11800003051758
2012-06-26,1574.0,79.36000061035156,6.8,20.229999542236328,57.007999420166016
2012-06-27,1577.5,80.20999908447266,6.8,20.3700008392334,57.007999420166016
2012-06-28,1549.699951171875,77.69000244140625,6.8,20.6200008392334,56.849998474121094
2012-06-29,1603.5,84.95999908447266,6.8,19.079999923706055,56.79800033569336
2012-07-02,1597.199951171875,83.75,6.8,19.010000228881836,55.50299835205078
2012-07-03,1621.300048828125,87.66000366210938,6.8,18.559999465942383,55.428001403808594
2012-07-04,1621.300048828125,87.66000366210938,6.8,18.270000457763672,54.358001708984375
2012-07-05,1608.9000244140625,87.22000122070312,6.8,18.350000381469727,54.47800064086914
2012-07-06,1578.4000244140625,84.44999694824219,6.8,18.040000915527344,54.9379997253418
2012-07-09,1588.5999755859375,85.98999786376953,6.8,18.719999313354492,55.40299987792969
2012-07-10,1579.300048828125,83.91000366210938,6.8,17.829999923706055,55.84299850463867
2012-07-11,1575.199951171875,85.80999755859375,6.8,18.38999938964844,55.38800048828125
2012-07-12,1564.9000244140625,86.08000183105469,6.8,18.709999084472656,55.61800003051758
2012-07-13,1591.5999755859375,87.0999984741211,6.8,18.260000228881836,55.928001403808594
2012-07-16,1591.199951171875,88.43000030517578,6.8,18.770000457763672,55.13800048828125
2012-07-17,1589.0999755859375,89.22000122070312,6.8,17.780000686645508,55.04800033569336
2012-07-18,1570.4000244140625,89.87000274658203,6.8,17.440000534057617,55.097999572753906
2012-07-19,1580.0999755859375,92.66000366210938,6.8,16.3799991607666,55.3129997253418
2012-07-20,1582.5,91.44000244140624,6.8,16.889999389648438,55.11800003051758
2012-07-23,1577.0999755859375,88.13999938964844,6.8,18.65999984741211,55.31800079345703
2012-07-24,1576.0,88.5,6.8,16.969999313354492,55.9630012512207
2012-07-25,1608.0,88.97000122070312,6.8,16.75,56.108001708984375
2012-07-26,1615.0,89.38999938964844,6.8,16.3700008392334,56.15800094604492
2012-07-27,1617.9000244140625,90.12999725341795,6.8,16.440000534057617,55.51800155639648
2012-07-30,1619.699951171875,89.77999877929688,6.8,16.600000381469727,55.24800109863281
2012-07-31,1610.5,88.05999755859375,6.8,16.010000228881836,55.42300033569336
2012-08-01,1603.699951171875,88.91000366210938,6.8,16.450000762939453,55.64799880981445
2012-08-02,1587.4000244140625,87.12999725341797,6.8,16.770000457763672,55.46799850463867
2012-08-03,1606.0,91.4000015258789,6.8,16.1200008392334,55.8380012512207
2012-08-06,1612.9000244140625,92.1999969482422,6.8,16.219999313354492,55.74800109863281
2012-08-07,1609.699951171875,93.66999816894533,6.8,16.209999084472656,55.51800155639648
2012-08-08,1612.9000244140625,93.3499984741211,6.8,16.3700008392334,55.0629997253418
2012-08-09,1617.0999755859375,93.36000061035156,6.8,16.329999923706055,55.417999267578125
2012-08-10,1619.699951171875,92.87000274658205,6.8,16.06999969482422,55.26800155639648
2012-08-13,1609.5999755859375,92.7300033569336,6.8,16.010000228881836,55.27799987792969
2012-08-14,1599.4000244140625,93.43000030517578,6.8,15.640000343322754,55.3380012512207
2012-08-16,1616.0999755859375,95.5999984741211,6.8,15.6899995803833,55.64799880981445
2012-08-17,1616.300048828125,96.01000213623048,6.8,15.729999542236328,55.61800003051758
2012-08-21,1639.9000244140625,96.68000030517578,6.8,16.299999237060547,55.49800109863281
2012-08-22,1637.4000244140625,97.26000213623048,6.8,16.0,55.362998962402344
2012-08-23,1669.5999755859375,96.2699966430664,6.8,16.1200008392334,55.49300003051758
2012-08-24,1669.800048828125,96.1500015258789,6.8,16.15999984741211,55.257999420166016
2012-08-27,1672.4000244140625,95.47000122070312,6.8,16.469999313354492,55.49800109863281
2012-08-28,1666.5,96.33000183105467,6.8,16.350000381469727,55.6879997253418
2012-08-29,1659.800048828125,95.48999786376952,6.8,16.739999771118164,55.66299819946289
2012-08-30,1653.5,94.62000274658205,6.8,16.670000076293945,55.62300109863281
2012-08-31,1684.5999755859375,96.47000122070312,6.8,17.299999237060547,55.62799835205078
2012-09-03,1684.5999755859375,96.47000122070312,6.8,17.280000686645508,55.51800155639648
2012-09-04,1692.9000244140625,95.3000030517578,6.8,16.59000015258789,55.52799987792969
2012-09-05,1690.800048828125,95.36000061035156,6.8,17.010000228881836,55.64799880981445
2012-09-06,1702.5999755859375,95.52999877929688,6.8,16.979999542236328,55.90299987792969
2012-09-07,1737.5,96.41999816894533,6.8,15.260000228881836,55.65800094604492
2012-09-10,1728.699951171875,96.54000091552734,6.8,15.270000457763672,55.358001708984375
2012-09-11,1731.800048828125,97.16999816894533,6.8,15.380000114440918,55.4379997253418
2012-09-12,1730.5999755859375,97.01000213623048,6.8,15.039999961853027,55.3380012512207
2012-09-13,1769.0999755859375,98.30999755859376,6.8,15.670000076293944,55.20800018310547
2012-09-14,1769.800048828125,99.0,6.8,15.380000114440918,55.417999267578125
2012-09-17,1767.699951171875,96.62000274658205,6.8,17.780000686645508,54.29800033569336
2012-09-18,1768.4000244140625,95.29000091552734,6.8,17.829999923706055,54.007999420166016
2012-09-20,1767.699951171875,91.87000274658205,6.8,18.6200008392334,54.01800155639648
2012-09-21,1775.5,92.88999938964844,6.8,18.93000030517578,54.257999420166016
2012-09-24,1762.0999755859375,91.93000030517578,6.8,18.829999923706055,53.358001708984375
2012-09-25,1763.800048828125,91.37000274658205,6.8,17.110000610351562,53.46799850463867
2012-09-26,1750.5999755859375,89.9800033569336,6.8,16.969999313354492,53.358001708984375
2012-09-27,1777.5999755859375,91.8499984741211,6.8,16.90999984741211,53.507999420166016
2012-09-28,1771.0999755859375,92.19000244140624,6.8,16.15999984741211,53.007999420166016
2012-10-01,1780.5,92.4800033569336,6.8,16.34000015258789,52.847999572753906
2012-10-03,1777.300048828125,88.13999938964844,6.8,16.5,52.39799880981445
2012-10-04,1794.0999755859375,91.70999908447266,6.8,16.440000534057617,52.15299987792969
2012-10-05,1778.5999755859375,89.87999725341797,6.8,16.780000686645508,51.737998962402344
2012-10-08,1773.5,89.33000183105469,6.8,17.170000076293945,51.90800094604492
2012-10-09,1763.0,92.38999938964844,6.8,16.799999237060547,52.63800048828125
2012-10-10,1763.199951171875,91.25,6.8,16.829999923706055,52.71799850463867
2012-10-11,1768.800048828125,92.06999969482422,6.8,16.489999771118164,53.042999267578125
2012-10-12,1758.0,91.86000061035156,6.8,16.489999771118164,52.667999267578125
2012-10-15,1736.0,91.8499984741211,6.8,15.899999618530272,52.803001403808594
2012-10-16,1744.699951171875,92.08999633789062,6.8,15.56999969482422,53.01300048828125
2012-10-17,1751.5,92.12000274658205,6.8,15.170000076293944,52.86800003051758
2012-10-18,1743.300048828125,92.0999984741211,6.8,14.760000228881836,52.86800003051758
2012-10-19,1722.800048828125,90.05000305175781,6.8,14.539999961853027,53.40800094604492
2012-10-22,1725.0999755859375,88.7300033569336,6.8,13.039999961853027,53.8380012512207
2012-10-23,1708.300048828125,86.66999816894531,6.8,13.710000038146973,53.46799850463867
2012-10-25,1712.0,86.05000305175781,6.8,13.520000457763672,53.733001708984375
2012-10-29,1710.9000244140625,86.27999877929688,6.8,15.119999885559082,53.54800033569336
2012-10-30,1710.9000244140625,86.27999877929688,6.8,15.170000076293944,54.077999114990234
2012-10-31,1717.5,86.23999786376953,6.8,14.399999618530272,53.95800018310547
2012-11-01,1714.0999755859375,87.08999633789062,6.8,14.079999923706056,53.87799835205078
2012-11-02,1674.0999755859375,84.86000061035156,6.8,13.65999984741211,53.65299987792969
2012-11-05,1682.199951171875,85.6500015258789,6.8,14.630000114440918,53.80799865722656
2012-11-06,1714.0999755859375,88.70999908447266,6.8,15.210000038146973,54.5880012512207
2012-11-07,1713.199951171875,84.44000244140625,6.8,14.510000228881836,54.417999267578125
2012-11-08,1725.4000244140625,85.08999633789062,6.8,14.220000267028809,54.198001861572266
2012-11-09,1730.300048828125,86.06999969482422,6.8,14.369999885559082,54.358001708984375
2012-11-12,1730.300048828125,85.56999969482422,6.8,14.859999656677246,54.5880012512207
2012-11-15,1713.300048828125,85.44999694824219,6.8,15.529999732971191,54.803001403808594
2012-11-16,1714.300048828125,86.66999816894531,6.8,16.219999313354492,54.698001861572266
2012-11-19,1734.0,89.27999877929688,6.8,16.68000030517578,55.15800094604492
2012-11-20,1723.199951171875,86.75,6.8,15.8100004196167,55.05799865722656
2012-11-21,1727.9000244140625,87.37999725341797,6.8,15.460000038146973,55.097999572753906
2012-11-22,1727.9000244140625,87.37999725341797,6.8,14.90999984741211,55.108001708984375
2012-11-23,1751.300048828125,88.27999877929688,6.8,14.68000030517578,55.20800018310547
2012-11-26,1749.5,87.73999786376953,6.8,14.670000076293944,55.44300079345703
2012-11-27,1742.199951171875,87.18000030517578,6.8,13.960000038146973,55.63600158691406
2012-11-29,1727.199951171875,88.06999969482422,6.8,15.369999885559082,55.702999114990234
2012-11-30,1710.9000244140625,88.91000366210938,6.8,15.149999618530272,54.8380012512207
2012-12-03,1719.5999755859375,89.08999633789062,6.8,15.619999885559082,54.257999420166016
2012-12-04,1694.4000244140625,88.5,6.8,15.90999984741211,54.76800155639648
2012-12-05,1692.4000244140625,87.87999725341797,6.8,16.6200008392334,54.67300033569336
2012-12-06,1700.300048828125,86.26000213623047,6.8,15.239999771118164,54.53799819946289
2012-12-07,1704.0,85.93000030517578,6.8,14.960000038146973,54.132999420166016
2012-12-10,1713.0,85.55999755859375,6.8,14.510000228881836,54.3380012512207
2012-12-11,1708.199951171875,85.79000091552734,6.8,14.670000076293944,54.487998962402344
2012-12-12,1716.5999755859375,86.7699966430664,6.8,14.510000228881836,54.257999420166016
2012-12-13,1695.5999755859375,85.88999938964844,6.8,14.710000038146973,54.31800079345703
2012-12-14,1695.800048828125,86.7300033569336,6.8,14.229999542236328,54.45800018310547
2012-12-17,1697.0,87.19999694824219,6.8,14.920000076293944,54.4379997253418
2012-12-18,1669.5,87.93000030517578,6.8,14.4399995803833,54.847999572753906
2012-12-19,1666.5,89.51000213623047,6.8,14.470000267028809,54.847999572753906
2012-12-20,1644.9000244140625,90.12999725341795,6.8,14.31999969482422,54.54800033569336
2012-12-21,1659.0999755859375,88.66000366210938,6.8,14.630000114440918,54.847999572753906
2012-12-24,1658.5999755859375,88.61000061035156,6.8,14.489999771118164,55.05799865722656
2012-12-26,1659.800048828125,90.9800033569336,6.8,14.100000381469728,55.007999420166016
2012-12-27,1662.5999755859375,90.87000274658205,6.8,13.739999771118164,54.8380012512207
2012-12-28,1654.9000244140625,90.8000030517578,6.8,13.630000114440918,54.94200134277344
2012-12-31,1674.800048828125,91.81999969482422,6.8,14.949999809265137,54.75299835205078
2013-01-01,1674.800048828125,91.81999969482422,6.8,13.6899995803833,54.99300003051758
2013-01-02,1687.9000244140625,93.12000274658205,6.8,13.710000038146973,54.678001403808594
2013-01-03,1673.699951171875,92.91999816894533,6.8,13.470000267028809,54.347999572753906
2013-01-04,1648.0999755859375,93.08999633789062,6.8,13.369999885559082,54.49800109863281
2013-01-07,1645.5,93.19000244140624,6.8,13.920000076293944,54.880001068115234
2013-01-08,1661.5,93.1500015258789,6.8,13.270000457763672,55.21799850463867
2013-01-09,1654.800048828125,93.0999984741211,6.8,13.31999969482422,54.987998962402344
2013-01-10,1677.300048828125,93.81999969482422,6.8,13.270000457763672,54.74800109863281
2013-01-11,1660.0,93.55999755859376,6.8,13.229999542236328,54.55799865722656
2013-01-14,1668.9000244140625,94.13999938964844,6.8,13.699999809265137,54.86800003051758
2013-01-15,1683.4000244140625,93.27999877929688,6.8,13.579999923706056,54.49300003051758
2013-01-16,1682.699951171875,94.23999786376952,6.8,13.989999771118164,54.612998962402344
2013-01-17,1690.4000244140625,95.48999786376952,6.8,14.010000228881836,54.6879997253418
2013-01-18,1686.5999755859375,95.55999755859376,6.8,13.890000343322754,54.347999572753906
2013-01-21,1686.5999755859375,95.55999755859376,6.8,13.65999984741211,53.737998962402344
2013-01-22,1692.800048828125,96.23999786376952,6.8,13.890000343322754,53.76800155639648
2013-01-23,1686.300048828125,95.2300033569336,6.8,13.670000076293944,53.80799865722656
2013-01-24,1669.5,95.9499969482422,6.8,14.460000038146973,53.667999267578125
2013-01-25,1656.4000244140625,95.87999725341795,6.8,14.770000457763672,53.678001403808594
2013-01-28,1652.4000244140625,96.44000244140624,6.8,15.170000076293944,53.792999267578125
2013-01-29,1660.699951171875,97.56999969482422,6.8,14.470000267028809,53.90800094604492
2013-01-30,1679.9000244140625,97.94000244140624,6.8,14.380000114440918,53.757999420166016
2013-01-31,1660.5999755859375,97.48999786376952,6.8,14.130000114440918,53.303001403808594
2013-02-01,1669.4000244140625,97.7699966430664,6.8,13.760000228881836,53.2130012512207
2013-02-04,1675.300048828125,96.16999816894533,6.8,14.34000015258789,53.16299819946289
2013-02-05,1672.4000244140625,96.63999938964844,6.8,14.609999656677246,53.28300094604492
2013-02-06,1677.699951171875,96.62000274658205,6.8,14.260000228881836,53.132999420166016
2013-02-07,1670.4000244140625,95.83000183105467,6.8,14.890000343322754,53.15299987792969
2013-02-08,1666.0,95.72000122070312,6.8,15.15999984741211,53.21799850463867
2013-02-11,1648.199951171875,97.02999877929688,6.8,15.649999618530272,53.5880012512207
2013-02-12,1648.699951171875,97.51000213623048,6.8,15.3100004196167,53.95800018310547
2013-02-13,1644.199951171875,97.01000213623048,6.8,15.140000343322754,53.847999572753906
2013-02-14,1634.699951171875,97.30999755859376,6.8,15.09000015258789,53.81800079345703
2013-02-15,1608.800048828125,95.86000061035156,6.8,15.239999771118164,53.917999267578125
2013-02-18,1608.800048828125,95.86000061035156,6.8,16.290000915527344,54.31800079345703
2013-02-19,1603.5999755859375,96.66000366210938,6.8,15.8100004196167,54.178001403808594
2013-02-20,1577.5999755859375,94.45999908447266,6.8,15.600000381469728,54.16299819946289
2013-02-21,1578.199951171875,92.83999633789062,6.8,16.940000534057617,54.06800079345703
2013-02-22,1572.4000244140625,93.12999725341795,6.8,16.790000915527344,54.46799850463867
2013-02-25,1586.199951171875,93.11000061035156,6.8,16.729999542236328,54.27299880981445
2013-02-26,1615.199951171875,92.62999725341795,6.8,17.360000610351562,53.862998962402344
2013-02-27,1595.199951171875,92.76000213623048,6.8,16.229999542236328,54.0880012512207
2013-02-28,1577.699951171875,92.0500030517578,6.8,14.859999656677246,53.858001708984375
2013-03-01,1571.9000244140625,90.68000030517578,6.8,14.0600004196167,54.362998962402344
2013-03-04,1572.0999755859375,90.12000274658205,6.8,13.670000076293944,54.89799880981445
2013-03-05,1574.5999755859375,90.81999969482422,6.8,13.390000343322754,54.858001708984375
2013-03-06,1574.5999755859375,90.43000030517578,6.8,13.399999618530272,54.917999267578125
2013-03-07,1574.800048828125,91.55999755859376,6.8,13.06999969482422,54.7130012512207
2013-03-08,1576.5999755859375,91.9499969482422,6.8,13.34000015258789,54.55799865722656
2013-03-11,1577.800048828125,92.05999755859376,6.8,14.25,54.34299850463867
2013-03-12,1591.5,92.54000091552734,6.8,15.130000114440918,54.40800094604492
2013-03-13,1588.300048828125,92.5199966430664,6.8,16.200000762939453,54.141998291015625
2013-03-14,1590.5999755859375,93.02999877929688,6.8,14.65999984741211,54.362998962402344
2013-03-15,1592.5,93.4499969482422,6.8,15.15999984741211,54.35300064086914
2013-03-18,1604.5999755859375,93.73999786376952,6.8,15.850000381469728,54.02299880981445
2013-03-19,1611.300048828125,92.16000366210938,6.8,16.709999084472656,54.073001861572266
2013-03-20,1607.5,92.95999908447266,6.8,16.65999984741211,54.36800003051758
2013-03-21,1613.800048828125,92.4499969482422,6.8,16.510000228881836,54.349998474121094
2013-03-22,1606.199951171875,93.70999908447266,6.8,15.539999961853027,54.27799987792969
2013-03-25,1604.5999755859375,94.80999755859376,6.8,16.360000610351562,54.34299850463867
2013-03-26,1595.800048828125,96.33999633789062,6.8,15.800000190734863,54.167999267578125
2013-03-28,1594.800048828125,97.2300033569336,6.8,15.220000267028809,54.38800048828125
2013-04-01,1600.0,97.06999969482422,6.8,14.850000381469728,54.27799987792969
2013-04-02,1575.0999755859375,97.19000244140624,6.8,14.100000381469728,54.25
2013-04-03,1552.800048828125,94.4499969482422,6.8,14.869999885559082,54.42300033569336
2013-04-04,1551.800048828125,93.26000213623048,6.8,15.850000381469728,54.428001403808594
2013-04-05,1575.4000244140625,92.6999969482422,6.8,16.15999984741211,54.882999420166016
2013-04-08,1572.0,93.36000061035156,6.8,16.770000457763672,54.803001403808594
2013-04-09,1586.199951171875,94.1999969482422,6.8,16.81999969482422,54.55799865722656
2013-04-10,1558.300048828125,94.63999938964844,6.8,16.489999771118164,54.577999114990234
2013-04-11,1564.300048828125,93.51000213623048,6.8,16.969999313354492,54.51300048828125
2013-04-12,1501.0,91.29000091552734,6.8,16.450000762939453,54.29800033569336
2013-04-15,1360.5999755859375,88.70999908447266,6.8,16.610000610351562,54.51300048828125
2013-04-16,1386.800048828125,88.72000122070312,6.8,16.25,54.542999267578125
2013-04-17,1382.199951171875,86.68000030517578,6.8,16.360000610351562,54.14799880981445
2013-04-18,1392.0,87.7300033569336,6.8,15.359999656677246,54.20800018310547
2013-04-22,1421.0,88.76000213623047,6.8,16.219999313354492,53.93299865722656
2013-04-23,1408.5999755859375,89.18000030517578,6.8,15.06999969482422,54.13800048828125
2013-04-25,1461.800048828125,93.63999938964844,6.8,14.199999809265137,54.27299880981445
2013-04-26,1453.5999755859375,93.0,6.8,13.880000114440918,54.21799850463867
2013-04-29,1467.4000244140625,94.5,6.8,14.329999923706056,54.37300109863281
2013-04-30,1472.199951171875,93.45999908447266,6.8,15.100000381469728,54.22800064086914
2013-05-02,1467.699951171875,93.98999786376952,6.8,16.280000686645508,53.65800094604492
2013-05-03,1464.300048828125,95.61000061035156,6.8,15.550000190734863,53.80799865722656
2013-05-06,1468.0999755859375,96.16000366210938,6.8,15.84000015258789,53.779998779296875
2013-05-07,1449.0,95.62000274658205,6.8,16.5,54.17300033569336
2013-05-08,1473.9000244140625,96.62000274658205,6.8,16.760000228881836,54.12799835205078
2013-05-09,1468.800048828125,96.38999938964844,6.8,16.600000381469727,54.15800094604492
2013-05-10,1436.800048828125,96.04000091552734,6.8,16.860000610351562,54.24800109863281
2013-05-13,1434.5,95.16999816894533,6.8,17.510000228881836,54.803001403808594
2013-05-14,1424.699951171875,94.20999908447266,6.8,17.170000076293945,54.827999114990234
2013-05-15,1396.5,94.3000030517578,6.8,18.1299991607666,54.79800033569336
2013-05-16,1387.0999755859375,95.16000366210938,6.8,17.739999771118164,54.77799987792969
2013-05-17,1364.9000244140625,96.0199966430664,6.8,17.56999969482422,54.77799987792969
2013-05-20,1384.300048828125,96.70999908447266,6.8,17.709999084472656,54.88800048828125
2013-05-21,1377.800048828125,96.16000366210938,6.8,17.8799991607666,55.108001708984375
2013-05-22,1367.5999755859375,94.27999877929688,6.8,17.719999313354492,55.40800094604492
2013-05-23,1392.0,94.25,6.8,18.729999542236328,55.65299987792969
2013-05-24,1386.800048828125,94.1500015258789,6.8,17.700000762939453,55.70800018310547
2013-05-27,1386.800048828125,94.1500015258789,6.8,17.030000686645508,55.8129997253418
2013-05-28,1379.0999755859375,95.01000213623048,6.8,17.1200008392334,55.564998626708984
2013-05-29,1391.300048828125,93.12999725341795,6.8,17.860000610351562,56.108001708984375
2013-05-30,1411.5,93.61000061035156,6.8,16.040000915527344,56.29800033569336
2013-05-31,1392.5999755859375,91.97000122070312,6.8,16.989999771118164,56.37799835205078
2013-06-03,1411.699951171875,93.4499969482422,7.3,17.290000915527344,56.573001861572266
2013-06-04,1397.0999755859375,93.30999755859376,7.3,17.260000228881836,56.667999267578125
2013-06-05,1398.4000244140625,93.73999786376952,7.3,16.780000686645508,56.4379997253418
2013-06-06,1415.699951171875,94.76000213623048,7.3,17.350000381469727,56.722999572753906
2013-06-07,1383.0,96.02999877929688,7.3,17.350000381469727,56.8380012512207
2013-06-10,1386.199951171875,95.7699966430664,7.3,18.11000061035156,56.8380012512207
2013-06-11,1377.0,95.37999725341795,7.3,19.489999771118164,56.8380012512207
2013-06-12,1391.800048828125,95.87999725341795,7.3,18.850000381469727,56.8380012512207
2013-06-13,1377.5999755859375,96.69000244140624,7.3,19.440000534057617,57.827999114990234
2013-06-14,1387.300048828125,97.8499984741211,7.3,18.350000381469727,57.99800109863281
2013-06-17,1382.800048828125,97.7699966430664,7.3,18.18000030517578,57.49800109863281
2013-06-18,1366.5999755859375,98.44000244140624,7.3,18.290000915527344,58.10300064086914
2013-06-19,1373.5999755859375,98.23999786376952,7.3,18.459999084472656,58.8380012512207
2013-06-20,1285.9000244140625,95.4000015258789,7.3,19.190000534057617,58.7130012512207
2013-06-21,1291.5999755859375,93.69000244140624,7.3,19.030000686645508,59.56800079345703
2013-06-24,1276.800048828125,95.18000030517578,7.3,21.010000228881836,59.26800155639648
2013-06-25,1274.800048828125,95.31999969482422,7.3,21.13999938964844,59.80799865722656
2013-06-26,1229.5999755859375,95.5,7.3,21.06999969482422,59.65800094604492
2013-06-27,1211.4000244140625,97.0500030517578,7.3,18.850000381469727,60.7130012512207
2013-06-28,1223.800048828125,96.55999755859376,7.3,17.950000762939453,60.1879997253418
2013-07-01,1255.9000244140625,97.98999786376952,7.3,18.09000015258789,59.5260009765625
2013-07-02,1243.5999755859375,99.5999984741211,7.3,18.209999084472656,59.37799835205078
2013-07-03,1252.0999755859375,101.23999786376952,7.3,18.90999984741211,59.54800033569336
2013-07-04,1252.0999755859375,101.23999786376952,7.3,18.579999923706055,60.21900177001953
2013-07-05,1212.9000244140625,103.22000122070312,7.3,18.670000076293945,60.17499923706055
2013-07-08,1234.9000244140625,103.13999938964844,7.3,19.34000015258789,60.222999572753906
2013-07-09,1245.9000244140625,103.52999877929688,7.3,19.31999969482422,60.6879997253418
2013-07-10,1247.4000244140625,106.5199966430664,7.3,19.979999542236328,60.095001220703125
2013-07-11,1280.0999755859375,104.91000366210938,7.3,18.88999938964844,59.88800048828125
2013-07-12,1277.800048828125,105.9499969482422,7.3,18.690000534057617,59.82699966430664
2013-07-15,1283.800048828125,106.31999969482422,7.3,18.790000915527344,59.88399887084961
2013-07-16,1290.800048828125,106.0,7.3,18.989999771118164,59.80799865722656
2013-07-17,1277.9000244140625,106.4800033569336,7.3,19.36000061035156,59.292999267578125
2013-07-18,1284.5999755859375,108.04000091552734,7.3,18.270000457763672,59.323001861572266
2013-07-19,1293.300048828125,108.0500030517578,7.3,18.1299991607666,59.737998962402344
2013-07-22,1336.4000244140625,106.91000366210938,7.3,17.6299991607666,59.33300018310547
2013-07-23,1335.0999755859375,107.2300033569336,7.3,16.719999313354492,59.71799850463867
2013-07-24,1319.699951171875,105.38999938964844,7.3,16.90999984741211,59.757999420166016
2013-07-25,1329.0,105.48999786376952,7.3,16.719999313354492,59.12699890136719
2013-07-26,1321.699951171875,104.6999969482422,7.3,16.780000686645508,58.95800018310547
2013-07-29,1328.4000244140625,104.5500030517578,7.3,18.25,59.060001373291016
2013-07-30,1324.0,103.08000183105467,7.3,18.1200008392334,59.4119987487793
2013-07-31,1312.4000244140625,105.02999877929688,7.3,18.770000457763672,60.80799865722656
2013-08-01,1311.0,107.88999938964844,7.3,19.809999465942383,60.630001068115234
2013-08-02,1310.5999755859375,106.94000244140624,7.3,20.88999938964844,60.43299865722656
2013-08-05,1302.5999755859375,106.55999755859376,7.3,20.799999237060547,61.097999572753906
2013-08-06,1283.199951171875,105.3000030517578,7.3,22.729999542236328,60.87699890136719
2013-08-07,1286.0999755859375,104.37000274658205,7.3,22.040000915527344,60.78300094604492
2013-08-08,1310.699951171875,103.4000015258789,7.3,21.190000534057617,61.202999114990234
2013-08-12,1334.699951171875,106.11000061035156,7.3,21.280000686645508,60.672000885009766
2013-08-13,1321.199951171875,106.83000183105467,7.3,19.260000228881836,61.369998931884766
2013-08-14,1334.0,106.8499984741211,7.3,18.700000762939453,61.45000076293945
2013-08-16,1371.699951171875,107.45999908447266,7.3,23.63999938964844,61.2599983215332
2013-08-19,1366.199951171875,107.0999984741211,7.3,25.59000015258789,62.4900016784668
2013-08-20,1373.0999755859375,104.97000122070312,7.3,27.229999542236328,63.849998474121094
2013-08-21,1370.5999755859375,103.8499984741211,7.3,28.09000015258789,63.36000061035156
2013-08-22,1371.199951171875,105.02999877929688,7.3,29.059999465942383,64.69000244140625
2013-08-23,1395.699951171875,106.41999816894533,7.3,25.75,64.41000366210938
2013-08-26,1393.0,105.91999816894533,7.3,26.3799991607666,64.06999969482422
2013-08-27,1420.5999755859375,109.01000213623048,7.3,29.420000076293945,64.29299926757812
2013-08-28,1419.0,110.0999984741211,7.3,32.380001068115234,66.86000061035156
2013-08-29,1412.9000244140625,108.8000030517578,7.3,29.40999984741211,67.3499984741211
2013-08-30,1396.0999755859375,107.6500015258789,7.3,27.809999465942383,67.38999938964844
2013-09-02,1396.0999755859375,107.6500015258789,7.3,27.549999237060547,66.58999633789062
2013-09-03,1412.0,108.54000091552734,7.3,32.4900016784668,66.51000213623047
2013-09-04,1389.9000244140625,107.2300033569336,7.3,31.11000061035156,68.61000061035156
2013-09-05,1373.0999755859375,108.37000274658205,7.3,28.530000686645508,66.2699966430664
2013-09-06,1386.699951171875,110.52999877929688,7.3,28.649999618530273,66.00800323486328
2013-09-10,1364.0999755859375,107.38999938964844,7.3,29.440000534057617,64.05999755859375
2013-09-11,1363.9000244140625,107.55999755859376,7.3,29.75,63.619998931884766
2013-09-12,1330.4000244140625,108.5999984741211,7.3,29.709999084472656,63.15999984741211
2013-09-13,1308.4000244140625,108.20999908447266,7.3,28.290000915527344,63.619998931884766
2013-09-16,1317.9000244140625,106.58999633789062,7.3,28.81999969482422,63.290000915527344
2013-09-17,1309.5,105.41999816894533,7.3,27.93000030517578,63.290000915527344
2013-09-18,1307.800048828125,108.06999969482422,7.3,27.690000534057617,63.18000030517578
2013-09-19,1369.4000244140625,106.38999938964844,7.3,24.5,63.58000183105469
2013-09-20,1332.5,104.68000030517578,7.3,24.729999542236328,62.189998626708984
2013-09-23,1326.9000244140625,103.58999633789062,7.3,27.020000457763672,62.720001220703125
2013-09-24,1316.0,103.12999725341795,7.3,26.719999313354492,62.68000030517578
2013-09-25,1335.9000244140625,102.66000366210938,7.3,25.68000030517578,62.720001220703125
2013-09-26,1323.5999755859375,103.02999877929688,7.3,24.0,62.43000030517578
2013-09-27,1338.4000244140625,102.87000274658205,7.3,24.059999465942383,61.72999954223633
2013-09-30,1326.5,102.33000183105467,7.3,26.649999618530273,62.90999984741211
2013-10-01,1286.0,102.04000091552734,7.5,25.770000457763672,62.58000183105469
2013-10-03,1317.4000244140625,103.30999755859376,7.5,25.170000076293945,62.06999969482422
2013-10-04,1309.699951171875,103.83999633789062,7.5,26.1299991607666,61.959999084472656
2013-10-07,1324.800048828125,103.02999877929688,7.5,26.829999923706055,61.380001068115234
2013-10-08,1324.199951171875,103.48999786376952,7.5,26.549999237060547,61.380001068115234
2013-10-09,1306.9000244140625,101.61000061035156,7.5,25.8700008392334,62.029998779296875
2013-10-10,1296.5999755859375,103.01000213623048,7.5,25.8799991607666,61.810001373291016
2013-10-11,1268.0,102.0199966430664,7.5,23.59000015258789,61.61000061035156
2013-10-14,1276.4000244140625,102.41000366210938,7.5,22.850000381469727,60.9900016784668
2013-10-15,1273.0,101.20999908447266,7.5,23.239999771118164,61.380001068115234
2013-10-17,1322.699951171875,100.66999816894533,7.5,21.059999465942383,61.45000076293945
2013-10-18,1314.4000244140625,100.80999755859376,7.5,20.1200008392334,61.099998474121094
2013-10-21,1315.699951171875,99.22000122070312,7.5,20.18000030517578,61.2400016784668
2013-10-22,1342.5,97.8000030517578,7.5,19.959999084472656,60.619998931884766
2013-10-23,1333.9000244140625,96.86000061035156,7.5,20.350000381469727,61.189998626708984
2013-10-24,1350.199951171875,97.11000061035156,7.5,20.63999938964844,61.52000045776367
2013-10-25,1352.4000244140625,97.8499984741211,7.5,20.420000076293945,61.45000076293945
2013-10-28,1352.0,98.68000030517578,7.5,21.290000915527344,61.439998626708984
2013-10-29,1345.199951171875,98.1999969482422,7.5,19.760000228881836,61.5099983215332
2013-10-30,1349.0,96.7699966430664,7.5,19.530000686645508,61.45000076293945
2013-10-31,1323.5999755859375,96.37999725341795,7.5,18.38999938964844,61.31999969482422
2013-11-01,1313.0999755859375,94.61000061035156,7.8,18.63999938964844,62.220001220703125
2013-11-05,1308.0,93.37000274658205,7.8,19.940000534057617,61.97999954223633
2013-11-06,1317.699951171875,94.8000030517578,7.8,20.25,62.15999984741211
2013-11-07,1308.4000244140625,94.1999969482422,7.8,19.8700008392334,62.470001220703125
2013-11-08,1284.5,94.5999984741211,7.8,19.63999938964844,62.849998474121094
2013-11-11,1281.0,95.13999938964844,7.8,19.979999542236328,63.34000015258789
2013-11-12,1271.0999755859375,93.04000091552734,7.8,20.86000061035156,63.47999954223633
2013-11-13,1268.300048828125,93.87999725341795,7.8,20.450000762939453,63.959999084472656
2013-11-14,1286.199951171875,93.76000213623048,7.8,19.260000228881836,63.369998931884766
2013-11-18,1272.199951171875,93.02999877929688,7.8,18.81999969482422,62.709999084472656
2013-11-19,1273.4000244140625,93.33999633789062,7.8,19.299999237060547,62.20000076293945
2013-11-20,1257.9000244140625,93.33000183105467,7.8,20.829999923706055,62.11000061035156
2013-11-21,1243.5,95.44000244140624,7.8,21.13999938964844,62.7599983215332
2013-11-22,1244.0,94.83999633789062,7.8,20.040000915527344,62.9900016784668
2013-11-25,1241.0999755859375,94.08999633789062,7.8,21.049999237060547,62.2400016784668
2013-11-26,1241.4000244140625,93.68000030517578,7.8,21.59000015258789,62.50299835205078
2013-11-27,1237.800048828125,92.3000030517578,7.8,21.13999938964844,62.459999084472656
2013-11-28,1237.800048828125,92.3000030517578,7.8,20.709999084472656,62.540000915527344
2013-11-29,1250.5999755859375,92.72000122070312,7.8,21.3799991607666,62.41299819946289
2013-12-02,1222.300048828125,93.81999969482422,7.8,23.36000061035156,62.459999084472656
2013-12-03,1221.699951171875,96.04000091552734,7.8,24.719999313354492,62.31800079345703
2013-12-04,1248.199951171875,97.1999969482422,7.8,23.709999084472656,62.362998962402344
2013-12-05,1233.199951171875,97.37999725341795,7.8,21.68000030517578,61.70000076293945
2013-12-06,1230.300048828125,97.6500015258789,7.8,22.209999084472656,61.58000183105469
2013-12-09,1235.300048828125,97.33999633789062,7.8,19.15999984741211,61.150001525878906
2013-12-10,1262.4000244140625,98.51000213623048,7.8,17.979999542236328,60.869998931884766
2013-12-11,1258.5,97.44000244140624,7.8,17.540000915527344,60.97999954223633
2013-12-12,1226.0,97.5,7.8,17.739999771118164,61.59000015258789
2013-12-13,1235.699951171875,96.5999984741211,7.8,17.84000015258789,62.15999984741211
2013-12-16,1245.5,97.4800033569336,7.8,18.36000061035156,62.1879997253418
2013-12-17,1231.199951171875,97.22000122070312,7.8,18.329999923706055,61.779998779296875
2013-12-18,1236.0999755859375,97.8000030517578,7.8,17.540000915527344,61.709999084472656
2013-12-19,1195.0,98.7699966430664,7.8,16.579999923706055,62.029998779296875
2013-12-20,1205.0999755859375,99.31999969482422,7.8,16.020000457763672,62.459999084472656
2013-12-23,1198.4000244140625,98.91000366210938,7.8,16.260000228881836,62.02000045776367
2013-12-24,1205.0999755859375,99.22000122070312,7.8,15.579999923706056,61.84000015258789
2013-12-26,1214.0999755859375,99.5500030517578,7.8,14.880000114440918,61.790000915527344
2013-12-27,1216.0999755859375,100.31999969482422,7.8,14.65999984741211,61.88999938964844
2013-12-30,1203.0999755859375,99.29000091552734,7.8,15.079999923706056,61.66999816894531
2013-12-31,1201.9000244140625,98.41999816894533,7.8,15.119999885559082,61.779998779296875
2014-01-01,1201.9000244140625,98.41999816894533,7.8,15.579999923706056,61.803001403808594
2014-01-02,1225.0,95.44000244140624,7.8,16.549999237060547,61.84000015258789
2014-01-03,1238.4000244140625,93.95999908447266,7.8,15.869999885559082,62.060001373291016
2014-01-06,1237.800048828125,93.43000030517578,7.8,16.5,62.22999954223633
2014-01-07,1229.4000244140625,93.66999816894533,7.8,16.31999969482422,62.310001373291016
2014-01-08,1225.300048828125,92.33000183105467,7.8,16.31999969482422,62.08000183105469
2014-01-09,1229.300048828125,91.66000366210938,7.8,16.18000030517578,62.119998931884766
2014-01-10,1246.699951171875,92.72000122070312,7.8,15.579999923706056,61.779998779296875
2014-01-13,1250.9000244140625,91.8000030517578,7.8,15.949999809265137,61.439998626708984
2014-01-14,1245.199951171875,92.58999633789062,7.8,15.739999771118164,61.470001220703125
2014-01-15,1238.0999755859375,94.16999816894533,7.8,15.420000076293944,61.470001220703125
2014-01-16,1240.0,93.95999908447266,7.8,15.539999961853027,61.540000915527344
2014-01-17,1251.699951171875,94.37000274658205,7.8,15.40999984741211,61.41999816894531
2014-01-20,1251.699951171875,94.37000274658205,7.8,15.350000381469728,61.54999923706055
2014-01-21,1242.300048828125,94.98999786376952,7.8,15.550000190734863,61.61800003051758
2014-01-22,1239.0,96.7300033569336,7.8,15.850000381469728,61.970001220703125
2014-01-23,1262.5999755859375,97.31999969482422,7.8,15.579999923706056,61.869998931884766
2014-01-24,1264.5,96.63999938964844,7.8,15.829999923706056,62.130001068115234
2014-01-27,1263.5999755859375,95.72000122070312,7.8,18.670000076293945,62.72999954223633
2014-01-28,1251.0,97.41000366210938,7.8,17.719999313354492,63.380001068115234
2014-01-29,1262.199951171875,97.36000061035156,7.8,18.040000915527344,62.380001068115234
2014-01-30,1242.199951171875,98.2300033569336,7.8,17.25,62.46799850463867
2014-01-31,1240.0999755859375,97.48999786376952,7.8,16.81999969482422,62.310001373291016
2014-02-03,1260.4000244140625,96.43000030517578,8.0,18.270000457763672,62.5
2014-02-04,1251.699951171875,97.19000244140624,8.0,18.690000534057617,62.869998931884766
2014-02-05,1257.300048828125,97.37999725341795,8.0,18.93000030517578,62.130001068115234
2014-02-06,1257.5999755859375,97.83999633789062,8.0,18.940000534057617,62.22999954223633
2014-02-07,1263.300048828125,99.87999725341795,8.0,18.549999237060547,62.22999954223633
2014-02-10,1274.800048828125,100.05999755859376,8.0,19.049999237060547,62.09000015258789
2014-02-11,1290.0999755859375,99.94000244140624,8.0,18.6299991607666,62.448001861572266
2014-02-12,1295.300048828125,100.37000274658205,8.0,17.43000030517578,62.029998779296875
2014-02-13,1300.4000244140625,100.3499984741211,8.0,17.799999237060547,61.68000030517578
2014-02-14,1319.0,100.3000030517578,8.0,16.65999984741211,62.150001525878906
2014-02-17,1319.0,100.3000030517578,8.0,15.829999923706056,61.83000183105469
2014-02-18,1324.699951171875,102.43000030517578,8.0,15.40999984741211,61.790000915527344
2014-02-19,1320.5999755859375,103.30999755859376,8.0,15.06999969482422,62.209999084472656
2014-02-20,1317.0999755859375,102.91999816894533,8.0,15.15999984741211,62.2599983215332
2014-02-21,1323.9000244140625,102.1999969482422,8.0,14.039999961853027,62.130001068115234
2014-02-24,1338.300048828125,102.81999969482422,8.0,14.359999656677246,62.0099983215332
2014-02-25,1343.0,101.83000183105467,8.0,13.949999809265137,62.06800079345703
2014-02-26,1328.199951171875,102.58999633789062,8.0,13.960000038146973,61.97800064086914
2014-02-28,1321.4000244140625,102.58999633789062,8.0,14.18000030517578,62.02000045776367
2014-03-03,1350.0999755859375,104.91999816894533,8.0,15.279999732971191,61.81999969482422
2014-03-04,1337.800048828125,103.33000183105467,8.0,14.390000343322754,62.16999816894531
2014-03-05,1340.199951171875,101.4499969482422,8.0,13.84000015258789,61.599998474121094
2014-03-06,1351.699951171875,101.55999755859376,8.0,14.479999542236328,61.74800109863281
2014-03-07,1338.0999755859375,102.58000183105467,8.0,16.719999313354492,60.79999923706055
2014-03-10,1341.4000244140625,101.12000274658205,8.0,17.780000686645508,61.22999954223633
2014-03-11,1346.5,100.02999877929688,8.0,17.329999923706055,60.810001373291016
2014-03-12,1370.300048828125,97.98999786376952,8.0,17.040000915527344,61.040000915527344
2014-03-13,1372.199951171875,98.1999969482422,8.0,16.81999969482422,60.77000045776367
2014-03-14,1379.0,98.88999938964844,8.0,16.450000762939453,61.459999084472656
2014-03-18,1359.0,99.6999969482422,8.0,17.1299991607666,61.040000915527344
2014-03-19,1341.4000244140625,100.37000274658205,8.0,16.8799991607666,61.108001708984375
2014-03-20,1330.5,99.43000030517578,8.0,16.90999984741211,60.95000076293945
2014-03-21,1336.0,99.45999908447266,8.0,16.18000030517578,61.33300018310547
2014-03-24,1311.199951171875,99.5999984741211,8.0,16.540000915527344,61.02000045776367
2014-03-25,1311.4000244140625,99.19000244140624,8.0,16.920000076293945,60.59000015258789
2014-03-26,1303.4000244140625,100.26000213623048,8.0,17.770000457763672,60.220001220703125
2014-03-27,1294.699951171875,101.27999877929688,8.0,18.3700008392334,60.15999984741211
2014-03-28,1293.800048828125,101.66999816894533,8.0,18.6299991607666,60.237998962402344
2014-03-31,1283.4000244140625,101.58000183105467,8.0,21.6200008392334,59.84000015258789
2014-04-01,1279.5999755859375,99.73999786376952,8.0,20.690000534057617,59.9900016784668
2014-04-02,1290.5,99.62000274658205,8.0,21.209999084472656,59.779998779296875
2014-04-03,1284.4000244140625,100.29000091552734,8.0,22.11000061035156,59.89799880981445
2014-04-04,1303.199951171875,101.13999938964844,8.0,22.690000534057617,60.38999938964844
2014-04-07,1298.0,100.44000244140624,8.0,24.950000762939453,59.66999816894531
2014-04-09,1305.5,103.5999984741211,8.0,26.90999984741211,60.09000015258789
2014-04-10,1320.0999755859375,103.4000015258789,8.0,28.719999313354492,59.959999084472656
2014-04-11,1318.699951171875,103.73999786376952,8.0,29.190000534057617,60.29999923706055
2014-04-15,1300.0,103.75,8.0,31.8799991607666,60.34000015258789
2014-04-16,1303.0999755859375,103.76000213623048,8.0,31.15999984741211,60.29999923706055
2014-04-17,1293.4000244140625,104.3000030517578,8.0,30.850000381469727,60.25
2014-04-21,1288.0,104.37000274658205,8.0,34.38999938964844,60.150001525878906
2014-04-22,1280.5999755859375,102.12999725341795,8.0,33.349998474121094,60.47999954223633
2014-04-23,1284.199951171875,101.44000244140624,8.0,31.1299991607666,60.757999420166016
2014-04-25,1300.699951171875,100.5999984741211,8.0,30.68000030517578,61.119998931884766
2014-04-28,1298.9000244140625,100.83999633789062,8.0,31.38999938964844,60.63800048828125
2014-04-29,1296.0,101.27999877929688,8.0,31.049999237060547,60.64300155639648
2014-04-30,1295.5999755859375,99.73999786376952,8.0,30.59000015258789,60.417999267578125
2014-05-02,1302.5999755859375,99.76000213623048,8.0,33.060001373291016,60.13999938964844
2014-05-05,1309.0,99.4800033569336,8.0,34.189998626708984,60.02000045776367
2014-05-06,1308.300048828125,99.5,8.0,33.27000045776367,60.11000061035156
2014-05-07,1288.5999755859375,100.7699966430664,8.0,33.61000061035156,59.97800064086914
2014-05-08,1287.4000244140625,100.26000213623048,8.0,34.29999923706055,59.88999938964844
2014-05-09,1287.300048828125,99.98999786376952,8.0,37.709999084472656,59.93000030517578
2014-05-12,1295.5999755859375,100.58999633789062,8.0,37.099998474121094,59.849998474121094
2014-05-13,1294.5999755859375,101.6999969482422,8.0,32.04999923706055,59.41999816894531
2014-05-14,1305.699951171875,102.37000274658205,8.0,32.41999816894531,59.310001373291016
2014-05-15,1293.5,101.5,8.0,36.77000045776367,59.400001525878906
2014-05-16,1293.300048828125,102.0199966430664,8.0,24.290000915527344,59.33000183105469
2014-05-19,1293.699951171875,102.61000061035156,8.0,20.6299991607666,58.560001373291016
2014-05-20,1294.5,102.44000244140624,8.0,19.229999542236328,58.36800003051758
2014-05-21,1288.0,104.06999969482422,8.0,17.90999984741211,58.58300018310547
2014-05-22,1294.9000244140625,103.73999786376952,8.0,17.84000015258789,58.6879997253418
2014-05-23,1291.5999755859375,104.3499984741211,8.0,17.700000762939453,58.27799987792969
2014-05-26,1291.5999755859375,104.3499984741211,8.0,19.84000015258789,58.41999816894531
2014-05-27,1265.4000244140625,104.11000061035156,8.0,19.100000381469727,58.650001525878906
2014-05-28,1259.300048828125,102.72000122070312,8.0,17.559999465942383,59.03799819946289
2014-05-29,1256.300048828125,103.58000183105467,8.0,16.690000534057617,58.83000183105469
2014-05-30,1245.5999755859375,102.70999908447266,8.0,16.34000015258789,58.900001525878906
2014-06-02,1243.699951171875,102.47000122070312,8.0,16.5,59.1879997253418
2014-06-03,1244.300048828125,102.66000366210938,8.0,15.800000190734863,59.15999984741211
2014-06-04,1244.0,102.63999938964844,8.0,15.56999969482422,59.29999923706055
2014-06-05,1253.0,102.4800033569336,8.0,15.449999809265137,59.2599983215332
2014-06-06,1252.0999755859375,102.66000366210938,8.0,15.979999542236328,59.16299819946289
2014-06-09,1253.5,104.41000366210938,8.0,17.100000381469727,59.167999267578125
2014-06-10,1259.800048828125,104.3499984741211,8.0,16.65999984741211,59.198001861572266
2014-06-11,1260.800048828125,104.4000015258789,8.0,17.059999465942383,59.119998931884766
2014-06-12,1273.5999755859375,106.52999877929688,8.0,16.899999618530273,59.33300018310547
2014-06-13,1273.699951171875,106.91000366210938,8.0,17.760000228881836,59.28799819946289
2014-06-16,1274.9000244140625,106.9000015258789,8.0,17.979999542236328,59.702999114990234
2014-06-17,1271.699951171875,106.36000061035156,8.0,17.700000762939453,60.09000015258789
2014-06-18,1272.4000244140625,105.97000122070312,8.0,18.579999923706055,60.323001861572266
2014-06-19,1313.699951171875,106.43000030517578,8.0,18.739999771118164,59.810001373291016
2014-06-20,1316.199951171875,107.26000213623048,8.0,18.850000381469727,60.15999984741211
2014-06-23,1318.0,106.16999816894533,8.0,18.959999084472656,60.167999267578125
2014-06-24,1320.9000244140625,106.02999877929688,8.0,19.190000534057617,60.15299987792969
2014-06-25,1322.199951171875,106.5,8.0,18.309999465942383,60.189998626708984
2014-06-26,1316.0999755859375,105.83999633789062,8.0,17.700000762939453,59.95000076293945
2014-06-27,1319.0,105.73999786376952,8.0,17.6299991607666,60.08000183105469
2014-06-30,1321.800048828125,105.37000274658205,8.0,17.8700008392334,60.03799819946289
2014-07-01,1326.4000244140625,105.33999633789062,8.0,17.65999984741211,59.970001220703125
2014-07-02,1330.699951171875,104.4800033569336,8.0,17.56999969482422,60.02799987792969
2014-07-03,1320.4000244140625,104.05999755859376,8.0,17.809999465942383,59.439998626708984
2014-07-04,1320.4000244140625,104.05999755859376,8.0,18.15999984741211,59.61000061035156
2014-07-07,1316.5,103.52999877929688,8.0,19.40999984741211,59.71799850463867
2014-07-08,1316.0,103.4000015258789,8.0,19.18000030517578,59.948001861572266
2014-07-09,1323.800048828125,102.29000091552734,8.0,18.190000534057617,59.74800109863281
2014-07-10,1338.699951171875,102.93000030517578,8.0,15.970000267028809,59.757999420166016
2014-07-11,1337.0,100.83000183105467,8.0,15.720000267028809,60.1879997253418
2014-07-14,1306.300048828125,100.91000366210938,8.0,15.5600004196167,60.0880012512207
2014-07-15,1296.9000244140625,99.95999908447266,8.0,14.770000457763672,60.060001373291016
2014-07-16,1299.5999755859375,101.1999969482422,8.0,14.729999542236328,60.16999816894531
2014-07-17,1316.699951171875,103.19000244140624,8.0,14.970000267028809,60.08000183105469
2014-07-18,1309.199951171875,103.12999725341795,8.0,15.100000381469728,60.599998474121094
2014-07-21,1313.699951171875,104.58999633789062,8.0,14.899999618530272,60.27799987792969
2014-07-22,1306.0999755859375,104.41999816894533,8.0,14.640000343322754,60.25
2014-07-23,1304.5,103.12000274658205,8.0,14.6899995803833,60.097999572753906
2014-07-24,1290.5999755859375,102.06999969482422,8.0,14.720000267028809,59.86000061035156
2014-07-25,1303.0999755859375,102.08999633789062,8.0,14.220000267028809,60.060001373291016
2014-07-28,1303.300048828125,101.66999816894533,8.0,14.31999969482422,60.053001403808594
2014-07-30,1294.9000244140625,100.2699966430664,8.0,13.890000343322754,60.040000915527344
2014-07-31,1281.300048828125,98.16999816894533,8.0,13.81999969482422,60.25
2014-08-01,1293.5999755859375,97.87999725341795,8.0,15.220000267028809,60.77000045776367
2014-08-04,1287.699951171875,98.29000091552734,8.0,14.81999969482422,61.20800018310547
2014-08-05,1284.0,97.37999725341795,8.0,13.949999809265137,60.900001525878906
2014-08-06,1306.699951171875,96.91999816894533,8.0,14.300000190734863,60.84299850463867
2014-08-07,1310.800048828125,97.33999633789062,8.0,14.140000343322754,61.189998626708984
2014-08-08,1308.9000244140625,97.6500015258789,8.0,14.619999885559082,61.237998962402344
2014-08-11,1308.5,98.08000183105467,8.0,14.0,61.13800048828125
2014-08-12,1308.800048828125,97.37000274658205,8.0,13.470000267028809,61.119998931884766
2014-08-13,1312.800048828125,97.58999633789062,8.0,13.760000228881836,61.220001220703125
2014-08-14,1313.9000244140625,95.58000183105467,8.0,13.220000267028809,61.02000045776367
2014-08-18,1297.699951171875,96.41000366210938,8.0,13.5,60.77299880981445
2014-08-19,1295.0999755859375,94.4800033569336,8.0,13.90999984741211,60.81999969482422
2014-08-20,1293.4000244140625,96.06999969482422,8.0,13.65999984741211,60.7400016784668
2014-08-21,1273.699951171875,93.95999908447266,8.0,13.729999542236328,60.608001708984375
2014-08-22,1278.5999755859375,93.6500015258789,8.0,13.619999885559082,60.439998626708984
2014-08-25,1277.300048828125,93.3499984741211,8.0,13.789999961853027,60.4630012512207
2014-08-26,1283.800048828125,93.86000061035156,8.0,13.899999618530272,60.5099983215332
2014-08-27,1281.9000244140625,93.87999725341795,8.0,13.0600004196167,60.428001403808594
2014-08-28,1288.699951171875,94.5500030517578,8.0,13.06999969482422,60.448001861572266
2014-09-01,1285.800048828125,95.95999908447266,8.0,13.529999732971191,60.51300048828125
2014-09-02,1263.699951171875,92.87999725341795,8.0,13.449999809265137,60.52299880981445
2014-09-03,1268.9000244140625,95.54000091552734,8.0,13.390000343322754,60.678001403808594
2014-09-04,1265.0999755859375,94.4499969482422,8.0,13.079999923706056,60.38999938964844
2014-09-05,1265.800048828125,93.29000091552734,8.0,12.9399995803833,60.369998931884766
2014-09-08,1252.699951171875,92.66000366210938,8.0,12.789999961853027,60.38800048828125
2014-09-09,1246.800048828125,92.75,8.0,12.760000228881836,60.380001068115234
2014-09-10,1243.5,91.66999816894533,8.0,12.93000030517578,60.790000915527344
2014-09-11,1237.4000244140625,92.83000183105467,8.0,12.520000457763672,60.79999923706055
2014-09-12,1229.9000244140625,92.2699966430664,8.0,12.369999885559082,60.810001373291016
2014-09-15,1233.5999755859375,92.91999816894533,8.0,13.260000228881836,60.64799880981445
2014-09-16,1235.199951171875,94.87999725341795,8.0,13.279999732971191,60.970001220703125
2014-09-17,1234.4000244140625,94.41999816894533,8.0,12.949999809265137,61.053001403808594
2014-09-18,1225.699951171875,93.06999969482422,8.0,12.329999923706056,60.90800094604492
2014-09-19,1215.300048828125,92.41000366210938,8.0,11.890000343322754,60.689998626708984
2014-09-22,1216.800048828125,91.5199966430664,8.0,11.56999969482422,60.85300064086914
2014-09-23,1221.0,91.55999755859376,8.0,12.40999984741211,61.0
2014-09-24,1218.5999755859375,92.8000030517578,8.0,12.539999961853027,60.97999954223633
2014-09-25,1221.199951171875,92.52999877929688,8.0,13.300000190734863,60.810001373291016
2014-09-26,1214.0999755859375,93.54000091552734,8.0,12.93000030517578,61.4900016784668
2014-09-29,1217.5,94.56999969482422,8.0,13.390000343322754,61.13800048828125
2014-09-30,1210.5,91.16000366210938,8.0,13.149999618530272,61.553001403808594
2014-10-01,1214.5999755859375,90.7300033569336,8.0,13.0,61.81999969482422
2014-10-07,1211.699951171875,88.8499984741211,8.0,14.460000038146973,61.209999084472656
2014-10-08,1205.300048828125,87.30999755859375,8.0,14.109999656677246,61.27000045776367
2014-10-09,1224.5999755859375,85.7699966430664,8.0,13.15999984741211,60.880001068115234
2014-10-10,1221.0,85.81999969482422,8.0,14.329999923706056,61.02000045776367
2014-10-13,1229.300048828125,85.73999786376953,8.0,14.5,61.27799987792969
2014-10-14,1233.5999755859375,81.83999633789062,8.0,14.59000015258789,61.00299835205078
2014-10-15,1244.0999755859375,81.77999877929688,8.0,14.59000015258789,61.39300155639648
2014-10-16,1240.5,82.69999694824219,8.0,16.43000030517578,61.37300109863281
2014-10-17,1238.300048828125,82.75,8.0,16.399999618530273,61.722999572753906
2014-10-20,1244.0,82.70999908447266,8.0,14.1899995803833,61.358001708984375
2014-10-21,1251.0,82.80999755859375,8.0,13.329999923706056,61.22800064086914
2014-10-22,1244.800048828125,80.5199966430664,8.0,13.029999732971191,61.14300155639648
2014-10-27,1229.0999755859375,81.0,8.0,13.520000457763672,61.16299819946289
2014-10-28,1229.199951171875,81.41999816894531,8.0,13.31999969482422,61.29800033569336
2014-10-29,1224.300048828125,82.19999694824219,8.0,13.010000228881836,61.180999755859375
2014-10-30,1198.0999755859375,81.12000274658203,8.0,13.270000457763672,61.28300094604492
2014-10-31,1171.0999755859375,80.54000091552734,8.0,13.300000190734863,61.43299865722656
2014-11-03,1169.4000244140625,78.77999877929688,8.0,13.739999771118164,61.39799880981445
2014-11-05,1145.4000244140625,78.68000030517578,8.0,13.760000228881836,61.28799819946289
2014-11-07,1169.5999755859375,78.6500015258789,8.0,14.109999656677246,61.49300003051758
2014-11-10,1159.5999755859375,77.4000015258789,8.0,13.93000030517578,61.51300048828125
2014-11-11,1162.800048828125,77.94000244140625,8.0,14.800000190734863,61.529998779296875
2014-11-12,1158.9000244140625,77.18000030517578,8.0,14.4399995803833,61.4900016784668
2014-11-13,1161.0999755859375,74.20999908447266,8.0,13.800000190734863,61.36800003051758
2014-11-14,1185.0,75.81999969482422,8.0,13.970000267028809,61.59299850463867
2014-11-17,1183.0,75.63999938964844,8.0,14.40999984741211,61.70800018310547
2014-11-18,1196.699951171875,74.61000061035156,8.0,14.06999969482422,61.823001861572266
2014-11-19,1193.5999755859375,74.58000183105469,8.0,14.350000381469728,61.71799850463867
2014-11-20,1190.699951171875,75.58000183105469,8.0,14.170000076293944,61.9379997253418
2014-11-21,1197.5,76.51000213623047,8.0,13.850000381469728,61.92300033569336
2014-11-24,1195.5,75.77999877929688,8.0,13.020000457763672,61.7599983215332
2014-11-25,1197.0999755859375,74.08999633789062,8.0,13.529999732971191,61.85300064086914
2014-11-26,1196.5999755859375,73.69000244140625,8.0,12.989999771118164,61.84000015258789
2014-11-27,1196.5999755859375,73.69000244140625,8.0,12.739999771118164,61.78799819946289
2014-11-28,1175.199951171875,66.1500015258789,8.0,12.899999618530272,61.85300064086914
2014-12-01,1218.0,69.0,8.0,13.199999809265137,62.202999114990234
2014-12-02,1199.199951171875,66.87999725341797,8.0,12.399999618530272,61.948001861572266
2014-12-03,1208.5,67.37999725341797,8.0,12.369999885559082,61.78799819946289
2014-12-04,1207.5,66.80999755859375,8.0,12.449999809265137,61.85599899291992
2014-12-05,1190.0999755859375,65.83999633789062,8.0,11.949999809265137,61.78300094604492
2014-12-08,1194.699951171875,63.04999923706055,8.0,12.210000038146973,61.9109992980957
2014-12-09,1231.5,63.81999969482422,8.0,12.5,61.81800079345703
2014-12-10,1228.9000244140625,60.939998626708984,8.0,12.239999771118164,61.87300109863281
2014-12-11,1225.0999755859375,59.95000076293945,8.0,12.770000457763672,62.00299835205078
2014-12-12,1222.0,57.810001373291016,8.0,13.75,62.472999572753906
2014-12-15,1207.199951171875,55.90999984741211,8.0,14.020000457763672,62.51800155639648
2014-12-16,1193.9000244140625,55.93000030517578,8.0,16.309999465942383,63.167999267578125
2014-12-17,1194.300048828125,56.470001220703125,8.0,16.93000030517578,63.65299987792969
2014-12-18,1194.699951171875,54.11000061035156,8.0,14.600000381469728,63.51800155639648
2014-12-19,1195.9000244140625,56.52000045776367,8.0,14.510000228881836,62.983001708984375
2014-12-22,1179.699951171875,55.2599983215332,8.0,14.210000038146973,63.2400016784668
2014-12-23,1177.9000244140625,57.119998931884766,8.0,15.300000190734863,63.222999572753906
2014-12-24,1173.5,55.84000015258789,8.0,15.06999969482422,63.43299865722656
2014-12-26,1195.300048828125,54.72999954223633,8.0,14.649999618530272,63.51300048828125
2014-12-29,1181.699951171875,53.61000061035156,8.0,14.579999923706056,63.59000015258789
2014-12-30,1200.199951171875,54.119998931884766,8.0,14.859999656677246,63.66299819946289
2014-12-31,1183.9000244140625,53.27000045776367,8.0,15.119999885559082,63.37799835205078
2015-01-01,1183.9000244140625,53.27000045776367,8.0,15.029999732971191,63.02799987792969
2015-01-02,1186.0,52.689998626708984,8.0,13.800000190734863,63.02799987792969
2015-01-05,1203.9000244140625,50.040000915527344,8.0,14.149999618530272,63.27799987792969
2015-01-06,1219.300048828125,47.93000030517578,8.0,17.420000076293945,63.3380012512207
2015-01-07,1210.5999755859375,48.650001525878906,8.0,18.13999938964844,63.56800079345703
2015-01-08,1208.4000244140625,48.790000915527344,8.0,16.469999313354492,63.27299880981445
2015-01-09,1216.0,48.36000061035156,8.0,15.960000038146973,62.667999267578125
2015-01-12,1232.699951171875,46.06999969482422,8.0,16.110000610351562,62.347999572753906
2015-01-13,1234.300048828125,45.88999938964844,8.0,16.479999542236328,62.06800079345703
2015-01-14,1234.4000244140625,48.47999954223633,8.0,17.25,61.972999572753906
2015-01-15,1264.699951171875,46.25,8.0,16.15999984741211,62.0880012512207
2015-01-16,1276.9000244140625,48.689998626708984,8.0,17.270000457763672,62.05799865722656
2015-01-19,1276.9000244140625,48.689998626708984,8.0,17.649999618530273,61.862998962402344
2015-01-20,1294.199951171875,46.38999938964844,8.0,17.270000457763672,61.63800048828125
2015-01-21,1293.699951171875,47.779998779296875,8.0,17.709999084472656,61.64799880981445
2015-01-22,1300.699951171875,46.310001373291016,8.0,18.56999969482422,61.553001403808594
2015-01-23,1292.5999755859375,45.59000015258789,8.0,17.889999389648438,61.597999572753906
2015-01-27,1291.699951171875,46.22999954223633,8.0,18.09000015258789,61.472999572753906
2015-01-28,1285.9000244140625,44.45000076293945,8.0,19.770000457763672,61.40299987792969
2015-01-29,1254.5999755859375,44.529998779296875,8.0,19.43000030517578,61.35100173950195
2015-01-30,1278.5,48.2400016784668,8.0,20.170000076293945,61.79600143432617
2015-02-02,1276.199951171875,49.56999969482422,7.8,20.40999984741211,62.01300048828125
2015-02-03,1259.699951171875,53.04999923706055,7.8,19.809999465942383,61.72800064086914
2015-02-04,1263.800048828125,48.45000076293945,7.8,20.049999237060547,61.61399841308594
2015-02-05,1262.0,50.47999954223633,7.8,20.6200008392334,61.86000061035156
2015-02-06,1233.9000244140625,51.689998626708984,7.8,20.690000534057617,61.733001708984375
2015-02-09,1240.800048828125,52.86000061035156,7.8,22.020000457763672,61.9630012512207
2015-02-10,1231.5999755859375,50.02000045776367,7.8,21.190000534057617,62.130001068115234
2015-02-11,1219.0,48.84000015258789,7.8,20.5,62.34199905395508
2015-02-12,1220.0999755859375,51.209999084472656,7.8,20.15999984741211,62.38199996948242
2015-02-13,1226.5,52.779998779296875,7.8,20.100000381469727,62.16999816894531
2015-02-16,1226.5,52.779998779296875,7.8,20.829999923706055,62.069000244140625
2015-02-18,1199.699951171875,52.13999938964844,7.8,20.90999984741211,62.11199951171875
2015-02-19,1207.0999755859375,51.15999984741211,7.8,20.399999618530273,62.07400131225586
2015-02-20,1204.4000244140625,50.34000015258789,7.8,21.270000457763672,62.165000915527344
2015-02-23,1200.300048828125,49.45000076293945,7.8,21.6299991607666,62.10100173950195
2015-02-24,1196.9000244140625,49.279998779296875,7.8,21.549999237060547,62.17100143432617
2015-02-25,1201.0,50.9900016784668,7.8,20.780000686645508,62.233001708984375
2015-02-26,1209.5999755859375,48.16999816894531,7.8,20.579999923706055,61.87699890136719
2015-02-27,1212.5999755859375,49.7599983215332,7.8,19.56999969482422,61.75400161743164
2015-03-02,1207.699951171875,49.59000015258789,7.8,15.850000381469728,61.6510009765625
2015-03-03,1204.0,50.52000045776367,7.8,15.489999771118164,61.9010009765625
2015-03-04,1200.5999755859375,51.529998779296875,7.8,15.199999809265137,61.8129997253418
2015-03-05,1195.9000244140625,50.7599983215332,7.8,14.4399995803833,62.30500030517578
2015-03-09,1166.4000244140625,50.0,7.8,15.8100004196167,62.452999114990234
2015-03-10,1160.0999755859375,48.290000915527344,7.8,15.529999732971191,62.67300033569336
2015-03-11,1150.699951171875,48.16999816894531,7.8,15.130000114440918,62.7130012512207
2015-03-12,1152.0999755859375,47.04999923706055,7.8,14.75,62.755001068115234
2015-03-13,1152.5999755859375,44.84000015258789,7.8,14.970000267028809,62.53499984741211
2015-03-16,1153.300048828125,43.880001068115234,7.8,15.18000030517578,63.07600021362305
2015-03-17,1148.300048828125,43.459999084472656,7.8,15.130000114440918,62.78900146484375
2015-03-18,1151.4000244140625,44.65999984741211,7.8,15.510000228881836,62.61600112915039
2015-03-19,1169.0999755859375,43.959999084472656,7.8,15.199999809265137,62.69300079345703
2015-03-20,1184.800048828125,45.720001220703125,7.8,14.260000228881836,62.483001708984375
2015-03-23,1188.0,47.45000076293945,7.8,14.270000457763672,62.40299987792969
2015-03-24,1191.699951171875,47.5099983215332,7.8,13.670000076293944,62.222999572753906
2015-03-25,1197.300048828125,49.209999084472656,7.8,13.140000343322754,62.27799987792969
2015-03-26,1205.0999755859375,51.43000030517578,7.8,15.15999984741211,62.46200180053711
2015-03-27,1199.800048828125,48.869998931884766,7.8,14.5,62.82899856567383
2015-03-30,1184.800048828125,48.68000030517578,7.8,14.260000228881836,62.51499938964844
2015-03-31,1183.0999755859375,47.599998474121094,7.8,14.489999771118164,62.50899887084961
2015-04-01,1208.0999755859375,50.09000015258789,7.5,13.670000076293944,62.305999755859375
2015-04-06,1218.5999755859375,52.13999938964844,7.5,14.56999969482422,62.060001373291016
2015-04-07,1210.5999755859375,53.97999954223633,7.5,14.25,62.060001373291016
2015-04-08,1203.0999755859375,50.41999816894531,7.5,14.350000381469728,62.30899810791016
2015-04-09,1193.5999755859375,50.790000915527344,7.5,14.420000076293944,62.18199920654297
2015-04-10,1204.5999755859375,51.63999938964844,7.5,14.260000228881836,62.31399917602539
2015-04-13,1199.300048828125,51.90999984741211,7.5,14.489999771118164,62.26900100708008
2015-04-15,1201.5,56.38999938964844,7.5,14.619999885559082,62.31399917602539
2015-04-16,1198.0,56.709999084472656,7.5,14.949999809265137,62.38999938964844
2015-04-17,1202.9000244140625,55.7400016784668,7.5,15.039999961853027,62.32600021362305
2015-04-20,1193.5,56.380001068115234,7.5,16.299999237060547,62.542999267578125
2015-04-21,1202.9000244140625,55.2599983215332,7.5,17.030000686645508,63.14500045776367
2015-04-22,1186.9000244140625,56.15999984741211,7.5,17.209999084472656,62.87799835205078
2015-04-23,1194.4000244140625,57.7400016784668,7.5,18.5,62.935001373291016
2015-04-24,1175.199951171875,57.150001525878906,7.5,19.11000061035156,63.2869987487793
2015-04-27,1203.300048828125,56.9900016784668,7.5,18.739999771118164,63.654998779296875
2015-04-28,1214.0,57.060001373291016,7.5,17.40999984741211,63.13999938964844
2015-04-29,1209.800048828125,58.58000183105469,7.5,17.239999771118164,63.03300094604492
2015-04-30,1182.4000244140625,59.630001068115234,7.5,17.229999542236328,63.44200134277344
2015-05-04,1186.800048828125,58.93000030517578,7.5,17.309999465942383,63.52299880981445
2015-05-05,1193.199951171875,60.400001525878906,7.5,17.360000610351562,63.59299850463867
2015-05-06,1190.300048828125,60.93000030517578,7.5,19.670000076293945,63.34400177001953
2015-05-07,1182.4000244140625,58.939998626708984,7.5,19.649999618530273,63.65999984741211
2015-05-08,1189.0999755859375,59.38999938964844,7.5,19.11000061035156,64.08200073242188
2015-05-11,1183.199951171875,59.25,7.5,18.6299991607666,63.70399856567383
2015-05-12,1192.5999755859375,60.75,7.5,20.549999237060547,64.0199966430664
2015-05-13,1218.4000244140625,60.5,7.5,20.690000534057617,64.21099853515625
2015-05-14,1225.4000244140625,59.880001068115234,7.5,20.700000762939453,64.04399871826172
2015-05-15,1225.5,59.689998626708984,7.5,19.81999969482422,63.40800094604492
2015-05-18,1227.800048828125,59.43000030517578,7.5,17.899999618530273,63.43299865722656
2015-05-19,1206.9000244140625,57.2599983215332,7.5,18.270000457763672,63.729000091552734
2015-05-20,1208.9000244140625,58.97999954223633,7.5,17.719999313354492,63.78499984741211
2015-05-21,1204.4000244140625,60.720001220703125,7.5,17.40999984741211,63.625
2015-05-22,1204.300048828125,59.720001220703125,7.5,16.950000762939453,63.625999450683594
2015-05-25,1204.300048828125,59.720001220703125,7.5,16.93000030517578,63.483001708984375
2015-05-26,1187.199951171875,58.029998779296875,7.5,17.06999969482422,63.57099914550781
2015-05-27,1185.9000244140625,57.5099983215332,7.5,17.280000686645508,63.97600173950195
2015-05-28,1188.0999755859375,57.68000030517578,7.5,17.1299991607666,63.874000549316406
2015-05-29,1189.4000244140625,60.29999923706055,7.5,16.65999984741211,63.82500076293945
2015-06-01,1188.300048828125,60.20000076293945,7.5,16.90999984741211,63.73600006103515
2015-06-02,1194.0999755859375,61.2599983215332,7.5,16.81999969482422,63.61000061035156
2015-06-03,1184.699951171875,59.63999938964844,7.5,17.510000228881836,63.6619987487793
2015-06-04,1174.9000244140625,58.0,7.5,18.1200008392334,64.05899810791016
2015-06-05,1167.800048828125,59.130001068115234,7.5,18.09000015258789,64.0009994506836
2015-06-08,1173.199951171875,58.13999938964844,7.5,18.88999938964844,63.762001037597656
2015-06-09,1177.300048828125,60.13999938964844,7.5,18.010000228881836,63.97600173950195
2015-06-10,1186.0999755859375,61.43000030517578,7.5,17.079999923706055,64.03800201416016
2015-06-11,1179.9000244140625,60.77000045776367,7.5,17.809999465942383,63.79899978637695
2015-06-12,1178.800048828125,59.959999084472656,7.5,17.479999542236328,63.999000549316406
2015-06-15,1185.300048828125,59.52000045776367,7.5,17.520000457763672,64.09200286865234
2015-06-16,1180.5,59.970001220703125,7.5,17.170000076293945,64.052001953125
2015-06-17,1176.4000244140625,59.91999816894531,7.5,16.729999542236328,64.18199920654297
2015-06-18,1201.5,60.45000076293945,7.5,16.020000457763672,64.00299835205078
2015-06-19,1201.5,59.61000061035156,7.5,15.09000015258789,63.64500045776367
2015-06-22,1183.699951171875,59.68000030517578,7.5,15.489999771118164,63.492000579833984
2015-06-23,1176.199951171875,61.0099983215332,7.5,15.039999961853027,63.50699996948242
2015-06-24,1172.5999755859375,60.27000045776367,7.5,15.920000076293944,63.599998474121094
2015-06-25,1171.5,59.70000076293945,7.5,15.93000030517578,63.5620002746582
2015-06-26,1172.9000244140625,59.630001068115234,7.5,15.760000228881836,63.51100158691406
2015-06-29,1178.5,58.33000183105469,7.5,17.299999237060547,63.444000244140625
2015-06-30,1171.5,59.470001220703125,7.5,16.93000030517578,63.7239990234375
2015-07-01,1169.0,56.959999084472656,7.3,15.850000381469728,63.59000015258789
2015-07-02,1163.0,56.93000030517578,7.3,15.5600004196167,63.57400131225586
2015-07-03,1163.0,56.93000030517578,7.3,16.309999465942383,63.369998931884766
2015-07-06,1172.9000244140625,52.529998779296875,7.3,16.020000457763672,63.40399932861328
2015-07-07,1152.4000244140625,52.33000183105469,7.3,16.309999465942383,63.3650016784668
2015-07-08,1163.300048828125,51.650001525878906,7.3,17.790000915527344,63.51800155639648
2015-07-09,1159.0,52.779998779296875,7.3,17.440000534057617,63.5620002746582
2015-07-10,1157.699951171875,52.7400016784668,7.3,17.06999969482422,63.36399841308594
2015-07-13,1155.199951171875,52.20000076293945,7.3,16.270000457763672,63.35200119018555
2015-07-14,1153.300048828125,53.040000915527344,7.3,16.010000228881836,63.51399993896485
2015-07-15,1147.199951171875,51.40999984741211,7.3,15.56999969482422,63.32400131225586
2015-07-16,1143.800048828125,50.90999984741211,7.3,14.779999732971191,63.52399826049805
2015-07-17,1131.800048828125,50.88999938964844,7.3,14.800000190734863,63.48199844360352
2015-07-20,1106.699951171875,50.150001525878906,7.3,14.960000038146973,63.48400115966797
2015-07-21,1103.4000244140625,50.36000061035156,7.3,15.100000381469728,63.625
2015-07-22,1091.4000244140625,49.189998626708984,7.3,15.130000114440918,63.58300018310547
2015-07-23,1094.0,48.45000076293945,7.3,15.520000457763672,63.66400146484375
2015-07-24,1085.5999755859375,48.13999938964844,7.3,15.460000038146973,63.847999572753906
2015-07-27,1096.5,47.38999938964844,7.3,16.3700008392334,64.0999984741211
2015-07-28,1096.300048828125,47.97999954223633,7.3,15.920000076293944,64.21700286865234
2015-07-29,1092.699951171875,48.790000915527344,7.3,15.880000114440918,63.8390007019043
2015-07-30,1088.4000244140625,48.52000045776367,7.3,15.329999923706056,63.882999420166016
2015-07-31,1094.9000244140625,47.119998931884766,7.3,14.56999969482422,64.11799621582031
2015-08-03,1089.4000244140625,45.16999816894531,7.3,15.390000343322754,63.97999954223633
2015-08-04,1090.699951171875,45.7400016784668,7.3,14.829999923706056,64.1240005493164
2015-08-05,1085.699951171875,45.150001525878906,7.3,14.670000076293944,63.819000244140625
2015-08-06,1090.199951171875,44.65999984741211,7.3,14.729999542236328,63.69599914550781
2015-08-07,1094.0999755859375,43.869998931884766,7.3,14.90999984741211,63.733001708984375
2015-08-10,1104.199951171875,44.959999084472656,7.3,15.470000267028809,63.733001708984375
2015-08-11,1107.5999755859375,43.08000183105469,7.3,15.890000343322754,63.8380012512207
2015-08-12,1123.199951171875,43.29999923706055,7.3,17.450000762939453,64.32599639892578
2015-08-13,1115.699951171875,42.22999954223633,7.3,17.020000457763672,64.79900360107422
2015-08-14,1112.9000244140625,42.5,7.3,16.020000457763672,65.26899719238281
2015-08-17,1118.5999755859375,41.869998931884766,7.3,16.459999084472656,65.12200164794922
2015-08-18,1117.0999755859375,42.619998931884766,7.3,16.360000610351562,65.44300079345703
2015-08-19,1128.0999755859375,40.79999923706055,7.3,16.68000030517578,65.44599914550781
2015-08-20,1153.0,41.13999938964844,7.3,16.979999542236328,65.05400085449219
2015-08-21,1159.5999755859375,40.45000076293945,7.3,17.110000610351562,65.46099853515625
2015-08-24,1153.4000244140625,38.2400016784668,7.3,28.1299991607666,66.0260009765625
2015-08-25,1138.199951171875,39.310001373291016,7.3,26.850000381469727,66.80699920654297
2015-08-26,1124.5999755859375,38.599998474121094,7.3,25.520000457763672,66.28299713134766
2015-08-27,1122.4000244140625,42.560001373291016,7.3,22.040000915527344,66.05599975585938
2015-08-28,1133.0999755859375,45.220001220703125,7.3,23.329999923706055,66.05500030517578
2015-08-31,1131.5999755859375,49.20000076293945,7.3,24.600000381469727,66.14299774169922
2015-09-01,1138.699951171875,45.40999984741211,7.3,28.719999313354492,66.3499984741211
2015-09-02,1132.5,46.25,7.3,26.649999618530273,66.4229965209961
2015-09-03,1123.699951171875,46.75,7.3,24.1200008392334,66.22599792480469
2015-09-04,1120.5999755859375,46.04999923706055,7.3,26.420000076293945,66.16000366210938
2015-09-07,1120.5999755859375,46.04999923706055,7.3,26.350000381469727,66.6780014038086
2015-09-08,1120.4000244140625,45.939998626708984,7.3,24.56999969482422,66.8030014038086
2015-09-09,1102.199951171875,44.150001525878906,7.3,24.299999237060547,66.40599822998047
2015-09-10,1109.5,45.91999816894531,7.3,24.75,66.59700012207031
2015-09-11,1103.5,44.630001068115234,7.3,24.979999542236328,66.31900024414062
2015-09-14,1107.699951171875,44.0,7.3,24.31999969482422,66.23400115966797
2015-09-15,1102.800048828125,44.59000015258789,7.3,23.739999771118164,66.31500244140625
2015-09-16,1119.199951171875,47.150001525878906,7.3,22.0,66.43000030517578
2015-09-18,1138.0999755859375,44.68000030517578,7.3,18.290000915527344,66.12200164794922
2015-09-21,1133.0999755859375,46.68000030517578,7.3,18.18000030517578,65.86100006103516
2015-09-22,1125.0,45.83000183105469,7.3,20.350000381469727,65.73899841308594
2015-09-23,1131.5999755859375,44.47999954223633,7.3,20.690000534057617,65.875
2015-09-24,1153.800048828125,44.90999984741211,7.3,20.8799991607666,66.16200256347656
2015-09-28,1132.0,44.43000030517578,7.3,21.670000076293945,66.16300201416016
2015-09-29,1127.0999755859375,45.22999954223633,7.3,21.56999969482422,66.26000213623047
2015-09-30,1115.5,45.09000015258789,7.3,19.6299991607666,65.91999816894531
2015-10-01,1114.199951171875,44.7400016784668,6.8,19.239999771118164,65.5270004272461
2015-10-05,1138.0999755859375,46.2599983215332,6.8,19.1299991607666,65.35700225830078
2015-10-06,1146.800048828125,48.529998779296875,6.8,19.309999465942383,65.12300109863281
2015-10-07,1149.0,47.810001373291016,6.8,19.34000015258789,65.18399810791016
2015-10-08,1144.699951171875,49.43000030517578,6.8,19.559999465942383,64.93900299072266
2015-10-09,1156.300048828125,49.630001068115234,6.8,18.93000030517578,64.99500274658203
2015-10-12,1164.9000244140625,47.099998474121094,6.8,19.1200008392334,64.77200317382812
2015-10-13,1165.800048828125,46.65999984741211,6.8,18.020000457763672,64.78199768066406
2015-10-14,1180.0999755859375,46.63999938964844,6.8,17.719999313354492,65.08499908447266
2015-10-15,1187.9000244140625,46.380001068115234,6.8,17.170000076293945,64.8489990234375
2015-10-16,1183.5999755859375,47.2599983215332,6.8,16.270000457763672,64.78399658203125
2015-10-19,1173.300048828125,45.88999938964844,6.8,16.8799991607666,64.69499969482422
2015-10-20,1178.0,45.54999923706055,6.8,17.0,64.95099639892578
2015-10-21,1167.5999755859375,45.20000076293945,6.8,16.6200008392334,64.99400329589844
2015-10-23,1163.300048828125,44.599998474121094,6.8,16.190000534057617,65.05000305175781
2015-10-26,1167.0,43.97999954223633,6.8,17.229999542236328,64.88500213623047
2015-10-27,1166.800048828125,43.20000076293945,6.8,16.540000915527344,64.9010009765625
2015-10-28,1177.0999755859375,45.939998626708984,6.8,17.040000915527344,65.06700134277344
2015-10-29,1147.199951171875,46.060001373291016,6.8,17.579999923706055,64.94599914550781
2015-10-30,1141.5,46.59000015258789,6.8,17.8799991607666,65.44400024414062
2015-11-02,1135.800048828125,46.13999938964844,6.8,19.479999542236328,65.41500091552734
2015-11-03,1114.199951171875,47.900001525878906,6.8,19.559999465942383,65.54100036621094
2015-11-04,1106.5,46.31999969482422,6.8,19.36000061035156,65.53099822998047
2015-11-05,1104.4000244140625,45.20000076293945,6.8,19.290000915527344,65.58499908447266
2015-11-06,1087.5999755859375,44.290000915527344,6.8,19.469999313354492,65.86000061035156
2015-11-09,1087.9000244140625,43.869998931884766,6.8,17.040000915527344,66.13300323486328
2015-11-10,1088.199951171875,44.209999084472656,6.8,16.829999923706055,66.46800231933594
2015-11-13,1080.800048828125,40.7400016784668,6.8,17.649999618530273,66.0479965209961
2015-11-16,1083.699951171875,41.7400016784668,6.8,17.8799991607666,66.0510025024414
2015-11-17,1068.699951171875,40.66999816894531,6.8,16.969999313354492,65.89700317382812
2015-11-18,1068.800048828125,40.75,6.8,17.420000076293945,66.03700256347656
2015-11-19,1078.0,40.540000915527344,6.8,15.84000015258789,66.07499694824219
2015-11-20,1076.4000244140625,40.38999938964844,6.8,15.899999618530272,66.08499908447266
2015-11-23,1066.800048828125,41.75,6.8,17.079999923706055,66.05000305175781
2015-11-24,1074.300048828125,42.869998931884766,6.8,16.25,66.37100219726562
2015-11-26,1070.5,43.040000915527344,6.8,16.690000534057617,66.38200378417969
2015-11-27,1056.199951171875,41.709999084472656,6.8,16.729999542236328,66.55799865722656
2015-11-30,1065.800048828125,41.650001525878906,6.8,16.43000030517578,66.9000015258789
2015-12-01,1063.800048828125,41.849998474121094,6.8,15.640000343322754,66.50800323486328
2015-12-02,1054.199951171875,39.939998626708984,6.8,15.489999771118164,66.46099853515625
2015-12-03,1061.699951171875,41.08000183105469,6.8,16.059999465942383,66.55699920654297
2015-12-04,1084.5,39.970001220703125,6.8,16.09000015258789,66.8030014038086
2015-12-07,1076.4000244140625,37.650001525878906,6.8,15.869999885559082,66.63600158691406
2015-12-08,1076.300048828125,37.5099983215332,6.8,15.970000267028809,66.76799774169922
2015-12-09,1077.5999755859375,37.15999984741211,6.8,16.729999542236328,66.83300018310547
2015-12-10,1073.0999755859375,36.7599983215332,6.8,16.290000915527344,66.88999938964844
2015-12-11,1076.9000244140625,35.619998931884766,6.8,17.18000030517578,66.78600311279297
2015-12-14,1064.699951171875,36.310001373291016,6.8,17.799999237060547,67.14099884033203
2015-12-15,1062.9000244140625,37.349998474121094,6.8,17.34000015258789,67.07099914550781
2015-12-16,1078.0,35.52000045776367,6.8,16.729999542236328,66.90299987792969
2015-12-17,1050.800048828125,34.95000076293945,6.8,14.220000267028809,66.4280014038086
2015-12-18,1066.199951171875,34.72999954223633,6.8,14.489999771118164,66.45899963378906
2015-12-21,1081.9000244140625,34.7400016784668,6.8,14.229999542236328,66.24800109863281
2015-12-22,1074.800048828125,36.13999938964844,6.8,14.479999542236328,66.26899719238281
2015-12-23,1069.4000244140625,37.5,6.8,13.649999618530272,66.24299621582031
2015-12-24,1077.199951171875,38.099998474121094,6.8,13.75,66.15399932861328
2015-12-28,1070.5,36.810001373291016,6.8,14.399999618530272,65.94000244140625
2015-12-29,1077.5,37.869998931884766,6.8,14.239999771118164,66.13400268554688
2015-12-30,1060.0999755859375,36.599998474121094,6.8,14.350000381469728,66.26000213623047
2015-12-31,1060.300048828125,37.040000915527344,6.8,13.869999885559082,66.45500183105469
2016-01-01,1060.300048828125,37.040000915527344,6.8,14.260000228881836,66.19300079345703
2016-01-04,1075.0999755859375,36.7599983215332,6.8,16.84000015258789,66.19300079345703
2016-01-05,1078.4000244140625,35.970001220703125,6.8,16.700000762939453,66.60099792480469
2016-01-06,1091.9000244140625,33.970001220703125,6.8,16.549999237060547,66.52400207519531
2016-01-07,1107.699951171875,33.27000045776367,6.8,18.959999084472656,66.7239990234375
2016-01-08,1097.800048828125,33.15999984741211,6.8,17.799999237060547,66.9209976196289
2016-01-11,1096.5,31.40999984741211,6.8,18.690000534057617,66.83999633789062
2016-01-12,1085.5999755859375,30.440000534057617,6.8,18.709999084472656,66.79299926757812
2016-01-13,1087.5,30.479999542236328,6.8,18.350000381469727,66.91999816894531
2016-01-14,1073.9000244140625,31.200000762939453,6.8,18.61000061035156,66.93599700927734
2016-01-15,1091.5,29.420000076293945,6.8,19.420000076293945,67.30400085449219
2016-01-18,1091.5,29.420000076293945,6.8,20.229999542236328,67.76699829101562
2016-01-19,1089.9000244140625,28.459999084472656,6.8,18.43000030517578,67.71099853515625
2016-01-20,1107.0999755859375,26.549999237060547,6.8,20.969999313354492,67.76699829101562
2016-01-21,1099.0999755859375,29.530000686645508,6.8,20.809999465942383,67.9489974975586
2016-01-22,1097.199951171875,32.189998626708984,6.8,18.81999969482422,67.80799865722656
2016-01-25,1106.199951171875,30.34000015258789,6.8,18.270000457763672,67.54100036621094
2016-01-27,1116.0999755859375,32.29999923706055,6.8,19.059999465942383,67.7699966430664
2016-01-28,1115.5999755859375,33.220001220703125,6.8,17.899999618530273,68.19599914550781
2016-01-29,1116.4000244140625,33.619998931884766,6.8,17.239999771118164,68.09300231933594
2016-02-01,1127.9000244140625,31.6200008392334,6.8,17.889999389648438,67.87000274658203
2016-02-02,1127.300048828125,29.8799991607666,6.8,18.040000915527344,67.88200378417969
2016-02-03,1141.300048828125,32.279998779296875,6.8,18.59000015258789,67.98600006103516
2016-02-04,1157.5999755859375,31.719999313354492,6.8,18.209999084472656,67.927001953125
2016-02-05,1157.800048828125,30.88999938964844,6.8,18.11000061035156,67.56400299072266
2016-02-08,1197.9000244140625,29.690000534057617,6.8,20.260000228881836,67.802001953125
2016-02-09,1198.699951171875,27.940000534057617,6.8,21.729999542236328,68.07599639892578
2016-02-10,1194.699951171875,27.450000762939453,6.8,22.469999313354492,67.9280014038086
2016-02-11,1247.9000244140625,26.209999084472656,6.8,25.969999313354492,67.89299774169922
2016-02-12,1239.0999755859375,29.440000534057617,6.8,24.670000076293945,68.4739990234375
2016-02-15,1239.0999755859375,29.440000534057617,6.8,22.3799991607666,68.11100006103516
2016-02-16,1207.9000244140625,29.040000915527344,6.8,23.040000915527344,68.13700103759766
2016-02-17,1211.0999755859375,30.65999984741211,6.8,21.829999923706055,68.50599670410156
2016-02-18,1226.0999755859375,30.770000457763672,6.8,21.489999771118164,68.35600280761719
2016-02-19,1230.4000244140625,29.63999938964844,6.8,20.920000076293945,68.56600189208984
2016-02-22,1209.5,31.479999542236328,6.8,21.020000457763672,68.53800201416016
2016-02-23,1222.300048828125,31.8700008392334,6.8,23.84000015258789,68.5739974975586
2016-02-24,1238.699951171875,32.150001525878906,6.8,22.959999084472656,68.60299682617188
2016-02-25,1238.199951171875,33.06999969482422,6.8,22.75,68.3759994506836
2016-02-26,1219.800048828125,32.779998779296875,6.8,21.8700008392334,68.7969970703125
2016-02-29,1233.9000244140625,33.75,6.8,20.15999984741211,68.7300033569336
2016-03-01,1230.300048828125,34.400001525878906,6.8,18.670000076293945,68.21800231933594
2016-03-02,1241.0999755859375,34.65999984741211,6.8,18.989999771118164,67.74600219726562
2016-03-03,1257.4000244140625,34.56999969482422,6.8,18.040000915527344,67.38800048828125
2016-03-04,1269.9000244140625,35.91999816894531,6.8,17.8799991607666,67.14299774169922
2016-03-08,1262.0999755859375,36.5,6.8,18.469999313354492,67.0459976196289
2016-03-09,1256.5999755859375,38.290000915527344,6.8,17.510000228881836,67.35700225830078
2016-03-10,1272.0,37.84000015258789,6.8,17.899999618530273,67.1449966430664
2016-03-11,1258.699951171875,38.5,6.8,17.100000381469727,67.30899810791016
2016-03-14,1244.4000244140625,37.18000030517578,6.8,17.100000381469727,66.91300201416016
2016-03-15,1230.4000244140625,36.34000015258789,6.8,17.600000381469727,67.17400360107422
2016-03-16,1229.300048828125,38.459999084472656,6.8,17.110000610351562,67.35900115966797
2016-03-17,1264.5,40.20000076293945,6.8,16.84000015258789,66.83000183105469
2016-03-18,1253.800048828125,39.439998626708984,6.8,16.3799991607666,66.61199951171875
2016-03-21,1243.800048828125,39.90999984741211,6.8,16.329999923706055,66.3759994506836
2016-03-22,1248.199951171875,41.45000076293945,6.8,16.43000030517578,66.5199966430664
2016-03-23,1223.699951171875,39.790000915527344,6.8,16.350000381469727,66.76399993896484
2016-03-28,1219.9000244140625,39.38999938964844,6.8,17.489999771118164,66.90699768066406
2016-03-29,1235.5999755859375,38.279998779296875,6.8,17.639999389648438,66.90699768066406
2016-03-30,1226.9000244140625,38.31999969482422,6.8,16.809999465942383,66.36799621582031
2016-03-31,1234.199951171875,38.34000015258789,6.8,16.579999923706055,66.36799621582031
2016-04-01,1222.199951171875,36.790000915527344,6.8,17.280000686645508,66.24800109863281
2016-04-04,1218.0,35.70000076293945,6.8,17.450000762939453,66.35800170898438
2016-04-05,1228.4000244140625,35.88999938964844,6.8,17.829999923706055,66.13300323486328
2016-04-06,1222.5,37.75,6.8,17.350000381469727,66.46800231933594
2016-04-07,1236.199951171875,37.2599983215332,6.8,16.93000030517578,66.53299713134766
2016-04-08,1242.5,39.720001220703125,6.8,16.43000030517578,66.77899932861328
2016-04-11,1256.699951171875,40.36000061035156,6.8,16.010000228881836,66.54399871826172
2016-04-12,1259.4000244140625,42.16999816894531,6.8,16.020000457763672,66.29000091552734
2016-04-13,1246.800048828125,41.7599983215332,6.8,16.040000915527344,66.31500244140625
2016-04-18,1233.5999755859375,39.779998779296875,6.8,16.950000762939453,66.65299987792969
2016-04-20,1253.199951171875,42.630001068115234,6.8,17.079999923706055,66.22200012207031
2016-04-21,1249.0,43.18000030517578,6.8,16.510000228881836,66.2040023803711
2016-04-22,1228.699951171875,43.72999954223633,6.8,16.3799991607666,66.51200103759766
2016-04-25,1238.9000244140625,42.63999938964844,6.8,16.56999969482422,66.65299987792969
2016-04-26,1242.199951171875,44.040000915527344,6.8,16.579999923706055,66.70500183105469
2016-04-27,1249.199951171875,45.33000183105469,6.8,16.350000381469727,66.45700073242188
2016-04-28,1265.5,46.029998779296875,6.8,16.600000381469727,66.3550033569336
2016-04-29,1289.199951171875,45.91999816894531,6.8,16.540000915527344,66.43800354003906
2016-05-02,1294.699951171875,44.779998779296875,6.5,17.09000015258789,66.41799926757812
2016-05-03,1290.699951171875,43.650001525878906,6.5,17.459999084472656,66.37100219726562
2016-05-04,1273.300048828125,43.779998779296875,6.5,17.450000762939453,66.59200286865234
2016-05-05,1271.4000244140625,44.31999969482422,6.5,17.170000076293945,66.62000274658203
2016-05-06,1292.9000244140625,44.65999984741211,6.5,16.950000762939453,66.60199737548828
2016-05-09,1265.5999755859375,43.439998626708984,6.5,16.610000610351562,66.59400177001953
2016-05-10,1263.9000244140625,44.65999984741211,6.5,16.420000076293945,66.72100067138672
2016-05-11,1274.5999755859375,46.22999954223633,6.5,16.959999084472656,66.66600036621094
2016-05-12,1270.300048828125,46.70000076293945,6.5,16.329999923706055,66.59100341796875
2016-05-13,1271.9000244140625,46.209999084472656,6.5,17.0,66.7509994506836
2016-05-16,1273.4000244140625,47.720001220703125,6.5,17.030000686645508,66.9000015258789
2016-05-17,1276.199951171875,48.310001373291016,6.5,16.3700008392334,66.875
2016-05-18,1273.699951171875,48.189998626708984,6.5,16.450000762939453,66.86799621582031
2016-05-19,1254.199951171875,48.15999984741211,6.5,17.059999465942383,67.16000366210938
2016-05-20,1252.4000244140625,47.75,6.5,16.43000030517578,67.47699737548828
2016-05-23,1251.0999755859375,48.08000183105469,6.5,16.15999984741211,67.4229965209961
2016-05-24,1228.9000244140625,48.619998931884766,6.5,16.219999313354492,67.447998046875
2016-05-25,1223.5,49.560001373291016,6.5,15.520000457763672,67.6510009765625
2016-05-26,1220.0999755859375,49.47999954223633,6.5,15.329999923706056,67.30400085449219
2016-05-27,1213.800048828125,49.33000183105469,6.5,15.260000228881836,66.9540023803711
2016-05-30,1213.800048828125,49.33000183105469,6.5,15.979999542236328,67.02400207519531
2016-05-31,1214.800048828125,49.099998474121094,6.5,16.049999237060547,67.13300323486328
2016-06-01,1211.9000244140625,49.0099983215332,6.5,15.84000015258789,67.23100280761719
2016-06-02,1209.800048828125,49.16999816894531,6.5,15.09000015258789,67.4260025024414
2016-06-03,1240.0999755859375,48.619998931884766,6.5,15.0,67.29199981689453
2016-06-06,1244.5999755859375,49.689998626708984,6.5,15.359999656677246,66.99199676513672
2016-06-07,1244.4000244140625,50.36000061035156,6.5,14.869999885559082,66.8010025024414
2016-06-08,1259.800048828125,51.22999954223633,6.5,15.140000343322754,66.76300048828125
2016-06-09,1270.199951171875,50.560001373291016,6.5,15.670000076293944,66.51000213623047
2016-06-10,1273.4000244140625,49.06999969482422,6.5,15.970000267028809,66.74099731445312
2016-06-13,1284.4000244140625,48.880001068115234,6.5,16.579999923706055,66.94499969482422
2016-06-14,1285.5999755859375,48.4900016784668,6.5,17.190000534057617,67.15399932861328
2016-06-15,1285.800048828125,48.0099983215332,6.5,17.059999465942383,67.2979965209961
2016-06-16,1296.0999755859375,46.209999084472656,6.5,17.700000762939453,67.072998046875
2016-06-17,1292.5,47.97999954223633,6.5,17.350000381469727,67.30699920654297
2016-06-20,1290.0,49.369998931884766,6.5,17.520000457763672,67.06600189208984
2016-06-21,1270.5,48.849998474121094,6.5,17.260000228881836,67.12999725341797
2016-06-22,1268.0,49.130001068115234,6.5,18.18000030517578,67.60600280761719
2016-06-23,1261.199951171875,50.11000061035156,6.5,18.020000457763672,67.4219970703125
2016-06-24,1320.0,47.63999938964844,6.5,18.6299991607666,67.24199676513672
2016-06-27,1322.5,46.33000183105469,6.5,18.530000686645508,67.87699890136719
2016-06-28,1315.300048828125,47.849998474121094,6.5,17.729999542236328,67.9209976196289
2016-06-29,1323.9000244140625,49.880001068115234,6.5,16.15999984741211,67.70500183105469
2016-06-30,1318.4000244140625,48.33000183105469,6.5,16.290000915527344,67.41600036621094
2016-07-01,1336.699951171875,48.9900016784668,6.5,15.739999771118164,67.5009994506836
2016-07-04,1336.699951171875,48.9900016784668,6.5,15.579999923706056,67.18199920654297
2016-07-05,1356.4000244140625,46.599998474121094,6.5,15.359999656677246,67.23699951171875
2016-07-07,1360.0999755859375,45.13999938964844,6.5,15.3100004196167,67.4010009765625
2016-07-08,1356.5999755859375,45.40999984741211,6.5,15.079999923706056,67.49700164794922
2016-07-11,1355.0,44.7599983215332,6.5,14.850000381469728,67.13200378417969
2016-07-12,1334.0999755859375,46.79999923706055,6.5,14.779999732971191,67.1449966430664
2016-07-13,1342.4000244140625,44.75,6.5,15.329999923706056,66.87000274658203
2016-07-14,1331.300048828125,45.68000030517578,6.5,15.609999656677246,67.00599670410156
2016-07-15,1326.5,45.95000076293945,6.5,15.640000343322754,66.83799743652344
2016-07-18,1328.4000244140625,45.2400016784668,6.5,15.989999771118164,67.13300323486328
2016-07-19,1331.5,44.650001525878906,6.5,15.800000190734863,67.13899993896484
2016-07-20,1318.800048828125,44.939998626708984,6.5,15.989999771118164,67.20600128173828
2016-07-21,1330.5,44.75,6.5,15.710000038146973,67.16400146484375
2016-07-22,1323.0999755859375,44.189998626708984,6.5,15.5,67.15399932861328
2016-07-25,1319.300048828125,43.130001068115234,6.5,15.720000267028809,67.14600372314453
2016-07-26,1320.699951171875,42.91999816894531,6.5,15.619999885559082,67.40499877929688
2016-07-27,1326.5999755859375,41.91999816894531,6.5,15.43000030517578,67.28399658203125
2016-07-28,1332.300048828125,41.13999938964844,6.5,15.149999618530272,67.06300354003906
2016-07-29,1349.0,41.599998474121094,6.5,14.920000076293944,67.00700378417969
2016-08-01,1351.4000244140625,40.060001373291016,6.5,15.18000030517578,66.64800262451172
2016-08-02,1364.4000244140625,39.5099983215332,6.5,15.6899995803833,66.7509994506836
2016-08-03,1356.0999755859375,40.83000183105469,6.5,16.239999771118164,66.6760025024414
2016-08-04,1358.800048828125,41.93000030517578,6.5,15.140000343322754,66.76000213623047
2016-08-05,1336.4000244140625,41.79999923706055,6.5,14.350000381469728,66.84100341796875
2016-08-08,1333.4000244140625,43.02000045776367,6.5,14.59000015258789,66.83499908447266
2016-08-09,1339.0,42.77000045776367,6.5,14.539999961853027,66.79399871826172
2016-08-10,1344.300048828125,41.709999084472656,6.5,14.920000076293944,66.78299713134766
2016-08-11,1342.5,43.4900016784668,6.5,14.210000038146973,66.75800323486328
2016-08-12,1335.800048828125,44.4900016784668,6.5,13.770000457763672,66.73999786376953
2016-08-16,1350.5,46.58000183105469,6.5,14.18000030517578,66.86489868164062
2016-08-17,1342.699951171875,46.790000915527344,6.5,14.779999732971191,66.85769653320312
2016-08-18,1351.199951171875,48.220001220703125,6.5,14.550000190734863,66.90550231933594
2016-08-19,1340.4000244140625,48.52000045776367,6.5,14.539999961853027,66.81999969482422
2016-08-22,1337.699951171875,47.04999923706055,6.5,14.239999771118164,67.12750244140625
2016-08-23,1340.5999755859375,48.099998474121094,6.5,13.899999618530272,67.1874008178711
2016-08-24,1324.4000244140625,46.77000045776367,6.5,13.489999771118164,67.12999725341797
2016-08-25,1320.0999755859375,47.33000183105469,6.5,13.289999961853027,67.16000366210938
2016-08-26,1321.5,47.63999938964844,6.5,13.56999969482422,67.00559997558594
2016-08-29,1322.9000244140625,46.97999954223633,6.5,13.170000076293944,67.12899780273438
2016-08-30,1311.699951171875,46.349998474121094,6.5,13.020000457763672,67.08999633789062
2016-08-31,1306.9000244140625,44.70000076293945,6.5,13.239999771118164,67.12660217285156
2016-09-01,1312.199951171875,43.15999984741211,6.5,13.34000015258789,66.97470092773438
2016-09-02,1322.0999755859375,44.439998626708984,6.5,12.9399995803833,66.79299926757812
2016-09-06,1349.4000244140625,44.83000183105469,6.5,12.75,66.45999908447266
2016-09-07,1344.300048828125,45.5,6.5,13.149999618530272,66.25520324707031
2016-09-08,1336.800048828125,47.619998931884766,6.5,13.119999885559082,66.47160339355469
2016-09-09,1330.0999755859375,45.880001068115234,6.5,13.229999542236328,66.44999694824219
2016-09-12,1321.0,46.290000915527344,6.5,15.239999771118164,66.77799987792969
2016-09-14,1321.5,43.58000183105469,6.5,14.760000228881836,66.99500274658203
2016-09-15,1313.5,43.90999984741211,6.5,14.68000030517578,66.75810241699219
2016-09-16,1305.800048828125,43.029998779296875,6.5,14.579999923706056,66.85030364990234
2016-09-19,1313.5,43.29999923706055,6.5,14.9399995803833,67.06529998779297
2016-09-20,1313.699951171875,43.439998626708984,6.5,14.779999732971191,66.9552001953125
2016-09-21,1326.9000244140625,45.34000015258789,6.5,14.8100004196167,66.9749984741211
2016-09-22,1340.4000244140625,46.31999969482422,6.5,13.34000015258789,66.76119995117188
2016-09-23,1337.199951171875,44.47999954223633,6.5,13.25,66.62259674072266
2016-09-26,1339.699951171875,45.93000030517578,6.5,14.56999969482422,66.69650268554688
2016-09-27,1325.9000244140625,44.66999816894531,6.5,14.25,66.60649871826172
2016-09-28,1319.4000244140625,47.04999923706055,6.5,13.850000381469728,66.44129943847656
2016-09-29,1321.699951171875,47.83000183105469,6.5,18.450000762939453,66.33280181884766
2016-09-30,1313.300048828125,48.2400016784668,6.5,17.18000030517578,66.81629943847656
2016-10-03,1309.0,48.810001373291016,6.5,15.619999885559082,66.54650115966797
2016-10-04,1266.300048828125,48.689998626708984,6.5,14.989999771118164,66.38030242919922
2016-10-05,1265.199951171875,49.83000183105469,6.5,14.93000030517578,66.5780029296875
2016-10-06,1249.800048828125,50.439998626708984,6.5,14.84000015258789,66.56320190429688
2016-10-07,1248.9000244140625,49.810001373291016,6.5,14.489999771118164,66.68710327148438
2016-10-10,1248.9000244140625,49.810001373291016,6.5,14.289999961853027,66.59120178222656
2016-10-13,1255.0,50.439998626708984,6.5,15.43000030517578,66.81809997558594
2016-10-14,1253.0999755859375,50.349998474121094,6.5,14.890000343322754,66.78399658203125
2016-10-17,1254.4000244140625,49.939998626708984,6.5,15.65999984741211,66.7052993774414
2016-10-18,1260.800048828125,50.290000915527344,6.5,14.539999961853027,66.78359985351562
2016-10-19,1267.9000244140625,51.599998474121094,6.5,14.609999656677246,66.73799896240234
2016-10-20,1265.5999755859375,50.43000030517578,6.5,14.170000076293944,66.63639831542969
2016-10-21,1265.9000244140625,50.849998474121094,6.5,13.829999923706056,66.84130096435547
2016-10-24,1262.0,50.52000045776367,6.5,14.329999923706056,66.91120147705078
2016-10-25,1271.9000244140625,49.959999084472656,6.5,14.479999542236328,66.83399963378906
2016-10-26,1264.800048828125,49.18000030517578,6.5,14.449999809265137,66.78130340576172
2016-10-27,1267.9000244140625,49.720001220703125,6.5,14.09000015258789,66.86399841308594
2016-10-28,1275.5,48.70000076293945,6.5,14.649999618530272,66.90299987792969
2016-11-01,1286.4000244140625,46.66999816894531,6.3,15.739999771118164,66.66549682617188
2016-11-02,1306.800048828125,45.34000015258789,6.3,16.799999237060547,66.67849731445312
2016-11-03,1302.0999755859375,44.65999984741211,6.3,16.469999313354492,66.77749633789062
2016-11-04,1303.300048828125,44.06999969482422,6.3,16.850000381469727,66.68450164794922
2016-11-07,1278.300048828125,44.88999938964844,6.3,16.510000228881836,66.7853012084961
2016-11-08,1273.4000244140625,44.97999954223633,6.3,16.770000457763672,66.73500061035156
2016-11-09,1272.5999755859375,45.27000045776367,6.3,16.6200008392334,66.22949981689453
2016-11-10,1265.5,44.65999984741211,6.3,15.460000038146973,66.50749969482422
2016-11-11,1265.5,44.65999984741211,6.3,17.360000610351562,67.2145004272461
2016-11-15,1224.0,45.810001373291016,6.3,20.149999618530273,67.77549743652344
2016-11-16,1223.4000244140625,45.56999969482422,6.3,19.5,67.74800109863281
2016-11-17,1216.5,45.41999816894531,6.3,18.709999084472656,67.98149871826172
2016-11-18,1208.5,45.689998626708984,6.3,17.809999465942383,67.97480010986328
2016-11-21,1209.5999755859375,47.4900016784668,6.3,19.100000381469727,68.16999816894531
2016-11-22,1211.0,48.029998779296875,6.3,18.469999313354492,68.21549987792969
2016-11-23,1189.0999755859375,47.959999084472656,6.3,18.040000915527344,68.385498046875
2016-11-24,1189.0999755859375,47.959999084472656,6.3,17.15999984741211,68.79850006103516
2016-11-25,1178.199951171875,46.060001373291016,6.3,17.610000610351562,68.74549865722656
2016-11-28,1190.5999755859375,47.08000183105469,6.3,18.059999465942383,68.50849914550781
2016-11-29,1187.9000244140625,45.22999954223633,6.3,17.709999084472656,68.55549621582031
2016-11-30,1170.800048828125,49.439998626708984,6.3,16.850000381469727,68.60800170898438
2016-12-01,1166.9000244140625,51.060001373291016,6.3,16.690000534057617,68.58799743652344
2016-12-02,1175.0999755859375,51.68000030517578,6.3,17.93000030517578,68.21649932861328
2016-12-05,1174.0,51.790000915527344,6.3,17.290000915527344,68.0114974975586
2016-12-06,1167.5999755859375,50.93000030517578,6.3,17.110000610351562,68.01249694824219
2016-12-07,1175.0,49.77000045776367,6.3,16.850000381469727,67.72200012207031
2016-12-08,1169.800048828125,50.84000015258789,6.3,15.529999732971191,67.43150329589844
2016-12-09,1159.4000244140625,51.5,6.3,15.06999969482422,67.40599822998047
2016-12-12,1163.5,52.83000183105469,6.3,16.190000534057617,67.46050262451172
2016-12-13,1156.699951171875,52.97999954223633,6.3,15.920000076293944,67.41799926757812
2016-12-14,1161.300048828125,51.040000915527344,6.3,16.59000015258789,67.3864974975586
2016-12-15,1127.800048828125,50.900001525878906,6.3,15.65999984741211,67.81999969482422
2016-12-16,1135.300048828125,51.900001525878906,6.3,15.25,67.84500122070312
2016-12-19,1140.5,52.119998931884766,6.3,14.84000015258789,67.83499908447266
2016-12-20,1131.5,52.22999954223633,6.3,14.539999961853027,67.84020233154297
2016-12-21,1131.0999755859375,52.4900016784668,6.3,14.710000038146973,67.89700317382812
2016-12-22,1128.800048828125,52.95000076293945,6.3,15.550000190734863,67.82550048828125
2016-12-23,1131.9000244140625,53.02000045776367,6.3,15.130000114440918,67.83799743652344
2016-12-26,1131.9000244140625,53.02000045776367,6.3,16.600000381469727,67.83080291748047
2016-12-27,1137.300048828125,53.900001525878906,6.3,15.079999923706056,67.77200317382812
2016-12-28,1139.4000244140625,54.060001373291016,6.3,15.539999961853027,67.96800231933594
2016-12-29,1156.4000244140625,53.77000045776367,6.3,15.279999732971191,68.20500183105469
2016-12-30,1150.0,53.720001220703125,6.3,15.470000267028809,67.93299865722656
2017-01-02,1150.0,53.720001220703125,6.3,15.829999923706056,67.9448013305664
2017-01-03,1160.4000244140625,52.33000183105469,6.3,15.960000038146973,68.13390350341797
2017-01-04,1163.800048828125,53.2599983215332,6.3,15.890000343322754,68.2697982788086
2017-01-05,1179.699951171875,53.7599983215332,6.3,15.050000190734863,67.885498046875
2017-01-06,1171.9000244140625,53.9900016784668,6.3,14.90999984741211,67.73300170898438
2017-01-09,1183.5,51.959999084472656,6.3,15.479999542236328,68.1426010131836
2017-01-10,1184.199951171875,50.81999969482422,6.3,15.199999809265137,68.09700012207031
2017-01-11,1195.5999755859375,52.25,6.3,14.8100004196167,68.31800079345703
2017-01-12,1198.9000244140625,53.0099983215332,6.3,14.609999656677246,68.13999938964844
2017-01-13,1195.300048828125,52.369998931884766,6.3,14.380000114440918,68.12950134277344
2017-01-16,1195.300048828125,52.369998931884766,6.3,15.06999969482422,68.15779876708984
2017-01-17,1212.0,52.47999954223633,6.3,15.390000343322754,68.09459686279297
2017-01-18,1211.300048828125,51.08000183105469,6.3,15.18000030517578,67.89949798583984
2017-01-19,1200.9000244140625,51.369998931884766,6.3,15.020000457763672,68.197998046875
2017-01-20,1204.300048828125,52.41999816894531,6.3,15.789999961853027,68.09030151367188
2017-01-23,1215.0,52.75,6.3,15.90999984741211,68.07720184326172
2017-01-24,1210.300048828125,53.18000030517578,6.3,15.289999961853027,68.05139923095703
2017-01-25,1197.300048828125,52.75,6.3,15.170000076293944,68.16449737548828
2017-01-27,1188.0999755859375,53.16999816894531,6.3,16.010000228881836,68.14900207519531
2017-01-30,1193.199951171875,52.630001068115234,6.3,16.670000076293945,68.11000061035156
2017-01-31,1208.5999755859375,52.810001373291016,6.3,16.829999923706055,67.82099914550781
2017-02-01,1205.5999755859375,53.880001068115234,6.3,13.970000267028809,67.50160217285156
2017-02-02,1216.699951171875,53.540000915527344,6.3,13.520000457763672,67.39540100097656
2017-02-03,1218.5,53.83000183105469,6.3,13.130000114440918,67.2656021118164
2017-02-06,1230.0,53.0099983215332,6.3,13.399999618530272,67.15730285644531
2017-02-07,1234.199951171875,52.16999816894531,6.3,13.510000228881836,67.19529724121094
2017-02-08,1237.5999755859375,52.34000015258789,6.3,13.350000381469728,67.34049987792969
2017-02-09,1235.0999755859375,53.0,6.3,13.239999771118164,66.96430206298828
2017-02-10,1234.4000244140625,53.86000061035156,6.3,13.18000030517578,66.74530029296875
2017-02-13,1224.4000244140625,52.93000030517578,6.3,13.6899995803833,66.84369659423828
2017-02-14,1223.9000244140625,53.20000076293945,6.3,13.800000190734863,66.91539764404297
2017-02-15,1231.699951171875,53.11000061035156,6.3,14.210000038146973,66.7759017944336
2017-02-16,1240.0,53.36000061035156,6.3,13.729999542236328,66.8655014038086
2017-02-17,1237.5999755859375,53.400001525878906,6.3,13.43000030517578,67.16480255126953
2017-02-20,1237.5999755859375,53.400001525878906,6.3,13.609999656677246,67.06520080566406
2017-02-21,1237.5,54.060001373291016,6.3,13.529999732971191,66.96499633789062
2017-02-22,1232.0,53.59000015258789,6.3,13.699999809265137,66.96510314941406
2017-02-23,1250.199951171875,54.45000076293945,6.3,13.399999618530272,66.91429901123047
2017-02-27,1257.4000244140625,54.04999923706055,6.3,13.68000030517578,66.63500213623047
2017-02-28,1252.5999755859375,54.0099983215332,6.3,13.789999961853027,66.69319915771484
2017-03-01,1248.9000244140625,53.83000183105469,6.3,13.579999923706056,66.7051010131836
2017-03-02,1231.9000244140625,52.61000061035156,6.3,13.359999656677246,66.85800170898438
2017-03-03,1225.5,53.33000183105469,6.3,13.350000381469728,66.84510040283203
2017-03-06,1224.5,53.20000076293945,6.3,13.640000343322754,66.77300262451172
2017-03-07,1215.0999755859375,53.13999938964844,6.3,13.880000114440918,66.66470336914062
2017-03-08,1208.5,50.279998779296875,6.3,14.079999923706056,66.61620330810547
2017-03-09,1202.4000244140625,49.279998779296875,6.3,14.390000343322754,66.76499938964844
2017-03-10,1200.699951171875,48.4900016784668,6.3,13.960000038146973,66.68049621582031
2017-03-14,1201.9000244140625,47.720001220703125,6.3,12.399999618530272,66.17009735107422
2017-03-15,1200.0999755859375,48.86000061035156,6.3,12.420000076293944,65.77510070800781
2017-03-16,1226.5,48.75,6.3,11.90999984741211,65.62049865722656
2017-03-17,1229.800048828125,48.779998779296875,6.3,11.850000381469728,65.40450286865234
2017-03-20,1233.5999755859375,48.220001220703125,6.3,12.020000457763672,65.46810150146484
2017-03-21,1246.0999755859375,47.34000015258789,6.3,11.9399995803833,65.33529663085938
2017-03-22,1249.300048828125,48.040000915527344,6.3,12.270000457763672,65.49500274658203
2017-03-23,1246.9000244140625,47.70000076293945,6.3,11.84000015258789,65.36499786376953
2017-03-24,1248.199951171875,47.970001220703125,6.3,11.979999542236328,65.44439697265625
2017-03-27,1255.4000244140625,47.72999954223633,6.3,12.4399995803833,65.39309692382812
2017-03-28,1255.300048828125,48.369998931884766,6.3,12.119999885559082,65.04499816894531
2017-03-29,1253.4000244140625,49.5099983215332,6.3,12.09000015258789,65.11000061035156
2017-03-30,1245.0,50.349998474121094,6.3,12.149999618530272,64.77999877929688
2017-03-31,1247.300048828125,50.599998474121094,6.3,12.420000076293944,64.79000091552734
2017-04-03,1250.800048828125,50.2400016784668,6.3,11.489999771118164,64.79669952392578
2017-04-05,1245.4000244140625,51.150001525878906,6.3,11.550000190734863,65.05000305175781
2017-04-06,1250.300048828125,51.70000076293945,6.3,11.289999961853027,65.04000091552734
2017-04-07,1254.300048828125,52.2400016784668,6.3,11.6899995803833,64.58000183105469
2017-04-10,1251.0999755859375,53.08000183105469,6.3,11.619999885559082,64.26000213623047
2017-04-11,1271.199951171875,53.400001525878906,6.3,11.399999618530272,64.57499694824219
2017-04-12,1275.300048828125,53.11000061035156,6.3,11.630000114440918,64.62999725341797
2017-04-13,1285.9000244140625,53.18000030517578,6.3,11.579999923706056,64.5
2017-04-17,1289.4000244140625,52.650001525878906,6.3,11.890000343322754,64.45369720458984
2017-04-18,1291.699951171875,52.40999984741211,6.3,12.380000114440918,64.4083023071289
2017-04-19,1281.4000244140625,50.439998626708984,6.3,12.220000267028809,64.56999969482422
2017-04-20,1281.9000244140625,50.27000045776367,6.3,11.5600004196167,64.64669799804688
2017-04-21,1287.4000244140625,49.619998931884766,6.3,11.420000076293944,64.66000366210938
2017-04-24,1275.800048828125,49.22999954223633,6.3,11.630000114440918,64.63999938964844
2017-04-25,1265.5999755859375,49.560001373291016,6.3,11.15999984741211,64.38999938964844
2017-04-26,1262.0999755859375,49.619998931884766,6.3,11.739999771118164,64.3499984741211
2017-04-27,1263.699951171875,48.970001220703125,6.3,11.06999969482422,64.0199966430664
2017-04-28,1266.0999755859375,49.33000183105469,6.3,10.859999656677246,64.05999755859375
2017-05-02,1255.0999755859375,47.65999984741211,6.3,11.449999809265137,64.18000030517578
2017-05-03,1246.4000244140625,47.81999969482422,6.3,11.529999732971191,64.06999969482422
2017-05-04,1226.5,45.52000045776367,6.3,11.329999923706056,64.20999908447266
2017-05-05,1224.800048828125,46.220001220703125,6.3,11.989999771118164,64.16999816894531
2017-05-08,1225.300048828125,46.43000030517578,6.3,11.670000076293944,64.30799865722656
2017-05-09,1214.300048828125,45.880001068115234,6.3,11.109999656677246,64.41179656982422
2017-05-10,1217.300048828125,47.33000183105469,6.3,10.949999809265137,64.63999938964844
2017-05-11,1222.699951171875,47.83000183105469,6.3,10.84000015258789,64.55000305175781
2017-05-12,1226.199951171875,47.84000015258789,6.3,10.630000114440918,64.36000061035156
2017-05-15,1228.5999755859375,48.849998474121094,6.3,10.68000030517578,64.16549682617188
2017-05-16,1235.0,48.65999984741211,6.3,10.5600004196167,64.03829956054688
2017-05-17,1257.5,49.06999969482422,6.3,10.640000343322754,63.900001525878906
2017-05-18,1251.699951171875,49.349998474121094,6.3,11.789999961853027,64.2300033569336
2017-05-19,1252.699951171875,50.33000183105469,6.3,11.300000190734863,64.87110137939453
2017-05-22,1260.699951171875,50.72999954223633,6.3,11.199999809265137,64.44850158691406
2017-05-23,1254.800048828125,51.470001220703125,6.3,12.199999809265137,64.50019836425781
2017-05-24,1252.4000244140625,51.36000061035156,6.3,11.829999923706056,64.88520050048828
2017-05-25,1255.800048828125,48.900001525878906,6.3,10.449999809265137,64.76010131835938
2017-05-26,1267.5999755859375,49.79999923706055,6.3,10.859999656677246,64.54540252685547
2017-05-29,1267.5999755859375,49.79999923706055,6.3,11.789999961853027,64.51319885253906
2017-05-30,1262.0999755859375,49.65999984741211,6.3,11.770000457763672,64.50859832763672
2017-05-31,1272.0,48.31999969482422,6.3,11.760000228881836,64.61859893798828
2017-06-01,1267.0,48.36000061035156,6.3,11.3100004196167,64.5000991821289
2017-06-02,1276.800048828125,47.65999984741211,6.3,10.8100004196167,64.37229919433594
2017-06-05,1279.300048828125,47.400001525878906,6.3,11.020000457763672,64.40499877929688
2017-06-06,1294.4000244140625,48.189998626708984,6.3,11.130000114440918,64.34400177001953
2017-06-07,1290.0999755859375,45.720001220703125,6.3,10.890000343322754,64.42050170898438
2017-06-08,1276.300048828125,45.63999938964844,6.3,11.06999969482422,64.41829681396484
2017-06-09,1268.5,45.83000183105469,6.3,10.859999656677246,64.243896484375
2017-06-12,1266.0999755859375,46.08000183105469,6.3,11.420000076293944,64.37699890136719
2017-06-13,1265.800048828125,46.459999084472656,6.3,11.34000015258789,64.46910095214844
2017-06-14,1272.800048828125,44.72999954223633,6.3,11.18000030517578,64.35749816894531
2017-06-15,1252.199951171875,44.459999084472656,6.3,11.329999923706056,64.16580200195312
2017-06-16,1254.0,44.7400016784668,6.3,10.920000076293944,64.55999755859375
2017-06-19,1244.199951171875,44.20000076293945,6.3,10.630000114440918,64.3949966430664
2017-06-20,1241.0,43.22999954223633,6.3,10.65999984741211,64.48760223388672
2017-06-21,1243.4000244140625,42.529998779296875,6.3,10.920000076293944,64.53050231933594
2017-06-22,1247.5999755859375,42.7400016784668,6.3,11.210000038146973,64.5416030883789
2017-06-23,1256.199951171875,43.0099983215332,6.3,11.5600004196167,64.59100341796875
2017-06-27,1246.4000244140625,44.2400016784668,6.3,12.510000228881836,64.42130279541016
2017-06-28,1248.0,44.7400016784668,6.3,11.989999771118164,64.5248031616211
2017-06-29,1244.199951171875,44.93000030517578,6.3,11.380000114440918,64.51190185546875
2017-06-30,1240.699951171875,46.040000915527344,6.3,11.729999542236328,64.78510284423828
2017-07-03,1217.9000244140625,47.06999969482422,6.3,11.199999809265137,64.60679626464844
2017-07-04,1217.9000244140625,47.06999969482422,6.3,11.279999732971191,64.84269714355469
2017-07-05,1220.4000244140625,45.130001068115234,6.3,11.149999618530272,64.7688980102539
2017-07-06,1222.199951171875,45.52000045776367,6.3,10.979999542236328,64.79139709472656
2017-07-07,1208.5999755859375,44.22999954223633,6.3,10.869999885559082,64.71330261230469
2017-07-10,1212.0999755859375,44.400001525878906,6.3,10.90999984741211,64.61170196533203
2017-07-11,1213.5999755859375,45.040000915527344,6.3,10.890000343322754,64.61170196533203
2017-07-12,1218.0999755859375,45.4900016784668,6.3,11.050000190734863,64.52559661865234
2017-07-13,1216.300048828125,46.08000183105469,6.3,11.25,64.36499786376953
2017-07-14,1226.5999755859375,46.540000915527344,6.3,11.170000076293944,64.42579650878906
2017-07-17,1232.800048828125,46.02000045776367,6.3,11.460000038146973,64.26730346679688
2017-07-18,1241.0999755859375,46.400001525878906,6.3,11.489999771118164,64.33000183105469
2017-07-19,1241.199951171875,47.119998931884766,6.3,11.260000228881836,64.3062973022461
2017-07-20,1244.800048828125,46.790000915527344,6.3,11.31999969482422,64.26329803466797
2017-07-21,1254.300048828125,45.77000045776367,6.3,11.09000015258789,64.32499694824219
2017-07-24,1253.9000244140625,46.34000015258789,6.3,11.3100004196167,64.46109771728516
2017-07-25,1251.699951171875,47.88999938964844,6.3,10.90999984741211,64.36509704589844
2017-07-26,1249.0,48.75,6.3,11.170000076293944,64.4469985961914
2017-07-27,1259.5999755859375,49.040000915527344,6.3,11.220000267028809,64.3447036743164
2017-07-28,1268.4000244140625,49.709999084472656,6.3,11.140000343322754,64.18499755859375
2017-07-31,1266.5999755859375,50.16999816894531,6.3,11.899999618530272,64.12349700927734
2017-08-01,1272.5999755859375,49.15999984741211,6.3,11.90999984741211,64.18949890136719
2017-08-02,1271.800048828125,49.59000015258789,6.3,11.9399995803833,64.05580139160156
2017-08-03,1267.800048828125,49.029998779296875,6.3,11.640000343322754,63.64059829711914
2017-08-04,1258.300048828125,49.58000183105469,6.3,11.390000343322754,63.696998596191406
2017-08-07,1258.199951171875,49.38999938964844,6.3,11.899999618530272,63.66510009765625
2017-08-08,1256.4000244140625,49.16999816894531,6.3,12.770000457763672,63.830101013183594
2017-08-09,1273.0,49.560001373291016,6.3,13.449999809265137,63.70289993286133
2017-08-10,1283.699951171875,48.59000015258789,6.3,13.800000190734863,63.887699127197266
2017-08-11,1287.699951171875,48.81999969482422,6.3,15.199999809265137,64.13860321044922
2017-08-14,1284.199951171875,47.59000015258789,6.3,14.380000114440918,64.08100128173828
2017-08-16,1276.9000244140625,46.779998779296875,6.3,14.239999771118164,64.26300048828125
2017-08-17,1286.4000244140625,47.09000015258789,6.3,14.34000015258789,64.1604995727539
2017-08-18,1285.699951171875,48.5099983215332,6.3,14.56999969482422,64.18890380859375
2017-08-21,1290.800048828125,47.369998931884766,6.3,14.81999969482422,64.07589721679688
2017-08-22,1285.0999755859375,47.63999938964844,6.3,14.109999656677246,64.15750122070312
2017-08-23,1288.9000244140625,48.40999984741211,6.3,13.18000030517578,64.05750274658203
2017-08-24,1286.5,47.43000030517578,6.3,12.56999969482422,64.00499725341797
2017-08-28,1309.699951171875,46.56999969482422,6.3,12.640000343322754,63.99549865722656
2017-08-29,1313.0999755859375,46.439998626708984,6.3,13.539999961853027,63.78929901123047
2017-08-30,1308.0999755859375,45.959999084472656,6.3,12.890000343322754,63.98680114746094
2017-08-31,1316.199951171875,47.22999954223633,6.3,11.949999809265137,63.976200103759766
2017-09-01,1324.5,47.290000915527344,6.0,11.68000030517578,63.91189956665039
2017-09-04,1324.5,47.290000915527344,6.0,13.170000076293944,64.0155029296875
2017-09-05,1339.199951171875,48.65999984741211,6.0,12.890000343322754,64.02629852294922
2017-09-06,1333.9000244140625,49.15999984741211,6.0,13.119999885559082,64.0999984741211
2017-09-07,1345.0999755859375,49.09000015258789,6.0,13.010000228881836,64.0154037475586
2017-09-08,1346.0,47.47999954223633,6.0,12.960000038146973,63.95009994506836
2017-09-11,1331.0,48.06999969482422,6.0,12.359999656677246,63.930999755859375
2017-09-12,1328.0,48.22999954223633,6.0,11.760000228881836,63.97999954223633
2017-09-13,1323.4000244140625,49.29999923706055,6.0,11.760000228881836,63.98759841918945
2017-09-14,1324.699951171875,49.88999938964844,6.0,11.470000267028809,64.11509704589844
2017-09-15,1320.4000244140625,49.88999938964844,6.0,11.68000030517578,64.15499877929688
2017-09-18,1306.300048828125,49.90999984741211,6.0,11.4399995803833,64.12020111083984
2017-09-19,1306.199951171875,49.47999954223633,6.0,11.470000267028809,64.2146987915039
2017-09-20,1312.0,50.40999984741211,6.0,11.630000114440918,64.29869842529297
2017-09-21,1290.5999755859375,50.54999923706055,6.0,11.630000114440918,64.28369903564453
2017-09-22,1293.300048828125,50.65999984741211,6.0,12.8100004196167,64.80229949951172
2017-09-25,1306.800048828125,52.220001220703125,6.0,13.34000015258789,64.89099884033203
2017-09-26,1297.0,51.880001068115234,6.0,12.93000030517578,65.26509857177734
2017-09-27,1283.4000244140625,52.13999938964844,6.0,13.859999656677246,65.3499984741211
2017-09-28,1285.5,51.560001373291016,6.0,13.170000076293944,65.5250015258789
2017-09-29,1281.5,51.66999816894531,6.0,12.489999771118164,65.36000061035156
2017-10-03,1271.5,50.41999816894531,6.0,12.460000038146973,65.57170104980469
2017-10-04,1273.699951171875,49.97999954223633,6.0,11.800000190734863,65.44309997558594
2017-10-05,1269.9000244140625,50.790000915527344,6.0,11.710000038146973,65.01950073242188
2017-10-06,1271.5999755859375,49.290000915527344,6.0,11.119999885559082,65.20999908447266
2017-10-09,1281.800048828125,49.58000183105469,6.0,11.390000343322754,65.41419982910156
2017-10-10,1290.5999755859375,50.91999816894531,6.0,11.109999656677246,65.41459655761719
2017-10-11,1285.800048828125,51.29999923706055,6.0,11.729999542236328,65.23889923095703
2017-10-12,1293.300048828125,50.599998474121094,6.0,11.039999961853027,65.20539855957031
2017-10-13,1301.5,51.45000076293945,6.0,11.260000228881836,65.0459976196289
2017-10-16,1299.9000244140625,51.869998931884766,6.0,11.3100004196167,64.6729965209961
2017-10-17,1283.0,51.880001068115234,6.0,11.609999656677246,64.6946029663086
2017-10-18,1279.9000244140625,52.040000915527344,6.0,11.539999961853027,64.92870330810547
2017-10-19,1286.9000244140625,51.290000915527344,6.0,12.399999618530272,65.04010009765625
2017-10-23,1277.699951171875,51.900001525878906,6.0,12.329999923706056,65.1041030883789
2017-10-24,1275.0,52.470001220703125,6.0,11.59000015258789,65.03489685058594
2017-10-25,1275.4000244140625,52.18000030517578,6.0,11.760000228881836,65.07949829101562
2017-10-26,1266.300048828125,52.63999938964844,6.0,11.619999885559082,64.83999633789062
2017-10-27,1268.5,53.900001525878906,6.0,11.479999542236328,64.5999984741211
2017-10-30,1274.0999755859375,54.150001525878906,6.0,12.109999656677246,64.87339782714844
2017-10-31,1267.0,54.380001068115234,6.0,12.4399995803833,64.84239959716797
2017-11-01,1274.0999755859375,54.29999923706055,6.0,12.140000343322754,64.67009735107422
2017-11-02,1274.9000244140625,54.540000915527344,6.0,12.010000228881836,64.55509948730469
2017-11-03,1266.5,55.63999938964844,6.0,11.90999984741211,64.50050354003906
2017-11-06,1279.4000244140625,57.349998474121094,6.0,13.020000457763672,64.69339752197266
2017-11-07,1273.699951171875,57.20000076293945,6.0,13.239999771118164,64.59089660644531
2017-11-08,1281.5999755859375,56.810001373291016,6.0,13.609999656677246,65.16449737548828
2017-11-09,1285.5999755859375,57.16999816894531,6.0,13.270000457763672,64.9104995727539
2017-11-10,1272.4000244140625,56.7400016784668,6.0,13.479999542236328,64.96800231933594
2017-11-13,1277.300048828125,56.7599983215332,6.0,14.050000190734863,65.1603012084961
2017-11-14,1281.5,55.70000076293945,6.0,14.170000076293944,65.43840026855469
2017-11-15,1276.5,55.33000183105469,6.0,14.270000457763672,65.41339874267578
2017-11-16,1277.4000244140625,55.13999938964844,6.0,13.460000038146973,65.41339874267578
2017-11-17,1295.800048828125,56.54999923706055,6.0,13.710000038146973,65.20999908447266
2017-11-20,1274.5999755859375,56.09000015258789,6.0,13.43000030517578,64.90499877929688
2017-11-21,1281.0999755859375,56.83000183105469,6.0,13.720000267028809,65.0250015258789
2017-11-22,1291.5999755859375,58.02000045776367,6.0,14.039999961853027,64.76129913330078
2017-11-23,1291.5999755859375,58.02000045776367,6.0,13.869999885559082,64.7699966430664
2017-11-24,1286.699951171875,58.95000076293945,6.0,13.510000228881836,64.57939910888672
2017-11-27,1293.800048828125,58.11000061035156,6.0,13.029999732971191,64.54499816894531
2017-11-28,1294.699951171875,57.9900016784668,6.0,13.149999618530272,64.43389892578125
2017-11-29,1282.0999755859375,57.29999923706055,6.0,13.0600004196167,64.47000122070312
2017-11-30,1273.199951171875,57.400001525878906,6.0,13.550000190734863,64.41480255126953
2017-12-01,1278.800048828125,58.36000061035156,6.0,14.800000190734863,64.49939727783203
2017-12-04,1274.300048828125,57.470001220703125,6.0,14.859999656677246,64.50900268554688
2017-12-05,1261.5999755859375,57.619998931884766,6.0,15.010000228881836,64.35140228271484
2017-12-06,1262.800048828125,55.959999084472656,6.0,15.09000015258789,64.35690307617188
2017-12-07,1249.800048828125,56.689998626708984,6.0,14.270000457763672,64.51519775390625
2017-12-08,1245.199951171875,57.36000061035156,6.0,13.670000076293944,64.54239654541016
2017-12-11,1243.699951171875,57.9900016784668,6.0,14.149999618530272,64.4729995727539
2017-12-12,1238.5,57.13999938964844,6.0,15.260000228881836,64.3499984741211
2017-12-13,1245.4000244140625,56.599998474121094,6.0,15.949999809265137,64.55000305175781
2017-12-14,1253.800048828125,57.040000915527344,6.0,16.40999984741211,64.31999969482422
2017-12-15,1254.300048828125,57.29999923706055,6.0,14.9399995803833,64.2750015258789
2017-12-18,1262.199951171875,57.15999984741211,6.0,13.119999885559082,64.07230377197266
2017-12-19,1260.699951171875,57.459999084472656,6.0,12.1899995803833,64.20010375976562
2017-12-20,1266.0999755859375,58.09000015258789,6.0,12.1899995803833,64.04759979248047
2017-12-21,1267.300048828125,58.36000061035156,6.0,12.09000015258789,63.96500015258789
2017-12-22,1275.4000244140625,58.470001220703125,6.0,11.59000015258789,64.00969696044922
2017-12-26,1284.0999755859375,59.970001220703125,6.0,12.050000190734863,64.010498046875
2017-12-27,1287.0,59.63999938964844,6.0,12.489999771118164,64.0281982421875
2017-12-28,1294.0999755859375,59.84000015258789,6.0,12.300000190734863,64.11499786376953
2017-12-29,1306.300048828125,60.41999816894531,6.0,12.670000076293944,64.06199645996094
2018-01-01,1306.300048828125,60.41999816894531,6.0,13.350000381469728,63.84080123901367
2018-01-02,1313.699951171875,60.369998931884766,6.0,13.6899995803833,63.86759948730469
2018-01-03,1316.199951171875,61.630001068115234,6.0,13.619999885559082,63.459999084472656
2018-01-04,1319.4000244140625,62.0099983215332,6.0,13.420000076293944,63.41910171508789
2018-01-05,1320.300048828125,61.439998626708984,6.0,13.109999656677246,63.369598388671875
2018-01-08,1318.5999755859375,61.72999954223633,6.0,13.739999771118164,63.26499938964844
2018-01-09,1311.699951171875,62.959999084472656,6.0,13.850000381469728,63.45199966430664
2018-01-10,1317.4000244140625,63.56999969482422,6.0,14.039999961853027,63.63610076904297
2018-01-11,1320.5999755859375,63.79999923706055,6.0,14.010000228881836,63.7599983215332
2018-01-12,1333.4000244140625,64.30000305175781,6.0,13.729999542236328,63.67210006713867
2018-01-15,1333.4000244140625,64.30000305175781,6.0,14.3100004196167,63.5885009765625
2018-01-16,1335.4000244140625,63.72999954223633,6.0,14.09000015258789,63.52119827270508
2018-01-17,1338.0,63.970001220703125,6.0,13.859999656677246,63.99430084228515
2018-01-18,1326.0,63.95000076293945,6.0,13.960000038146973,63.82500076293945
2018-01-19,1331.9000244140625,63.369998931884766,6.0,13.979999542236328,63.86759948730469
2018-01-22,1330.9000244140625,63.4900016784668,6.0,15.390000343322754,63.83209991455078
2018-01-23,1335.699951171875,64.47000122070312,6.0,16.229999542236328,63.88010025024414
2018-01-24,1355.9000244140625,65.61000061035156,6.0,18.040000915527344,63.7504997253418
2018-01-25,1362.4000244140625,65.51000213623047,6.0,17.510000228881836,63.57789993286133
2018-01-29,1351.5999755859375,65.55999755859375,6.0,17.889999389648438,63.56999969482422
2018-01-30,1335.4000244140625,64.5,6.0,16.420000076293945,63.66939926147461
2018-01-31,1339.0,64.7300033569336,6.0,15.93000030517578,63.769901275634766
2018-02-01,1344.300048828125,65.80000305175781,6.0,14.109999656677246,63.665000915527344
2018-02-02,1333.699951171875,65.44999694824219,6.0,15.25,63.974998474121094
2018-02-05,1333.0,64.1500015258789,6.0,16.049999237060547,64.13249969482422
2018-02-06,1326.0999755859375,63.38999938964844,6.0,20.020000457763672,64.314697265625
2018-02-07,1311.5999755859375,61.790000915527344,6.0,19.469999313354492,63.97999954223633
2018-02-08,1316.9000244140625,61.150001525878906,6.0,17.770000457763672,64.19999694824219
2018-02-09,1313.0999755859375,59.20000076293945,6.0,19.229999542236328,64.44049835205078
2018-02-12,1324.199951171875,59.290000915527344,6.0,17.8799991607666,64.2113037109375
2018-02-14,1355.5,60.599998474121094,6.0,17.18000030517578,64.2500991821289
2018-02-15,1352.0999755859375,61.34000015258789,6.0,16.31999969482422,64.02519989013672
2018-02-16,1353.199951171875,61.68000030517578,6.0,16.3799991607666,63.890899658203125
2018-02-19,1353.199951171875,61.68000030517578,6.0,16.670000076293945,64.37999725341797
2018-02-20,1328.800048828125,61.900001525878906,6.0,16.8700008392334,64.50499725341797
2018-02-21,1330.0,61.68000030517578,6.0,15.920000076293944,64.86499786376953
2018-02-22,1330.5999755859375,62.77000045776367,6.0,14.829999923706056,64.8949966430664
2018-02-23,1328.199951171875,63.54999923706055,6.0,14.199999809265137,64.95140075683594
2018-02-26,1330.699951171875,63.90999984741211,6.0,13.699999809265137,64.7030029296875
2018-02-27,1315.5,63.0099983215332,6.0,13.920000076293944,64.78040313720703
2018-02-28,1315.5,61.63999938964844,6.0,13.8100004196167,64.91000366210938
2018-03-01,1302.9000244140625,60.9900016784668,6.0,14.06999969482422,65.23999786376953
2018-03-05,1318.0999755859375,62.56999969482422,6.0,15.399999618530272,65.18669891357422
2018-03-06,1333.5999755859375,62.599998474121094,6.0,16.25,65.00370025634766
2018-03-07,1326.0,61.150001525878906,6.0,15.699999809265137,64.88999938964844
2018-03-08,1319.9000244140625,60.119998931884766,6.0,14.59000015258789,64.89119720458984
2018-03-09,1322.4000244140625,62.040000915527344,6.0,14.529999732971191,65.09040069580078
2018-03-12,1319.4000244140625,61.36000061035156,6.0,14.489999771118164,64.96489715576172
2018-03-13,1325.9000244140625,60.709999084472656,6.0,14.460000038146973,64.94550323486328
2018-03-14,1324.4000244140625,60.959999084472656,6.0,14.359999656677246,64.8281021118164
2018-03-15,1316.800048828125,61.189998626708984,6.0,14.329999923706056,64.83679962158203
2018-03-16,1311.300048828125,62.34000015258789,6.0,15.220000267028809,65.01439666748047
2018-03-19,1316.800048828125,62.060001373291016,6.0,15.81999969482422,65.06500244140625
2018-03-20,1311.0999755859375,63.400001525878906,6.0,15.609999656677246,65.21009826660156
2018-03-21,1320.699951171875,65.16999816894531,6.0,15.109999656677246,65.2323989868164
2018-03-22,1326.5999755859375,64.30000305175781,6.0,15.25,65.06559753417969
2018-03-23,1349.300048828125,65.87999725341797,6.0,15.550000190734863,65.16000366210938
2018-03-26,1354.4000244140625,65.55000305175781,6.0,15.199999809265137,65.01499938964844
2018-03-27,1341.300048828125,65.25,6.0,15.550000190734863,64.69499969482422
2018-03-28,1324.199951171875,64.37999725341797,6.0,15.760000228881836,64.89550018310547
2018-04-02,1342.0999755859375,63.0099983215332,6.0,15.350000381469728,65.10549926757812
2018-04-03,1332.800048828125,63.5099983215332,6.0,15.1899995803833,65.13999938964844
2018-04-04,1335.800048828125,63.369998931884766,6.0,16.34000015258789,64.90499877929688
2018-04-05,1324.300048828125,63.540000915527344,6.0,14.800000190734863,64.99500274658203
2018-04-06,1331.9000244140625,62.060001373291016,6.0,14.75,64.86150360107422
2018-04-09,1336.300048828125,63.41999816894531,6.0,14.869999885559082,64.90450286865234
2018-04-10,1342.0,65.51000213623047,6.0,14.5,64.87000274658203
2018-04-11,1356.5,66.81999969482422,6.0,14.720000267028809,64.92530059814453
2018-04-12,1338.4000244140625,67.06999969482422,6.0,14.5600004196167,65.19000244140625
2018-04-13,1344.800048828125,67.38999938964844,6.0,14.140000343322754,65.27570343017578
2018-04-16,1347.5,66.22000122070312,6.0,14.260000228881836,65.19560241699219
2018-04-17,1347.199951171875,66.5199966430664,6.0,14.039999961853027,65.4292984008789
2018-04-18,1351.199951171875,68.47000122070312,6.0,14.109999656677246,65.67500305175781
2018-04-19,1346.800048828125,68.29000091552734,6.0,13.75,66.01000213623047
2018-04-20,1336.699951171875,68.37999725341797,6.0,12.9399995803833,66.11479949951172
2018-04-23,1322.5,68.63999938964844,6.0,13.149999618530272,66.1968994140625
2018-04-24,1331.4000244140625,67.69999694824219,6.0,11.899999618530272,66.54499816894531
2018-04-25,1321.199951171875,68.05000305175781,6.0,12.399999618530272,66.41410064697266
2018-04-26,1316.300048828125,68.19000244140625,6.0,12.039999961853027,66.90769958496094
2018-04-27,1320.300048828125,68.0999984741211,6.0,12.020000457763672,66.9000015258789
2018-04-30,1316.199951171875,68.56999969482422,6.0,12.359999656677246,66.61000061035156
2018-05-02,1302.5999755859375,67.93000030517578,6.0,12.84000015258789,66.7886962890625
2018-05-03,1310.699951171875,68.43000030517578,6.0,12.989999771118164,67.08000183105469
2018-05-04,1312.699951171875,69.72000122070312,6.0,13.25,66.66000366210938
2018-05-07,1312.199951171875,70.7300033569336,6.0,13.760000228881836,66.81050109863281
2018-05-08,1312.0,69.05999755859375,6.0,14.0600004196167,67.1187973022461
2018-05-09,1311.300048828125,71.13999938964844,6.0,14.270000457763672,67.1624984741211
2018-05-10,1320.800048828125,71.36000061035156,6.0,14.43000030517578,67.62000274658203
2018-05-11,1319.0,70.69999694824219,6.0,13.979999542236328,67.38999938964844
2018-05-14,1316.5,70.95999908447266,6.0,14.25,67.3822021484375
2018-05-15,1288.9000244140625,71.30999755859375,6.0,13.170000076293944,67.6780014038086
2018-05-16,1290.199951171875,71.48999786376953,6.0,13.4399995803833,68.45999908447266
2018-05-17,1288.199951171875,71.48999786376953,6.0,13.40999984741211,68.05999755859375
2018-05-18,1290.199951171875,71.27999877929688,6.0,14.149999618530272,68.13999938964844
2018-05-21,1290.199951171875,72.23999786376953,6.0,14.40999984741211,67.9749984741211
2018-05-22,1291.699951171875,72.12999725341797,6.0,13.600000381469728,68.4000015258789
2018-05-23,1289.300048828125,71.83999633789062,6.0,14.15999984741211,68.43000030517578
2018-05-24,1303.699951171875,70.70999908447266,6.0,13.149999618530272,68.6500015258789
2018-05-25,1303.300048828125,67.87999725341797,6.0,12.649999618530272,68.26010131835938
2018-05-28,1303.300048828125,67.87999725341797,6.0,13.0600004196167,67.7217025756836
2018-05-29,1298.699951171875,66.7300033569336,6.0,13.06999969482422,67.40280151367188
2018-05-30,1301.5,68.20999908447266,6.0,13.40999984741211,68.12999725341797
2018-05-31,1300.0999755859375,67.04000091552734,6.0,13.220000267028809,67.43000030517578
2018-06-01,1294.800048828125,65.80999755859375,6.0,13.56999969482422,67.43499755859375
2018-06-04,1293.0999755859375,64.75,6.0,13.880000114440918,66.92500305175781
2018-06-05,1297.5,65.5199966430664,6.0,13.31999969482422,67.05999755859375
2018-06-06,1297.0999755859375,64.7300033569336,6.0,12.550000190734863,67.08999633789062
2018-06-07,1298.699951171875,65.94999694824219,6.0,12.779999732971191,66.8301010131836
2018-06-08,1298.0999755859375,65.73999786376953,6.0,12.699999809265137,67.41000366210938
2018-06-11,1298.9000244140625,66.0999984741211,6.0,13.18000030517578,67.51000213623047
2018-06-12,1295.0999755859375,66.36000061035156,6.0,12.729999542236328,67.48999786376953
2018-06-13,1296.9000244140625,66.63999938964844,6.0,12.640000343322754,67.91000366210938
2018-06-14,1304.0,66.88999938964844,6.0,12.100000381469728,67.77999877929688
2018-06-15,1274.5999755859375,65.05999755859375,6.0,12.06999969482422,68.12999725341797
2018-06-18,1276.199951171875,65.8499984741211,6.0,12.380000114440918,68.05000305175781
2018-06-19,1275.5999755859375,65.06999969482422,6.0,12.920000076293944,68.01000213623047
2018-06-20,1271.199951171875,66.22000122070312,6.0,12.170000076293944,68.05000305175781
2018-06-21,1267.199951171875,65.54000091552734,6.0,12.449999809265137,68.3499984741211
2018-06-22,1267.4000244140625,68.58000183105469,6.0,12.020000457763672,67.83000183105469
2018-06-25,1265.5999755859375,68.08000183105469,6.0,12.579999923706056,67.85489654541016
2018-06-26,1256.5999755859375,70.52999877929688,6.0,12.800000190734863,68.33999633789062
2018-06-27,1252.800048828125,72.76000213623047,6.0,13.510000228881836,68.36499786376953
2018-06-28,1247.800048828125,73.44999694824219,6.0,13.949999809265137,69.23999786376953
2018-06-29,1251.300048828125,74.1500015258789,6.0,12.9399995803833,68.79669952392578
2018-07-02,1239.800048828125,73.94000244140625,6.3,13.369999885559082,68.43499755859375
2018-07-03,1251.5999755859375,74.13999938964844,6.3,13.0,68.6948013305664
2018-07-04,1251.5999755859375,74.13999938964844,6.3,12.65999984741211,68.83000183105469
2018-07-05,1257.300048828125,72.94000244140625,6.3,12.579999923706056,68.9800033569336
2018-07-06,1254.300048828125,73.80000305175781,6.3,12.4399995803833,69.06999969482422
2018-07-09,1258.0999755859375,73.8499984741211,6.3,12.390000343322754,68.75499725341797
2018-07-10,1253.800048828125,74.11000061035156,6.3,12.399999618530272,68.65979766845703
2018-07-11,1242.800048828125,70.37999725341797,6.3,12.779999732971191,68.9000015258789
2018-07-12,1245.0,70.33000183105469,6.3,12.510000228881836,68.72000122070312
2018-07-13,1239.5999755859375,71.01000213623047,6.3,12.300000190734863,68.54000091552734
2018-07-16,1238.0999755859375,68.05999755859375,6.3,12.949999809265137,68.48670196533203
2018-07-17,1225.699951171875,68.08000183105469,6.3,12.829999923706056,68.72000122070312
2018-07-18,1226.300048828125,68.76000213623047,6.3,13.68000030517578,68.35600280761719
2018-07-19,1222.4000244140625,69.45999908447266,6.3,13.59000015258789,68.6155014038086
2018-07-20,1229.5,70.45999908447266,6.3,13.539999961853027,68.93509674072266
2018-07-23,1224.0,67.88999938964844,6.3,13.010000228881836,68.7332992553711
2018-07-24,1223.9000244140625,68.5199966430664,6.3,12.470000267028809,69.19999694824219
2018-07-25,1231.4000244140625,69.30000305175781,6.3,12.210000038146973,68.80999755859375
2018-07-26,1225.300048828125,69.61000061035156,6.3,12.029999732971191,68.83999633789062
2018-07-27,1222.5999755859375,68.69000244140625,6.3,12.3100004196167,68.73999786376953
2018-07-30,1221.300048828125,70.12999725341797,6.3,12.59000015258789,68.61499786376953
2018-07-31,1223.699951171875,68.76000213623047,6.3,12.479999542236328,68.68499755859375
2018-08-01,1217.9000244140625,67.66000366210938,6.5,12.529999732971191,68.4968032836914
2018-08-02,1210.5999755859375,68.95999908447266,6.5,12.5600004196167,68.30709838867188
2018-08-03,1214.199951171875,68.48999786376953,6.5,12.079999923706056,68.6155014038086
2018-08-06,1208.5999755859375,69.01000213623047,6.5,12.5600004196167,68.50499725341797
2018-08-07,1209.5999755859375,69.16999816894531,6.5,12.579999923706056,68.80999755859375
2018-08-08,1212.5999755859375,66.94000244140625,6.5,12.539999961853027,68.59600067138672
2018-08-09,1211.9000244140625,66.80999755859375,6.5,12.68000030517578,68.45500183105469
2018-08-10,1211.0999755859375,67.62999725341797,6.5,12.850000381469728,69.0999984741211
2018-08-13,1191.300048828125,67.19999694824219,6.5,13.399999618530272,69.08499908447266
2018-08-14,1193.0,67.04000091552734,6.5,13.279999732971191,69.9490966796875
2018-08-16,1176.199951171875,65.45999908447266,6.5,13.649999618530272,70.66000366210938
2018-08-17,1176.5,65.91000366210938,6.5,13.15999984741211,70.00499725341797
2018-08-20,1186.800048828125,66.43000030517578,6.5,13.029999732971191,69.78500366210938
2018-08-21,1192.5999755859375,67.3499984741211,6.5,12.899999618530272,69.73999786376953
2018-08-23,1187.0,67.83000183105469,6.5,12.760000228881836,69.79000091552734
2018-08-24,1206.300048828125,68.72000122070312,6.5,12.40999984741211,70.2750015258789
2018-08-27,1209.0,68.87000274658203,6.5,12.239999771118164,69.76499938964844
2018-08-28,1207.4000244140625,68.52999877929688,6.5,12.43000030517578,69.94499969482422
2018-08-29,1204.5,69.51000213623047,6.5,12.4399995803833,70.54000091552734
2018-08-30,1197.699951171875,70.25,6.5,12.40999984741211,70.91000366210938
2018-08-31,1200.300048828125,69.80000305175781,6.5,12.600000381469728,71.40499877929688
2018-09-03,1200.300048828125,69.80000305175781,6.5,13.390000343322754,70.99500274658203
2018-09-04,1192.699951171875,69.87000274658203,6.5,13.779999732971191,71.06999969482422
2018-09-05,1194.9000244140625,68.72000122070312,6.5,13.649999618530272,71.75
2018-09-06,1197.9000244140625,67.7699966430664,6.5,13.720000267028809,71.88999938964844
2018-09-07,1193.5999755859375,67.75,6.5,13.890000343322754,71.93890380859375
2018-09-10,1193.0,67.54000091552734,6.5,15.199999809265137,72.09500122070312
2018-09-11,1195.4000244140625,69.25,6.5,15.329999923706056,72.44499969482422
2018-09-12,1204.699951171875,70.37000274658203,6.5,14.25,72.98999786376953
2018-09-14,1195.0,68.98999786376953,6.5,13.84000015258789,72.02749633789062
2018-09-17,1199.699951171875,68.91000366210938,6.5,14.5,72.09500122070312
2018-09-18,1196.800048828125,69.8499984741211,6.5,14.420000076293944,72.53479766845703
2018-09-19,1202.199951171875,71.12000274658203,6.5,14.010000228881836,73.12000274658203
2018-09-21,1196.199951171875,70.77999877929688,6.5,15.539999961853027,71.72000122070312
2018-09-24,1199.300048828125,72.08000183105469,6.5,17.43000030517578,72.2300033569336
2018-09-25,1200.0,72.27999877929688,6.5,16.68000030517578,73.30000305175781
2018-09-26,1194.0,71.56999969482422,6.5,17.09000015258789,73.08999633789062
2018-09-27,1182.300048828125,72.12000274658203,6.5,16.920000076293945,72.7699966430664
2018-09-28,1191.5,73.25,6.5,17.0,72.94999694824219
2018-10-01,1187.0999755859375,75.30000305175781,6.5,16.84000015258789,72.50499725341797
2018-10-03,1198.300048828125,76.41000366210938,6.5,18.1200008392334,73.27999877929688
2018-10-04,1197.199951171875,74.33000183105469,6.5,18.920000076293945,73.8499984741211
2018-10-05,1201.199951171875,74.33999633789062,6.5,19.729999542236328,74.22000122070312
2018-10-08,1184.4000244140625,74.29000091552734,6.5,20.149999618530273,73.76300048828125
2018-10-09,1187.199951171875,74.95999908447266,6.5,19.760000228881836,73.88999938964844
2018-10-10,1189.300048828125,73.16999816894531,6.5,17.90999984741211,74.55000305175781
2018-10-11,1223.5,70.97000122070312,6.5,20.549999237060547,74.5999984741211
2018-10-12,1218.0999755859375,71.33999633789062,6.5,18.6299991607666,74.16000366210938
2018-10-15,1226.4000244140625,71.77999877929688,6.5,18.88999938964844,73.6760025024414
2018-10-16,1227.300048828125,71.91999816894531,6.5,17.3700008392334,74.08000183105469
2018-10-17,1223.699951171875,69.75,6.5,17.979999542236328,73.45549774169922
2018-10-19,1225.300048828125,69.12000274658203,6.5,19.790000915527344,74.16000366210938
2018-10-22,1221.199951171875,69.16999816894531,6.5,21.36000061035156,73.46499633789062
2018-10-23,1233.4000244140625,66.43000030517578,6.5,19.040000915527344,73.8594970703125
2018-10-24,1227.800048828125,66.81999969482422,6.5,18.8799991607666,73.22129821777344
2018-10-25,1229.0999755859375,67.33000183105469,6.5,18.959999084472656,73.22049713134766
2018-10-26,1232.5,67.58999633789062,6.5,19.229999542236328,73.22019958496094
2018-10-29,1224.5,67.04000091552734,6.5,19.829999923706055,73.125
2018-10-30,1222.5999755859375,66.18000030517578,6.5,20.5,73.5905990600586
2018-10-31,1212.300048828125,65.30999755859375,6.5,19.799999237060547,73.6500015258789
2018-11-01,1236.0,63.689998626708984,6.5,19.190000534057617,74.06999969482422
2018-11-02,1230.9000244140625,63.13999938964844,6.5,18.229999542236328,73.30999755859375
2018-11-05,1229.800048828125,63.099998474121094,6.5,19.479999542236328,72.90499877929688
2018-11-06,1223.800048828125,62.209999084472656,6.5,18.510000228881836,72.86000061035156
2018-11-07,1226.199951171875,61.66999816894531,6.5,17.719999313354492,73.2300033569336
2018-11-09,1206.4000244140625,60.189998626708984,6.5,17.770000457763672,72.9000015258789
2018-11-12,1201.300048828125,59.93000030517578,6.5,19.3700008392334,72.47000122070312
2018-11-13,1199.199951171875,55.689998626708984,6.5,18.700000762939453,73.18000030517578
2018-11-14,1207.9000244140625,56.25,6.5,18.829999923706055,72.55000305175781
2018-11-15,1212.800048828125,56.459999084472656,6.5,18.450000762939453,72.4000015258789
2018-11-16,1220.800048828125,56.459999084472656,6.5,18.350000381469727,71.8917007446289
2018-11-19,1223.0999755859375,56.7599983215332,6.5,19.260000228881836,71.7750015258789
2018-11-20,1219.0,53.43000030517578,6.5,19.329999923706055,71.69000244140625
2018-11-21,1225.800048828125,54.630001068115234,6.5,19.559999465942383,71.41500091552734
2018-11-22,1225.800048828125,54.630001068115234,6.5,19.15999984741211,71.29499816894531
2018-11-26,1220.199951171875,51.630001068115234,6.5,20.399999618530273,70.66999816894531
2018-11-27,1211.199951171875,51.560001373291016,6.5,18.31999969482422,70.80999755859375
2018-11-28,1221.4000244140625,50.290000915527344,6.5,17.959999084472656,70.87999725341797
2018-11-29,1224.0999755859375,51.45000076293945,6.5,18.700000762939453,70.5999984741211
2018-11-30,1220.199951171875,50.93000030517578,6.5,19.15999984741211,69.91999816894531
2018-12-03,1233.9000244140625,52.95000076293945,6.5,18.219999313354492,69.76000213623047
2018-12-04,1241.0999755859375,53.25,6.5,18.11000061035156,70.48500061035156
2018-12-05,1241.0999755859375,53.25,6.5,18.38999938964844,70.62999725341797
2018-12-06,1238.0999755859375,51.4900016784668,6.5,19.309999465942383,70.87000274658203
2018-12-07,1246.800048828125,52.61000061035156,6.5,18.59000015258789,70.75
2018-12-10,1243.699951171875,51.0,6.5,20.440000534057617,71.36499786376953
2018-12-11,1241.9000244140625,51.650001525878906,6.5,17.950000762939453,72.7300033569336
2018-12-12,1244.4000244140625,51.150001525878906,6.5,15.8100004196167,72.62000274658203
2018-12-13,1242.699951171875,52.58000183105469,6.5,15.550000190734863,72.1500015258789
2018-12-14,1237.0,51.20000076293945,6.5,15.15999984741211,71.5469970703125
2018-12-17,1247.4000244140625,49.880001068115234,6.5,14.539999961853027,71.91000366210938
2018-12-18,1249.199951171875,46.2400016784668,6.5,14.579999923706056,71.58999633789062
2018-12-19,1252.0999755859375,47.20000076293945,6.5,14.65999984741211,70.56999969482422
2018-12-20,1263.5999755859375,45.880001068115234,6.5,14.329999923706056,70.68550109863281
2018-12-21,1253.800048828125,45.59000015258789,6.5,15.989999771118164,70.30000305175781
2018-12-24,1267.5,42.529998779296875,6.5,15.75,70.13999938964844
2018-12-26,1269.199951171875,46.220001220703125,6.5,15.920000076293944,70.23999786376953
2018-12-27,1277.300048828125,44.61000061035156,6.5,16.06999969482422,70.1500015258789
2018-12-28,1279.9000244140625,45.33000183105469,6.5,15.270000457763672,69.98999786376953
2018-12-31,1278.300048828125,45.40999984741211,6.5,16.0,69.92250061035156
2019-01-01,1278.300048828125,45.40999984741211,6.5,15.329999923706056,69.70999908447266
2019-01-02,1281.0,46.540000915527344,6.5,16.389999389648438,69.70999908447266
2019-01-03,1291.800048828125,47.09000015258789,6.5,16.790000915527344,69.95999908447266
2019-01-04,1282.699951171875,47.959999084472656,6.5,16.15999984741211,70.30000305175781
2019-01-07,1286.800048828125,48.52000045776367,6.5,16.299999237060547,69.5250015258789
2019-01-08,1283.199951171875,49.779998779296875,6.5,15.699999809265137,69.80999755859375
2019-01-09,1289.300048828125,52.36000061035156,6.5,15.270000457763672,70.33000183105469
2019-01-10,1284.699951171875,52.59000015258789,6.5,15.350000381469728,70.55049896240234
2019-01-11,1287.0999755859375,51.59000015258789,6.5,15.350000381469728,70.72000122070312
2019-01-14,1289.0999755859375,50.5099983215332,6.5,16.15999984741211,70.37000274658203
2019-01-15,1286.199951171875,52.11000061035156,6.5,15.579999923706056,71.08499908447266
2019-01-16,1291.5999755859375,52.310001373291016,6.5,16.079999923706055,71.09249877929688
2019-01-17,1291.0,52.06999969482422,6.5,16.239999771118164,71.36499786376953
2019-01-18,1281.300048828125,53.79999923706055,6.5,16.6200008392334,71.03019714355469
2019-01-21,1281.300048828125,53.79999923706055,6.5,18.149999618530273,71.2300033569336
2019-01-22,1282.5,52.56999969482422,6.5,17.989999771118164,71.5
2019-01-23,1283.0999755859375,52.619998931884766,6.5,18.09000015258789,71.2302017211914
2019-01-24,1279.0999755859375,53.130001068115234,6.5,17.43000030517578,71.15730285644531
2019-01-25,1297.4000244140625,53.689998626708984,6.5,17.690000534057617,70.98999786376953
2019-01-28,1302.4000244140625,51.9900016784668,6.5,18.899999618530273,70.9749984741211
2019-01-29,1308.199951171875,53.310001373291016,6.5,18.43000030517578,71.09010314941406
2019-01-30,1309.9000244140625,54.22999954223633,6.5,17.850000381469727,71.62000274658203
2019-01-31,1319.699951171875,53.790000915527344,6.5,17.1200008392334,71.12000274658203
2019-02-01,1316.9000244140625,55.2599983215332,6.5,15.720000267028809,71.19999694824219
2019-02-04,1314.300048828125,54.560001373291016,6.5,15.720000267028809,71.45169830322266
2019-02-05,1314.199951171875,53.65999984741211,6.5,15.779999732971191,71.68499755859375
2019-02-06,1309.5,54.0099983215332,6.5,15.630000114440918,71.7699966430664
2019-02-07,1309.4000244140625,52.63999938964844,6.5,15.4399995803833,71.54049682617188
2019-02-08,1313.699951171875,52.720001220703125,6.5,15.56999969482422,71.58000183105469
2019-02-11,1307.0,52.40999984741211,6.5,15.84000015258789,71.1500015258789
2019-02-12,1309.199951171875,53.099998474121094,6.5,15.75,71.2300033569336
2019-02-14,1309.800048828125,54.40999984741211,6.5,15.770000457763672,70.86509704589844
2019-02-15,1318.0999755859375,55.59000015258789,6.5,16.459999084472656,71.01000213623047
2019-02-18,1318.0999755859375,55.59000015258789,6.5,18.0,71.31999969482422
2019-02-19,1340.0999755859375,56.09000015258789,6.5,18.469999313354492,71.69999694824219
2019-02-20,1343.300048828125,56.91999816894531,6.5,17.059999465942383,71.5999984741211
2019-02-21,1323.5,56.959999084472656,6.5,16.049999237060547,71.30000305175781
2019-02-22,1329.199951171875,57.2599983215332,6.5,15.449999809265137,71.18499755859375
2019-02-25,1325.9000244140625,55.47999954223633,6.5,15.359999656677246,71.03099822998047
2019-02-26,1325.0999755859375,55.5,6.5,17.110000610351562,71.08999633789062
2019-02-27,1317.699951171875,56.939998626708984,6.5,18.899999618530273,70.94000244140625
2019-02-28,1312.800048828125,57.220001220703125,6.5,18.280000686645508,71.19000244140625
2019-03-01,1296.4000244140625,55.79999923706055,6.3,16.270000457763672,70.81600189208984
2019-03-05,1282.0,56.560001373291016,6.3,15.65999984741211,70.9000015258789
2019-03-06,1284.9000244140625,56.220001220703125,6.3,15.609999656677246,70.74250030517578
2019-03-07,1283.800048828125,56.65999984741211,6.3,15.289999961853027,70.36499786376953
2019-03-08,1297.0,56.06999969482422,6.3,14.9399995803833,70.48750305175781
2019-03-11,1288.800048828125,56.790000915527344,6.3,14.899999618530272,69.98690032958984
2019-03-12,1296.300048828125,56.869998931884766,6.3,15.100000381469728,69.79010009765625
2019-03-13,1307.5,58.2599983215332,6.3,15.279999732971191,69.84500122070312
2019-03-14,1293.4000244140625,58.61000061035156,6.3,15.149999618530272,69.72630310058594
2019-03-15,1301.800048828125,58.52000045776367,6.3,15.869999885559082,69.3373031616211
2019-03-18,1300.300048828125,59.09000015258789,6.3,16.899999618530273,68.9530029296875
2019-03-19,1305.0,59.029998779296875,6.3,16.489999771118164,68.61799621582031
2019-03-20,1300.5,59.83000183105469,6.3,16.030000686645508,69.31749725341797
2019-03-22,1311.5999755859375,59.040000915527344,6.3,16.270000457763672,68.93000030517578
2019-03-25,1321.9000244140625,58.81999969482422,6.3,16.670000076293945,69.1604995727539
2019-03-26,1314.300048828125,59.939998626708984,6.3,16.489999771118164,68.92340087890625
2019-03-27,1309.9000244140625,59.40999984741211,6.3,17.049999237060547,69.42749786376953
2019-03-28,1289.800048828125,59.29999923706055,6.3,16.649999618530273,69.37000274658203
2019-04-01,1288.4000244140625,61.59000015258789,6.3,18.010000228881836,69.43000030517578
2019-04-02,1290.0,62.58000183105469,6.3,18.079999923706055,69.19529724121094
2019-04-03,1289.9000244140625,62.459999084472656,6.3,18.780000686645508,68.91020202636719
2019-04-04,1289.0,62.099998474121094,6.3,18.649999618530273,68.8499984741211
2019-04-05,1290.4000244140625,63.08000183105469,6.3,18.38999938964844,68.97039794921875
2019-04-08,1297.0999755859375,64.4000015258789,6.3,20.149999618530273,69.16000366210938
2019-04-09,1303.5,63.97999954223633,6.3,20.280000686645508,69.55249786376953
2019-04-10,1309.0999755859375,64.61000061035156,6.3,21.1299991607666,69.26180267333984
2019-04-11,1288.5999755859375,63.58000183105469,6.3,20.959999084472656,69.14019775390625
2019-04-12,1290.5999755859375,63.88999938964844,6.3,21.0,69.43000030517578
2019-04-15,1286.800048828125,63.400001525878906,6.3,21.38999938964844,69.16100311279297
2019-04-16,1272.5999755859375,64.05000305175781,6.3,21.690000534057617,69.80999755859375
2019-04-18,1271.9000244140625,64.0,6.3,22.739999771118164,69.4010009765625
2019-04-22,1273.5,65.69999694824219,6.3,24.049999237060547,69.36000061035156
2019-04-23,1269.300048828125,66.30000305175781,6.3,24.649999618530273,70.0625
2019-04-24,1275.5,65.88999938964844,6.3,23.709999084472656,69.75800323486328
2019-04-25,1275.800048828125,65.20999908447266,6.3,23.229999542236328,70.0958023071289
2019-04-26,1284.9000244140625,63.29999923706055,6.3,21.719999313354492,70.16000366210938
2019-04-30,1282.800048828125,63.90999984741211,6.3,21.829999923706055,69.81179809570312
2019-05-02,1269.699951171875,61.810001373291016,6.0,22.979999542236328,69.63289642333984
2019-05-03,1279.199951171875,61.939998626708984,6.0,24.030000686645508,69.42440032958984
2019-05-06,1281.699951171875,62.25,6.0,26.43000030517578,69.16799926757812
2019-05-07,1283.5,61.400001525878906,6.0,26.479999542236328,69.40029907226562
2019-05-08,1279.4000244140625,62.119998931884766,6.0,26.3700008392334,69.91000366210938
2019-05-09,1283.5,61.70000076293945,6.0,25.489999771118164,70.01000213623047
2019-05-10,1285.699951171875,61.65999984741211,6.0,26.34000015258789,70.41000366210938
2019-05-13,1300.0999755859375,61.040000915527344,6.0,27.3799991607666,69.92250061035156
2019-05-14,1294.699951171875,61.779998779296875,6.0,27.1299991607666,70.61699676513672
2019-05-15,1296.300048828125,62.02000045776367,6.0,28.65999984741211,70.30699920654297
2019-05-16,1285.0,62.869998931884766,6.0,28.3700008392334,70.20919799804688
2019-05-17,1274.5,62.7599983215332,6.0,28.079999923706055,70.23500061035156
2019-05-20,1276.0999755859375,63.099998474121094,6.0,23.68000030517578,70.28150177001953
2019-05-21,1272.0,62.9900016784668,6.0,25.649999618530273,70.12750244140625
2019-05-22,1273.5999755859375,61.41999816894531,6.0,27.6299991607666,70.12750244140625
2019-05-23,1284.800048828125,57.90999984741211,6.0,19.40999984741211,69.97250366210938
2019-05-24,1283.0,58.630001068115234,6.0,16.469999313354492,69.94499969482422
2019-05-27,1283.0,58.630001068115234,6.0,16.190000534057617,69.36000061035156
2019-05-28,1276.5,59.13999938964844,6.0,15.920000076293944,69.72000122070312
2019-05-29,1280.5999755859375,58.810001373291016,6.0,16.40999984741211,69.875
2019-05-30,1287.0999755859375,56.59000015258789,6.0,15.609999656677246,69.81500244140625
2019-05-31,1305.800048828125,53.5,6.0,16.06999969482422,69.9800033569336
2019-06-03,1322.699951171875,53.25,6.0,15.970000267028809,69.5696029663086
2019-06-04,1323.4000244140625,53.47999954223633,6.0,15.630000114440918,69.16190338134766
2019-06-06,1337.5999755859375,52.59000015258789,6.0,15.529999732971191,69.625
2019-06-07,1341.199951171875,53.9900016784668,6.0,14.859999656677246,69.36000061035156
2019-06-10,1324.699951171875,53.2599983215332,6.0,14.979999542236328,69.34500122070312
2019-06-11,1326.4000244140625,53.27000045776367,6.0,14.489999771118164,69.52349853515625
2019-06-12,1331.9000244140625,51.13999938964844,6.0,14.119999885559082,69.3864974975586
2019-06-13,1339.199951171875,52.279998779296875,6.0,13.65999984741211,69.69999694824219
2019-06-14,1340.0999755859375,52.5099983215332,6.0,13.899999618530272,69.80000305175781
2019-06-17,1338.699951171875,51.93000030517578,6.0,14.649999618530272,69.77050018310547
2019-06-18,1346.5999755859375,53.900001525878906,6.0,14.600000381469728,70.11250305175781
2019-06-19,1344.5999755859375,53.7599983215332,6.0,14.729999542236328,69.76499938964844
2019-06-20,1392.9000244140625,56.650001525878906,6.0,14.0,69.87000274658203
2019-06-21,1396.199951171875,57.43000030517578,6.0,14.609999656677246,69.77999877929688
2019-06-24,1414.300048828125,57.900001525878906,6.0,15.220000267028809,69.56990051269531
2019-06-25,1414.9000244140625,57.83000183105469,6.0,15.010000228881836,69.60250091552734
2019-06-26,1411.5999755859375,59.380001068115234,6.0,14.75,69.63749694824219
2019-06-27,1408.4000244140625,59.43000030517578,6.0,14.649999618530272,69.60250091552734
2019-06-28,1409.699951171875,58.470001220703125,6.0,14.949999809265137,69.32499694824219
2019-07-01,1385.5999755859375,59.09000015258789,5.8,14.600000381469728,68.94049835205078
2019-07-02,1404.5999755859375,56.25,5.8,14.25,69.1675033569336
2019-07-03,1417.699951171875,57.34000015258789,5.8,13.699999809265137,69.0824966430664
2019-07-04,1417.699951171875,57.34000015258789,5.8,13.529999732971191,69.00749969482422
2019-07-05,1396.699951171875,57.5099983215332,5.8,13.06999969482422,68.73999786376953
2019-07-08,1397.0,57.65999984741211,5.8,13.850000381469728,68.44000244140625
2019-07-09,1397.5,57.83000183105469,5.8,13.6899995803833,68.8499984741211
2019-07-10,1410.0999755859375,60.43000030517578,5.8,13.640000343322754,68.76499938964844
2019-07-11,1404.300048828125,60.20000076293945,5.8,12.470000267028809,68.36759948730469
2019-07-12,1409.9000244140625,60.209999084472656,5.8,12.0,68.66999816894531
2019-07-15,1411.4000244140625,59.58000183105469,5.8,12.020000457763672,68.55030059814453
2019-07-16,1409.199951171875,57.619998931884766,5.8,11.5600004196167,68.74749755859375
2019-07-17,1421.300048828125,56.779998779296875,5.8,11.800000190734863,68.8949966430664
2019-07-18,1426.0999755859375,55.29999923706055,5.8,11.75,68.78600311279297
2019-07-19,1425.0999755859375,55.630001068115234,5.8,12.520000457763672,68.8499984741211
2019-07-22,1425.300048828125,56.220001220703125,5.8,13.010000228881836,68.83000183105469
2019-07-23,1420.0999755859375,56.77000045776367,5.8,13.43000030517578,69.16000366210938
2019-07-24,1422.800048828125,55.880001068115234,5.8,12.760000228881836,69.0199966430664
2019-07-25,1413.9000244140625,56.02000045776367,5.8,12.640000343322754,69.18499755859375
2019-07-26,1418.5,56.20000076293945,5.8,12.130000114440918,69.15049743652344
2019-07-29,1419.5999755859375,56.869998931884766,5.8,13.0600004196167,68.87000274658203
2019-07-30,1429.699951171875,58.04999923706055,5.8,13.609999656677246,68.94999694824219
2019-07-31,1426.0999755859375,58.58000183105469,5.8,13.59000015258789,69.07749938964844
2019-08-01,1420.9000244140625,53.95000076293945,5.8,14.5600004196167,69.40499877929688
2019-08-02,1445.5999755859375,55.65999984741211,5.8,15.1899995803833,69.29720306396484
2019-08-05,1464.5999755859375,54.689998626708984,5.8,16.59000015258789,69.65689849853516
2019-08-06,1472.4000244140625,53.630001068115234,5.8,16.1200008392334,71.5199966430664
2019-08-07,1507.300048828125,51.09000015258789,5.8,16.739999771118164,71.2300033569336
2019-08-08,1497.699951171875,52.540000915527344,5.8,16.09000015258789,71.16510009765625
2019-08-09,1496.5999755859375,54.5,5.8,15.850000381469728,70.47090148925781
2019-08-13,1502.199951171875,57.099998474121094,5.8,17.780000686645508,71.58000183105469
2019-08-14,1515.9000244140625,55.22999954223633,5.8,16.360000610351562,71.08000183105469
2019-08-16,1512.5,54.869998931884766,5.8,16.649999618530273,71.72000122070312
2019-08-19,1500.4000244140625,56.209999084472656,5.8,16.75,71.13200378417969
2019-08-20,1504.5999755859375,56.34000015258789,5.8,16.6299991607666,71.99500274658203
2019-08-21,1504.5999755859375,55.68000030517578,5.8,17.020000457763672,71.80999755859375
2019-08-22,1497.300048828125,55.349998474121094,5.8,17.850000381469727,71.43779754638672
2019-08-23,1526.5999755859375,54.16999816894531,5.8,17.350000381469727,71.92040252685547
2019-08-26,1526.300048828125,53.63999938964844,5.8,16.65999984741211,71.50250244140625
2019-08-27,1541.0,54.93000030517578,5.8,16.010000228881836,72.16000366210938
2019-08-28,1537.800048828125,55.779998779296875,5.8,16.84000015258789,71.53500366210938
2019-08-29,1526.5,56.709999084472656,5.8,16.43000030517578,72.08499908447266
2019-08-30,1519.0999755859375,55.099998474121094,5.8,16.280000686645508,71.6801986694336
2019-09-03,1545.9000244140625,53.939998626708984,5.4,18.059999465942383,71.96209716796875
2019-09-04,1550.300048828125,56.2599983215332,5.4,17.239999771118164,72.45999908447266
2019-09-05,1515.4000244140625,56.29999923706055,5.4,17.270000457763672,71.95570373535156
2019-09-06,1506.199951171875,56.52000045776367,5.4,16.270000457763672,72.22000122070312
2019-09-09,1502.199951171875,57.849998474121094,5.4,15.850000381469728,71.66999816894531
2019-09-11,1494.4000244140625,55.75,5.4,15.369999885559082,71.85900115966797
2019-09-12,1498.699951171875,55.09000015258789,5.4,14.899999618530272,71.56009674072266
2019-09-13,1490.9000244140625,54.849998474121094,5.4,14.119999885559082,71.28500366210938
2019-09-16,1503.0999755859375,62.900001525878906,5.4,14.949999809265137,71.02069854736328
2019-09-17,1505.0999755859375,59.34000015258789,5.4,16.020000457763672,71.74909973144531
2019-09-18,1507.5,58.11000061035156,5.4,15.350000381469728,71.70999908447266
2019-09-19,1498.4000244140625,58.130001068115234,5.4,15.550000190734863,71.5425033569336
2019-09-20,1507.300048828125,58.09000015258789,5.4,15.399999618530272,71.71749877929688
2019-09-23,1523.699951171875,58.63999938964844,5.4,16.790000915527344,71.19159698486328
2019-09-24,1532.0999755859375,57.290000915527344,5.4,16.729999542236328,70.78959655761719
2019-09-25,1504.5999755859375,56.4900016784668,5.4,16.170000076293945,71.28500366210938
2019-09-26,1507.5,56.40999984741211,5.4,16.34000015258789,71.30999755859375
2019-09-27,1499.0999755859375,55.90999984741211,5.4,16.110000610351562,71.21499633789062
2019-09-30,1465.699951171875,54.06999969482422,5.4,15.869999885559082,70.49870300292969
2019-10-01,1482.0,53.619998931884766,5.4,16.760000228881836,70.92250061035156
2019-10-03,1507.0999755859375,52.45000076293945,5.4,17.700000762939453,71.1416015625
2019-10-04,1506.199951171875,52.810001373291016,5.4,17.579999923706055,71.0199966430664
2019-10-07,1497.699951171875,52.75,5.4,17.829999923706055,70.81500244140625
2019-10-09,1506.0999755859375,52.59000015258789,5.4,17.15999984741211,71.20999908447266
2019-10-10,1494.800048828125,53.54999923706055,5.4,17.229999542236328,71.41000366210938
2019-10-11,1482.699951171875,54.70000076293945,5.4,17.139999389648438,70.9800033569336
2019-10-14,1491.699951171875,53.59000015258789,5.4,17.43000030517578,70.91400146484375
2019-10-15,1477.5999755859375,52.810001373291016,5.4,16.850000381469727,71.45249938964844
2019-10-16,1488.0,53.36000061035156,5.4,16.360000610351562,71.76000213623047
2019-10-17,1492.300048828125,53.93000030517578,5.4,15.880000114440918,71.62000274658203
2019-10-18,1488.199951171875,53.779998779296875,5.4,15.93000030517578,71.42250061035156
2019-10-22,1481.699951171875,54.15999984741211,5.4,16.809999465942383,71.1050033569336
2019-10-23,1489.9000244140625,55.970001220703125,5.4,16.540000915527344,71.07499694824219
2019-10-24,1498.9000244140625,56.22999954223633,5.4,16.239999771118164,70.71499633789062
2019-10-25,1499.5,56.65999984741211,5.4,15.31999969482422,71.19000244140625
2019-10-27,1499.5,56.65999984741211,5.4,15.31999969482422,71.19000244140625
2019-10-29,1487.0,55.540000915527344,5.4,16.420000076293945,70.73500061035156
2019-10-30,1493.199951171875,55.060001373291016,5.4,16.65999984741211,70.88459777832031
2019-10-31,1511.4000244140625,54.18000030517578,5.4,16.280000686645508,70.98999786376953
2019-11-01,1508.0,56.20000076293945,5.2,15.729999542236328,70.97000122070312
2019-11-04,1508.0,56.540000915527344,5.2,15.93000030517578,70.51210021972656
2019-11-05,1480.800048828125,57.22999954223633,5.2,15.920000076293944,71.0
2019-11-06,1490.199951171875,56.349998474121094,5.2,15.779999732971191,70.8949966430664
2019-11-07,1464.199951171875,57.150001525878906,5.2,15.210000038146973,71.0
2019-11-08,1461.300048828125,57.2400016784668,5.2,15.859999656677246,71.37650299072266
2019-11-11,1455.5,56.86000061035156,5.2,16.25,71.37650299072266
2019-11-13,1461.699951171875,57.119998931884766,5.2,16.459999084472656,71.77999877929688
2019-11-14,1471.800048828125,56.77000045776367,5.2,15.649999618530272,72.1415023803711
2019-11-15,1467.300048828125,57.720001220703125,5.2,15.029999732971191,71.95580291748047
2019-11-18,1470.9000244140625,57.04999923706055,5.2,15.760000228881836,71.70580291748047
2019-11-19,1473.300048828125,55.209999084472656,5.2,15.40999984741211,71.93509674072266
2019-11-20,1473.300048828125,57.11000061035156,5.2,15.15999984741211,71.85099792480469
2019-11-21,1463.0999755859375,58.58000183105469,5.2,14.979999542236328,71.76820373535156
2019-11-22,1463.0999755859375,57.77000045776367,5.2,14.869999885559082,71.7405014038086
2019-11-25,1456.5999755859375,58.0099983215332,5.2,15.0,71.78260040283203
2019-11-26,1459.800048828125,58.40999984741211,5.2,14.84000015258789,71.67949676513672
2019-11-27,1453.4000244140625,58.11000061035156,5.2,14.619999885559082,71.42839813232422
2019-11-28,1453.4000244140625,58.11000061035156,5.2,13.989999771118164,71.22810363769531
2019-11-29,1465.5999755859375,55.16999816894531,5.2,13.899999618530272,71.54740142822266
2019-12-02,1462.300048828125,55.959999084472656,5.2,14.199999809265137,71.7229995727539
2019-12-03,1478.199951171875,56.099998474121094,5.2,14.5600004196167,71.625
2019-12-04,1474.0,58.43000030517578,5.2,13.31999969482422,71.95999908447266
2019-12-05,1476.9000244140625,58.43000030517578,5.2,14.3100004196167,71.4801025390625
2019-12-06,1459.0999755859375,59.20000076293945,5.2,13.640000343322754,71.38500213623047
2019-12-09,1459.300048828125,59.02000045776367,5.2,14.600000381469728,71.28679656982422
2019-12-10,1462.5999755859375,59.2400016784668,5.2,14.289999961853027,70.96019744873047
2019-12-11,1469.4000244140625,58.7599983215332,5.2,13.380000114440918,71.01000213623047
2019-12-12,1466.699951171875,59.18000030517578,5.2,13.350000381469728,70.72930145263672
2019-12-13,1475.5999755859375,60.06999969482422,5.2,13.300000190734863,70.55989837646484
2019-12-16,1475.0,60.209999084472656,5.2,13.420000076293944,70.68900299072266
2019-12-17,1474.5999755859375,60.939998626708984,5.2,12.520000457763672,70.92050170898438
2019-12-18,1472.5999755859375,60.93000030517578,5.2,12.34000015258789,71.21499633789062
2019-12-19,1478.199951171875,61.220001220703125,5.2,12.119999885559082,70.98989868164062
2019-12-20,1474.699951171875,60.439998626708984,5.2,12.329999923706056,71.22270202636719
2019-12-23,1482.5,60.52000045776367,5.2,11.960000038146973,71.02400207519531
2019-12-24,1499.0999755859375,61.11000061035156,5.2,11.630000114440918,71.21070098876953
2019-12-26,1509.300048828125,61.68000030517578,5.2,11.119999885559082,71.54000091552734
2019-12-27,1513.800048828125,61.720001220703125,5.2,10.529999732971191,71.30030059814453
2019-12-30,1514.5,61.68000030517578,5.2,11.010000228881836,71.31300354003906
2019-12-31,1519.5,61.060001373291016,5.2,11.670000076293944,71.31099700927734
2020-01-01,1519.5,61.060001373291016,5.2,11.670000076293944,71.27580261230469
2020-01-02,1524.5,61.18000030517578,5.2,11.489999771118164,71.0250015258789
2020-01-03,1549.199951171875,63.04999923706055,5.2,12.699999809265137,71.41500091552734
2020-01-06,1566.199951171875,63.27000045776367,5.2,14.779999732971191,71.73100280761719
2020-01-07,1571.800048828125,62.70000076293945,5.2,14.609999656677246,71.78700256347656
2020-01-08,1557.4000244140625,59.61000061035156,5.2,15.640000343322754,72.16000366210938
2020-01-09,1551.699951171875,59.560001373291016,5.2,14.0,71.41190338134766
2020-01-10,1557.5,59.040000915527344,5.2,14.079999923706056,71.19429779052734
2020-01-13,1548.4000244140625,58.08000183105469,5.2,14.279999732971191,70.9530029296875
2020-01-14,1542.4000244140625,58.22999954223633,5.2,13.90999984741211,70.71890258789062
2020-01-15,1552.0999755859375,57.810001373291016,5.2,14.119999885559082,70.84510040283203
2020-01-16,1549.0,58.52000045776367,5.2,14.18000030517578,70.71800231933594
2020-01-17,1558.800048828125,58.540000915527344,5.2,14.130000114440918,70.94560241699219
2020-01-20,1558.800048828125,58.540000915527344,5.2,15.40999984741211,71.03469848632812
2020-01-21,1556.4000244140625,58.34000015258789,5.2,15.859999656677246,71.03099822998047
2020-01-22,1555.300048828125,56.7400016784668,5.2,16.360000610351562,71.16999816894531
2020-01-23,1564.5999755859375,55.59000015258789,5.2,15.859999656677246,71.0781021118164
2020-01-24,1571.0999755859375,54.189998626708984,5.2,15.5600004196167,71.32099914550781
2020-01-27,1576.800048828125,53.13999938964844,5.2,17.18000030517578,71.32499694824219
2020-01-28,1569.199951171875,53.47999954223633,5.2,17.299999237060547,71.44000244140625
2020-01-29,1569.800048828125,53.33000183105469,5.2,16.5,71.23040008544922
2020-01-30,1583.5,52.13999938964844,5.2,16.799999237060547,71.30000305175781
2020-01-31,1582.9000244140625,51.560001373291016,5.2,17.3700008392334,71.63999938964844
2020-02-03,1577.199951171875,50.11000061035156,5.2,15.779999732971191,71.49649810791016
2020-02-04,1550.4000244140625,49.61000061035156,5.2,14.380000114440918,71.31410217285156
2020-02-05,1557.800048828125,50.75,5.2,14.170000076293944,71.0999984741211
2020-02-06,1565.0999755859375,50.95000076293945,5.2,13.779999732971191,71.18000030517578
2020-02-07,1568.5999755859375,50.31999969482422,5.2,13.75,71.47000122070312
2020-02-10,1574.699951171875,49.56999969482422,5.2,14.210000038146973,71.5155029296875
2020-02-11,1565.5999755859375,49.939998626708984,5.2,13.880000114440918,71.27999877929688
2020-02-12,1567.4000244140625,51.16999816894531,5.2,13.619999885559082,71.27529907226562
2020-02-13,1575.0999755859375,51.41999816894531,5.2,13.369999885559082,71.29620361328125
2020-02-14,1582.699951171875,52.04999923706055,5.2,13.619999885559082,71.26850128173828
2020-02-17,1582.699951171875,52.04999923706055,5.2,14.420000076293944,71.51480102539062
2020-02-18,1600.0,52.04999923706055,5.2,14.510000228881836,71.34919738769531
2020-02-19,1607.5,53.290000915527344,5.2,14.020000457763672,71.57499694824219
2020-02-20,1616.5999755859375,53.779998779296875,5.2,13.699999809265137,71.82749938964844
2020-02-24,1672.4000244140625,51.43000030517578,5.2,17.0,71.88680267333984
2020-02-25,1646.9000244140625,49.900001525878906,5.2,16.899999618530273,72.04669952392578
2020-02-26,1640.0,48.72999954223633,5.2,18.260000228881836,71.87000274658203
2020-02-27,1640.0,47.09000015258789,5.2,17.770000457763672,71.66339874267578
2020-02-28,1564.0999755859375,44.7599983215332,5.2,23.239999771118164,71.93000030517578
2020-03-02,1592.300048828125,46.75,5.2,25.200000762939453,72.1500015258789
2020-03-03,1642.0999755859375,47.18000030517578,5.2,24.540000915527344,72.82499694824219
2020-03-04,1641.0999755859375,46.779998779296875,5.2,24.229999542236328,73.34200286865234
2020-03-05,1666.4000244140625,45.900001525878906,5.2,23.25,74.0425033569336
2020-03-06,1670.800048828125,41.279998779296875,5.2,25.63999938964844,73.8551025390625
2020-03-09,1674.5,31.1299991607666,5.2,30.799999237060547,73.99530029296875
2020-03-11,1641.4000244140625,32.97999954223633,5.2,31.559999465942383,74.20500183105469
2020-03-12,1589.300048828125,31.5,5.2,41.15999984741211,74.76000213623047
2020-03-13,1515.699951171875,31.729999542236328,5.2,51.470001220703125,75.30000305175781
2020-03-16,1485.9000244140625,28.700000762939453,5.2,58.880001068115234,73.90399932861328
2020-03-17,1524.9000244140625,26.950000762939453,5.2,62.93000030517578,75.15499877929688
2020-03-18,1477.300048828125,20.3700008392334,5.2,63.959999084472656,74.01239776611328
2020-03-19,1478.5999755859375,25.219999313354492,5.2,72.19999694824219,74.98200225830078
2020-03-20,1484.0,22.43000030517578,5.2,67.0999984741211,75.15969848632812
2020-03-23,1567.0,23.36000061035156,5.2,71.98999786376953,75.62210083007812
2020-03-24,1660.199951171875,24.010000228881836,5.2,83.61000061035156,76.50599670410156
2020-03-25,1632.300048828125,24.489999771118164,5.2,77.62999725341797,77.26000213623047
2020-03-26,1650.0999755859375,22.600000381469727,5.2,71.52999877929688,75.84549713134766
2020-03-27,1623.9000244140625,21.510000228881836,5.2,70.38999938964844,74.72560119628906
2020-03-30,1622.0,20.09000015258789,5.2,71.88999938964844,75.46499633789062
2020-03-31,1583.4000244140625,20.479999542236328,5.2,64.41000366210938,75.4000015258789
2020-04-01,1578.199951171875,20.309999465942383,4.4,60.04999923706055,75.32499694824219
2020-04-03,1633.699951171875,28.34000015258789,4.4,55.29999923706055,77.13999938964844
2020-04-07,1664.800048828125,23.6299991607666,4.4,51.79999923706055,75.96489715576172
2020-04-08,1665.4000244140625,25.09000015258789,4.4,52.2400016784668,76.66000366210938
2020-04-09,1736.199951171875,22.760000228881836,4.4,49.75,75.95899963378906
2020-04-13,1744.800048828125,22.40999984741211,4.4,51.459999084472656,76.16649627685547
2020-04-15,1727.199951171875,19.8700008392334,4.4,49.7400016784668,75.93099975585938
2020-04-16,1720.4000244140625,19.8700008392334,4.4,46.099998474121094,77.2125015258789
2020-04-17,1689.199951171875,18.270000457763672,4.4,42.59000015258789,77.56999969482422
2020-04-20,1701.5999755859375,-37.630001068115234,4.4,43.459999084472656,76.55999755859375
2020-04-21,1678.199951171875,10.010000228881836,4.4,45.20000076293945,77.20999908447266
2020-04-22,1728.699951171875,13.779999732971191,4.4,42.81999969482422,76.96939849853516
2020-04-23,1733.300048828125,16.5,4.4,39.22999954223633,76.4000015258789
2020-04-24,1723.5,16.940000534057617,4.4,39.119998931884766,76.42250061035156
2020-04-27,1711.9000244140625,12.779999732971191,4.4,38.040000915527344,76.27149963378906
2020-04-28,1710.5,12.34000015258789,4.4,35.349998474121094,76.1863021850586
2020-04-29,1703.4000244140625,15.0600004196167,4.4,33.84000015258789,76.46499633789062
2020-04-30,1684.199951171875,18.84000015258789,4.4,33.9900016784668,75.25849914550781
2020-05-04,1706.9000244140625,20.38999938964844,4.4,43.66999816894531,75.60050201416016
2020-05-05,1704.4000244140625,24.559999465942383,4.4,43.61000061035156,75.8499984741211
2020-05-06,1684.199951171875,23.989999771118164,4.4,41.25,76.16999816894531
2020-05-07,1721.800048828125,23.549999237060547,4.4,39.93000030517578,76.15129852294922
2020-05-08,1709.9000244140625,24.739999771118164,4.4,38.40999984741211,76.08000183105469
2020-05-11,1695.300048828125,24.13999938964844,4.4,38.040000915527344,75.5250015258789
2020-05-12,1704.4000244140625,25.780000686645508,4.4,38.209999084472656,76.30999755859375
2020-05-13,1713.9000244140625,25.290000915527344,4.4,38.84000015258789,75.68000030517578
2020-05-14,1738.0999755859375,27.559999465942383,4.4,38.18000030517578,75.42620086669922
2020-05-15,1753.4000244140625,29.43000030517578,4.4,38.02000045776367,75.48500061035156
2020-05-18,1731.800048828125,31.81999969482422,4.4,40.91999816894531,75.81999969482422
2020-05-19,1744.199951171875,32.5,4.4,39.45000076293945,75.60009765625
2020-05-20,1750.5999755859375,33.4900016784668,4.4,35.810001373291016,76.0
2020-05-21,1720.5,33.91999816894531,4.4,32.9900016784668,75.77999877929688
2020-05-22,1734.5999755859375,33.25,4.4,32.380001068115234,75.625
2020-05-26,1704.800048828125,34.349998474121094,4.4,31.469999313354492,76.11000061035156
2020-05-27,1710.300048828125,32.810001373291016,4.4,31.270000457763672,75.81999969482422
2020-05-28,1713.300048828125,33.709999084472656,4.4,30.020000457763672,76.12999725341797
2020-05-29,1736.9000244140625,35.4900016784668,4.4,30.219999313354492,75.95999908447266
2020-06-01,1737.800048828125,35.439998626708984,4.0,30.739999771118164,75.51319885253906
2020-06-02,1725.199951171875,36.810001373291016,4.0,30.1200008392334,75.7300033569336
2020-06-03,1697.800048828125,37.290000915527344,4.0,30.040000915527344,75.06580352783203
2020-06-04,1718.9000244140625,37.40999984741211,4.0,29.690000534057617,75.54499816894531
2020-06-05,1676.199951171875,39.54999923706055,4.0,28.68000030517578,75.49089813232422
2020-06-08,1698.300048828125,38.189998626708984,4.0,29.649999618530273,75.5177001953125
2020-06-09,1714.699951171875,38.939998626708984,4.0,30.209999084472656,75.625
2020-06-10,1713.300048828125,39.599998474121094,4.0,29.440000534057617,75.50980377197266
2020-06-11,1732.0,36.34000015258789,4.0,29.65999984741211,75.875
2020-06-12,1729.300048828125,36.2599983215332,4.0,30.81999969482422,76.38999938964844
2020-06-15,1720.300048828125,37.119998931884766,4.0,32.58000183105469,75.95680236816406
2020-06-16,1729.5999755859375,38.380001068115234,4.0,32.970001220703125,75.97799682617188
2020-06-17,1729.199951171875,37.959999084472656,4.0,33.349998474121094,76.65499877929688
2020-06-18,1724.800048828125,38.84000015258789,4.0,31.459999084472656,76.55000305175781
2020-06-19,1745.9000244140625,39.75,4.0,29.969999313354492,76.40039825439453
2020-06-22,1756.699951171875,40.459999084472656,4.0,30.459999084472656,76.2520980834961
2020-06-23,1772.0999755859375,40.369998931884766,4.0,29.34000015258789,75.78980255126953
2020-06-24,1765.800048828125,38.0099983215332,4.0,29.579999923706055,75.60780334472656
2020-06-25,1762.0999755859375,38.720001220703125,4.0,29.729999542236328,75.97000122070312
2020-06-26,1772.5,38.4900016784668,4.0,28.739999771118164,75.53980255126953
2020-06-29,1774.800048828125,39.70000076293945,4.0,28.90999984741211,75.61979675292969
2020-06-30,1793.0,39.27000045776367,4.0,29.1200008392334,75.69999694824219
2020-07-01,1773.199951171875,39.81999969482422,4.0,28.1200008392334,75.75
2020-07-02,1784.0,40.650001525878906,4.0,26.510000228881836,75.45490264892578
2020-07-03,1784.0,40.650001525878906,4.0,25.770000457763672,74.72100067138672
2020-07-06,1788.5,40.630001068115234,4.0,25.200000762939453,74.6792984008789
2020-07-07,1804.199951171875,40.619998931884766,4.0,25.100000381469727,74.60759735107422
2020-07-08,1815.5,40.900001525878906,4.0,26.100000381469727,75.125
2020-07-09,1799.199951171875,39.619998931884766,4.0,24.90999984741211,74.93990325927734
2020-07-10,1798.199951171875,40.54999923706055,4.0,24.940000534057617,75.33999633789062
2020-07-13,1811.0,40.099998474121094,4.0,25.25,75.15850067138672
2020-07-14,1810.5999755859375,40.290000915527344,4.0,26.63999938964844,75.44999694824219
2020-07-15,1811.4000244140625,41.20000076293945,4.0,26.290000915527344,75.57499694824219
2020-07-16,1798.699951171875,40.75,4.0,25.36000061035156,75.1249008178711
2020-07-17,1808.300048828125,40.59000015258789,4.0,24.15999984741211,75.17449951171875
2020-07-20,1815.9000244140625,40.810001373291016,4.0,24.709999084472656,74.89730072021484
2020-07-21,1842.4000244140625,41.959999084472656,4.0,24.43000030517578,74.98999786376953
2020-07-22,1864.0999755859375,41.900001525878906,4.0,24.88999938964844,74.7699966430664
2020-07-23,1889.0999755859375,41.06999969482422,4.0,24.63999938964844,74.81999969482422
2020-07-24,1897.300048828125,41.290000915527344,4.0,24.540000915527344,74.80729675292969
2020-07-27,1931.0,41.599998474121094,4.0,25.020000457763672,74.75980377197266
2020-07-28,1944.699951171875,41.040000915527344,4.0,23.63999938964844,75.0
2020-07-29,1953.5,41.27000045776367,4.0,24.11000061035156,75.08999633789062
2020-07-30,1942.300048828125,39.91999816894531,4.0,24.729999542236328,74.8311996459961
2020-07-31,1962.800048828125,40.27000045776367,4.0,24.190000534057617,74.98999786376953
2020-08-03,1966.0,41.0099983215332,4.0,25.190000534057617,74.91780090332031
2020-08-04,2001.199951171875,41.70000076293945,4.0,23.81999969482422,75.33000183105469
2020-08-05,2031.0999755859375,42.189998626708984,4.0,23.56999969482422,75.25
2020-08-06,2051.5,41.95000076293945,4.0,23.149999618530273,74.8822021484375
2020-08-07,2010.0999755859375,41.220001220703125,4.0,22.579999923706055,74.8998031616211
2020-08-10,2024.4000244140625,41.939998626708984,4.0,22.510000228881836,75.0248031616211
2020-08-11,1932.5999755859375,41.61000061035156,4.0,21.36000061035156,75.0999984741211
2020-08-12,1934.9000244140625,42.66999816894531,4.0,20.850000381469727,74.9000015258789
2020-08-13,1956.699951171875,42.2400016784668,4.0,20.56999969482422,74.77210235595703
2020-08-14,1937.0,42.0099983215332,4.0,21.670000076293945,75.02999877929688
2020-08-17,1985.0,42.88999938964844,4.0,21.309999465942383,74.90280151367188
2020-08-18,1999.4000244140625,42.88999938964844,4.0,20.43000030517578,75.0
2020-08-19,1958.699951171875,42.93000030517578,4.0,19.959999084472656,74.79499816894531
2020-08-20,1933.800048828125,42.58000183105469,4.0,20.6200008392334,74.966796875
2020-08-21,1934.5999755859375,42.34000015258789,4.0,19.940000534057617,74.9999008178711
2020-08-24,1927.699951171875,42.619998931884766,4.0,19.229999542236328,74.92179870605469
2020-08-25,1911.800048828125,43.349998474121094,4.0,19.31999969482422,74.4000015258789
2020-08-26,1940.699951171875,43.38999938964844,4.0,19.299999237060547,74.45249938964844
2020-08-27,1921.5999755859375,43.040000915527344,4.0,18.899999618530273,74.24009704589844
2020-08-28,1964.5999755859375,42.970001220703125,4.0,18.350000381469727,73.77449798583984
2020-08-31,1967.5999755859375,42.61000061035156,4.0,22.84000015258789,73.12830352783203
2020-09-01,1968.199951171875,42.7599983215332,4.0,21.799999237060547,73.66999816894531
2020-09-02,1934.4000244140625,41.5099983215332,4.0,21.11000061035156,73.2699966430664
2020-09-03,1927.5999755859375,41.369998931884766,4.0,20.5,73.24849700927734
2020-09-04,1923.9000244140625,39.77000045776367,4.0,22.149999618530273,73.4478988647461
2020-09-07,1923.9000244140625,39.77000045776367,4.0,22.010000228881836,73.29029846191406
2020-09-08,1933.0,36.7599983215332,4.0,22.719999313354492,73.6500015258789
2020-09-09,1944.699951171875,38.04999923706055,4.0,22.229999542236328,73.78679656982422
2020-09-10,1954.199951171875,37.29999923706055,4.0,21.260000228881836,73.55000305175781
2020-09-11,1937.800048828125,37.33000183105469,4.0,20.709999084472656,73.52729797363281
2020-09-14,1953.0999755859375,37.2599983215332,4.0,21.190000534057617,73.47859954833984
2020-09-15,1956.300048828125,38.279998779296875,4.0,20.600000381469727,73.61499786376953
2020-09-16,1960.199951171875,40.15999984741211,4.0,19.65999984741211,73.80000305175781
2020-09-17,1940.0,40.970001220703125,4.0,20.100000381469727,73.55069732666016
2020-09-18,1952.0999755859375,41.11000061035156,4.0,20.049999237060547,73.58360290527344
2020-09-21,1901.199951171875,39.310001373291016,4.0,22.190000534057617,73.53479766845703
2020-09-22,1898.5999755859375,39.599998474121094,4.0,21.40999984741211,73.57980346679688
2020-09-23,1859.9000244140625,39.93000030517578,4.0,20.989999771118164,73.50299835205078
2020-09-24,1868.300048828125,40.310001373291016,4.0,23.510000228881836,73.77839660644531
2020-09-25,1857.699951171875,40.25,4.0,20.68000030517578,73.68240356445312
2020-09-28,1872.800048828125,40.599998474121094,4.0,19.56999969482422,73.69930267333984
2020-09-29,1894.300048828125,39.290000915527344,4.0,19.770000457763672,73.9749984741211
2020-09-30,1887.5,40.220001220703125,4.0,19.530000686645508,73.84500122070312
2020-10-01,1908.4000244140625,38.720001220703125,4.0,18.350000381469727,73.70500183105469
2020-10-05,1912.5,39.220001220703125,4.0,19.700000762939453,73.32240295410156
2020-10-06,1901.0999755859375,40.66999816894531,4.0,19.63999938964844,73.1082992553711
2020-10-07,1883.5999755859375,39.95000076293945,4.0,20.059999465942383,73.81500244140625
2020-10-08,1888.5999755859375,41.189998626708984,4.0,20.3799991607666,73.5425033569336
2020-10-09,1919.5,40.599998474121094,4.0,20.3799991607666,73.28050231933594
2020-10-12,1922.5,39.43000030517578,4.0,21.1299991607666,73.01480102539062
2020-10-13,1888.5,40.20000076293945,4.0,20.719999313354492,73.35079956054688
2020-10-14,1901.300048828125,41.040000915527344,4.0,20.209999084472656,73.62000274658203
2020-10-15,1903.199951171875,40.959999084472656,4.0,22.059999465942383,73.29620361328125
2020-10-16,1900.800048828125,40.880001068115234,4.0,21.649999618530273,73.37100219726562
2020-10-19,1906.4000244140625,40.83000183105469,4.0,21.81999969482422,73.44380187988281
2020-10-20,1910.4000244140625,41.459999084472656,4.0,22.690000534057617,73.57499694824219
2020-10-21,1924.5999755859375,40.029998779296875,4.0,22.920000076293945,73.64749908447266
2020-10-22,1901.0999755859375,40.63999938964844,4.0,22.63999938964844,73.6812973022461
2020-10-23,1902.0,39.849998474121094,4.0,21.829999923706055,73.72000122070312
2020-10-26,1902.699951171875,38.560001373291016,4.0,22.829999923706055,73.8228988647461
2020-10-27,1908.800048828125,39.56999969482422,4.0,22.200000762939453,73.94850158691406
2020-10-28,1876.199951171875,37.38999938964844,4.0,23.280000686645508,73.80500030517578
2020-10-29,1865.5999755859375,36.16999816894531,4.0,24.020000457763672,74.44000244140625
2020-10-30,1877.4000244140625,35.790000915527344,4.0,24.75,74.26399993896484
2020-11-02,1890.4000244140625,36.810001373291016,4.0,25.209999084472656,74.55049896240234
2020-11-03,1908.5,37.65999984741211,4.0,24.239999771118164,74.45680236816406
2020-11-04,1894.5999755859375,39.150001525878906,4.0,23.200000762939453,74.65560150146484
2020-11-05,1945.300048828125,38.790000915527344,4.0,20.969999313354492,74.37999725341797
2020-11-06,1950.300048828125,37.13999938964844,4.0,20.5,74.12000274658203
2020-11-09,1853.199951171875,40.290000915527344,4.0,20.11000061035156,73.97979736328125
2020-11-10,1875.4000244140625,41.36000061035156,4.0,21.579999923706055,73.95320129394531
2020-11-11,1860.699951171875,41.45000076293945,4.0,22.030000686645508,74.28160095214844
2020-11-12,1872.5999755859375,41.119998931884766,4.0,20.6200008392334,74.56999969482422
2020-11-13,1885.699951171875,40.130001068115234,4.0,19.700000762939453,74.86499786376953
2020-11-14,1885.699951171875,40.130001068115234,4.0,19.700000762939453,74.86499786376953
2020-11-17,1884.5,41.43000030517578,4.0,19.799999237060547,74.41809844970703
2020-11-18,1873.5,41.81999969482422,4.0,19.1200008392334,74.47969818115234
2020-11-19,1861.0999755859375,41.7400016784668,4.0,19.56999969482422,74.41999816894531
2020-11-20,1872.5999755859375,42.150001525878906,4.0,19.6200008392334,74.09960174560547
2020-11-23,1837.800048828125,43.060001373291016,4.0,20.799999237060547,74.16239929199219
2020-11-24,1804.800048828125,44.90999984741211,4.0,21.059999465942383,74.24490356445312
2020-11-25,1805.699951171875,45.709999084472656,4.0,23.1299991607666,73.96080017089844
2020-11-26,1805.699951171875,45.709999084472656,4.0,20.020000457763672,73.77989959716797
2020-11-27,1781.9000244140625,45.529998779296875,4.0,19.81999969482422,74.04879760742188
2020-12-01,1814.0999755859375,44.54999923706055,4.0,20.18000030517578,74.02519989013672
2020-12-02,1825.699951171875,45.279998779296875,4.0,19.90999984741211,73.65499877929688
2020-12-03,1836.800048828125,45.63999938964844,4.0,19.0,73.66259765625
2020-12-04,1835.9000244140625,46.2599983215332,4.0,18.030000686645508,73.86489868164062
2020-12-07,1861.800048828125,45.7599983215332,4.0,18.020000457763672,73.79029846191406
2020-12-08,1870.800048828125,45.599998474121094,4.0,18.6200008392334,74.0199966430664
2020-12-09,1834.5999755859375,45.52000045776367,4.0,18.920000076293945,73.72640228271484
2020-12-10,1833.5999755859375,46.779998779296875,4.0,18.709999084472656,73.93499755859375
2020-12-11,1839.800048828125,46.56999969482422,4.0,18.790000915527344,73.72669982910156
2020-12-14,1828.699951171875,46.9900016784668,4.0,19.399999618530273,73.73799896240234
2020-12-15,1852.300048828125,47.619998931884766,4.0,19.350000381469727,73.86000061035156
2020-12-16,1856.0999755859375,47.81999969482422,4.0,19.200000762939453,73.75980377197266
2020-12-17,1887.199951171875,48.36000061035156,4.0,19.15999984741211,73.6166000366211
2020-12-18,1885.699951171875,49.099998474121094,4.0,18.6200008392334,73.52980041503906
2020-12-21,1879.199951171875,47.7400016784668,4.0,23.190000534057617,73.60359954833984
2020-12-22,1866.5999755859375,47.02000045776367,4.0,21.989999771118164,73.935302734375
2020-12-23,1874.699951171875,48.119998931884766,4.0,20.5,74.2699966430664
2020-12-24,1879.9000244140625,48.22999954223633,4.0,19.969999313354492,73.83979797363281
2020-12-28,1877.199951171875,47.619998931884766,4.0,20.43000030517578,73.68900299072266
2020-12-29,1879.699951171875,48.0,4.0,20.790000915527344,73.5448989868164
2020-12-30,1891.0,48.400001525878906,4.0,21.11000061035156,73.45359802246094
2020-12-31,1893.0999755859375,48.52000045776367,4.0,21.100000381469727,73.13400268554688
2021-01-01,1893.0999755859375,48.52000045776367,4.0,21.100000381469727,73.08920288085938
2021-01-04,1944.699951171875,47.619998931884766,4.0,20.030000686645508,73.09200286865234
2021-01-05,1952.699951171875,49.93000030517578,4.0,20.459999084472656,73.31999969482422
2021-01-06,1906.9000244140625,50.630001068115234,4.0,21.0,73.37480163574219
2021-01-07,1912.300048828125,50.83000183105469,4.0,20.6200008392334,73.36000061035156
2021-01-08,1834.0999755859375,52.2400016784668,4.0,20.63999938964844,73.44599914550781
2021-01-11,1849.5999755859375,52.25,4.0,22.3799991607666,73.37339782714844
2021-01-12,1842.9000244140625,53.209999084472656,4.0,22.850000381469727,73.51349639892578
2021-01-13,1853.5999755859375,52.90999984741211,4.0,23.290000915527344,73.16500091552734
2021-01-14,1850.300048828125,53.56999969482422,4.0,23.030000686645508,73.1698989868164
2021-01-15,1829.300048828125,52.36000061035156,4.0,24.010000228881836,73.08760070800781
2021-01-18,1829.300048828125,52.36000061035156,4.0,24.399999618530273,73.15899658203125
2021-01-19,1839.5,52.97999954223633,4.0,22.899999618530273,73.1886978149414
2021-01-20,1865.9000244140625,53.2400016784668,4.0,21.549999237060547,73.19190216064453
2021-01-21,1865.300048828125,53.130001068115234,4.0,22.18000030517578,72.91089630126953
2021-01-22,1855.699951171875,52.27000045776367,4.0,22.18000030517578,72.95490264892578
2021-01-25,1854.9000244140625,52.77000045776367,4.0,23.25,72.99590301513672
2021-01-27,1844.9000244140625,52.849998474121094,4.0,24.38999938964844,72.91999816894531
2021-01-28,1837.9000244140625,52.34000015258789,4.0,24.290000915527344,73.03710174560547
2021-01-29,1847.300048828125,52.20000076293945,4.0,25.34000015258789,72.93879699707031
2021-02-01,1860.800048828125,53.54999923706055,4.0,23.31999969482422,72.90660095214844
2021-02-02,1830.5,54.7599983215332,4.0,23.350000381469727,73.11979675292969
2021-02-03,1832.199951171875,55.689998626708984,4.0,23.75,72.91629791259766
2021-02-04,1788.9000244140625,56.22999954223633,4.0,23.1200008392334,72.85800170898438
2021-02-05,1810.9000244140625,56.849998474121094,4.0,23.420000076293945,72.9457015991211
2021-02-08,1831.9000244140625,57.970001220703125,4.0,23.959999084472656,72.78479766845703
2021-02-09,1835.300048828125,58.36000061035156,4.0,24.270000457763672,72.92990112304688
2021-02-10,1840.5999755859375,58.68000030517578,4.0,23.950000762939453,72.85489654541016
2021-02-11,1824.9000244140625,58.2400016784668,4.0,23.049999237060547,72.80729675292969
2021-02-12,1821.5999755859375,59.470001220703125,4.0,22.040000915527344,72.70950317382812
2021-02-15,1821.5999755859375,59.470001220703125,4.0,22.040000915527344,72.59480285644531
2021-02-16,1797.199951171875,60.04999923706055,4.0,21.780000686645508,72.63870239257812
2021-02-17,1771.0999755859375,61.13999938964844,4.0,21.780000686645508,72.93499755859375
2021-02-18,1773.4000244140625,60.52000045776367,4.0,21.540000915527344,72.79730224609375
2021-02-19,1775.800048828125,59.2400016784668,4.0,22.25,72.60540008544922
2021-02-22,1806.699951171875,61.4900016784668,4.0,25.469999313354492,72.5530014038086
2021-02-23,1804.4000244140625,61.66999816894531,4.0,25.229999542236328,72.44400024414062
2021-02-24,1796.4000244140625,63.220001220703125,4.0,24.170000076293945,72.37699890136719
2021-02-25,1774.4000244140625,63.529998779296875,4.0,22.88999938964844,72.4000015258789
2021-02-26,1728.0999755859375,61.5,4.0,28.13999938964844,73.1509017944336
2021-03-01,1722.5,60.63999938964844,4.0,25.6299991607666,73.59590148925781
2021-03-02,1733.0999755859375,59.75,4.0,23.61000061035156,73.30940246582031
2021-03-03,1715.300048828125,61.279998779296875,4.0,22.09000015258789,73.27749633789062
2021-03-04,1700.199951171875,63.83000183105469,4.0,24.149999618530273,72.88069915771484
2021-03-05,1698.0,66.08999633789062,4.0,25.559999465942383,73.13179779052734
2021-03-08,1677.699951171875,65.05000305175781,4.0,24.68000030517578,73.1333999633789
2021-03-09,1716.5999755859375,64.01000213623047,4.0,22.5,73.33000183105469
2021-03-10,1721.5,64.44000244140625,4.0,20.75,72.7759017944336
2021-03-12,1719.5,65.61000061035156,4.0,21.709999084472656,72.63899993896484
2021-03-15,1728.9000244140625,65.38999938964844,4.0,21.229999542236328,72.68299865722656
2021-03-16,1730.5999755859375,64.80000305175781,4.0,20.190000534057617,72.51529693603516
2021-03-17,1726.800048828125,64.5999984741211,4.0,20.15999984741211,72.5156021118164
2021-03-18,1732.199951171875,60.0,4.0,20.079999923706055,72.29560089111328
2021-03-19,1741.4000244140625,61.41999816894531,4.0,19.989999771118164,72.6688003540039
2021-03-22,1737.800048828125,61.54999923706055,4.0,20.489999771118164,72.40499877929688
2021-03-23,1724.699951171875,57.7599983215332,4.0,20.670000076293945,72.38050079345703
2021-03-24,1732.9000244140625,61.18000030517578,4.0,22.459999084472656,72.61219787597656
2021-03-25,1724.9000244140625,58.560001373291016,4.0,22.700000762939453,72.64559936523438
2021-03-26,1732.199951171875,60.970001220703125,4.0,20.649999618530273,72.61280059814453
2021-03-30,1683.9000244140625,60.54999923706055,4.0,20.489999771118164,72.74189758300781
2021-03-31,1713.800048828125,59.15999984741211,4.0,20.649999618530273,73.44529724121094
2021-04-01,1726.5,61.45000076293945,4.0,19.989999771118164,73.20349884033203
2021-04-05,1727.0,58.650001525878906,4.0,21.219999313354492,73.3759994506836
2021-04-06,1741.5,59.33000183105469,4.0,20.84000015258789,73.27950286865234
2021-04-07,1740.0999755859375,59.77000045776367,4.0,20.25,73.48999786376953
2021-04-08,1756.800048828125,59.599998474121094,4.0,20.309999465942383,74.40149688720703
2021-04-09,1743.300048828125,59.31999969482422,4.0,19.790000915527344,74.54450225830078
2021-04-12,1731.199951171875,59.70000076293945,4.0,23.0,74.72949981689453
2021-04-13,1746.199951171875,60.18000030517578,4.0,20.459999084472656,74.99099731445312
2021-04-15,1765.4000244140625,63.459999084472656,4.0,20.88999938964844,75.0261001586914
2021-04-16,1779.0,63.130001068115234,4.0,20.399999618530273,74.72740173339844
2021-04-19,1769.4000244140625,63.380001068115234,4.0,22.489999771118164,74.56320190429688
2021-04-20,1777.300048828125,62.439998626708984,4.0,22.43000030517578,74.8781967163086
2021-04-22,1781.199951171875,61.43000030517578,4.0,23.030000686645508,75.42949676513672
2021-04-23,1777.0,62.13999938964844,4.0,22.690000534057617,75.0916976928711
2021-04-26,1779.199951171875,61.90999984741211,4.0,23.5,74.86810302734375
2021-04-27,1778.0,62.939998626708984,4.0,23.079999923706055,74.81490325927734
2021-04-28,1773.199951171875,63.86000061035156,4.0,22.579999923706055,74.57499694824219
2021-04-29,1768.0999755859375,65.01000213623047,4.0,23.309999465942383,74.31179809570312
2021-04-30,1767.300048828125,63.58000183105469,4.0,23.030000686645508,74.10579681396484
2021-05-03,1791.4000244140625,64.48999786376953,4.0,23.690000534057617,74.09480285644531
2021-05-04,1775.800048828125,65.69000244140625,4.0,23.010000228881836,73.8375015258789
2021-05-05,1784.0999755859375,65.62999725341797,4.0,23.010000228881836,73.77890014648438
2021-05-06,1815.5,64.70999908447266,4.0,22.040000915527344,73.79940032958984
2021-05-07,1831.0999755859375,64.9000015258789,4.0,20.81999969482422,73.61519622802734
2021-05-10,1837.5,64.91999816894531,4.0,20.229999542236328,73.29029846191406
2021-05-11,1835.9000244140625,65.27999877929688,4.0,20.229999542236328,73.5
2021-05-12,1822.5999755859375,66.08000183105469,4.0,20.079999923706055,73.3750991821289
2021-05-14,1837.9000244140625,65.37000274658203,4.0,20.270000457763672,73.44490051269531
2021-05-17,1867.5,66.2699966430664,4.0,19.61000061035156,73.27890014648438
2021-05-18,1867.800048828125,65.48999786376953,4.0,19.239999771118164,73.26969909667969
2021-05-19,1881.300048828125,63.36000061035156,4.0,19.31999969482422,73.1281967163086
2021-05-20,1881.800048828125,62.04999923706055,4.0,19.31999969482422,73.222900390625
2021-05-21,1876.699951171875,63.58000183105469,4.0,19.079999923706055,73.02189636230469
2021-05-24,1884.5999755859375,66.05000305175781,4.0,19.1299991607666,72.90979766845703
2021-05-25,1898.0999755859375,66.06999969482422,4.0,19.1299991607666,72.83660125732422
2021-05-26,1901.300048828125,66.20999908447266,4.0,20.8700008392334,72.80490112304688
2021-05-27,1895.699951171875,66.8499984741211,4.0,19.90999984741211,72.67250061035156
2021-05-28,1902.5,66.31999969482422,4.0,17.399999618530273,72.68299865722656
2021-05-31,1902.5,66.31999969482422,4.0,17.399999618530273,72.39350128173828
2021-06-01,1902.9000244140625,67.72000122070312,4.0,17.389999389648438,72.48719787597656
2021-06-02,1907.5,68.83000183105469,4.0,17.209999084472656,72.8550033569336
2021-06-03,1871.199951171875,68.80999755859375,4.0,15.75,72.96510314941406
2021-06-04,1889.800048828125,69.62000274658203,4.0,15.9399995803833,73.04419708251953
2021-06-07,1896.800048828125,69.2300033569336,4.0,15.56999969482422,72.90969848632812
2021-06-08,1892.199951171875,70.05000305175781,4.0,15.229999542236328,72.80940246582031
2021-06-09,1893.199951171875,69.95999908447266,4.0,14.75,72.97530364990234
2021-06-10,1894.199951171875,70.29000091552734,4.0,15.0,72.98529815673828
2021-06-11,1877.4000244140625,70.91000366210938,4.0,14.100000381469728,73.01229858398438
2021-06-14,1864.0,70.87999725341797,4.0,14.720000267028809,73.23159790039062
2021-06-15,1854.5,72.12000274658203,4.0,14.609999656677246,73.18080139160156
2021-06-16,1859.5,72.1500015258789,4.0,14.869999885559082,73.3447036743164
2021-06-17,1773.800048828125,71.04000091552734,4.0,15.289999961853027,73.8240966796875
2021-06-18,1767.9000244140625,71.63999938964844,4.0,14.800000190734863,74.25389862060547
2021-06-21,1781.800048828125,73.66000366210938,4.0,15.0600004196167,74.1438980102539
2021-06-22,1776.300048828125,73.05999755859375,4.0,14.739999771118164,74.13520050048828
2021-06-23,1782.300048828125,73.08000183105469,4.0,15.369999885559082,74.33219909667969
2021-06-24,1775.5999755859375,73.30000305175781,4.0,15.100000381469728,74.24690246582031
2021-06-25,1776.5999755859375,74.05000305175781,4.0,13.369999885559082,74.19029998779297
2021-06-28,1779.5999755859375,72.91000366210938,4.0,13.399999618530272,74.21299743652344
2021-06-29,1762.800048828125,72.9800033569336,4.0,13.0,74.285400390625
2021-06-30,1770.800048828125,73.47000122070312,4.0,13.050000190734863,74.28759765625
2021-07-01,1775.9000244140625,75.2300033569336,4.0,12.84000015258789,74.37100219726562
2021-07-02,1782.5999755859375,75.16000366210938,4.0,12.09000015258789,74.54499816894531
2021-07-05,1782.5999755859375,75.16000366210938,4.0,12.09000015258789,74.48179626464844
2021-07-06,1793.5,73.37000274658203,4.0,12.279999732971191,74.31780242919922
2021-07-07,1801.5,72.19999694824219,4.0,12.210000038146973,74.76290130615234
2021-07-08,1799.5999755859375,72.94000244140625,4.0,13.5600004196167,74.8218994140625
2021-07-09,1810.0,74.55999755859375,4.0,12.9399995803833,74.72139739990234
2021-07-12,1805.5,74.0999984741211,4.0,12.989999771118164,74.4905014038086
2021-07-13,1809.4000244140625,75.25,4.0,12.619999885559082,74.54170227050781
2021-07-14,1824.300048828125,73.12999725341797,4.0,12.59000015258789,74.65910339355469
2021-07-15,1828.4000244140625,71.6500015258789,4.0,12.270000457763672,74.46910095214844
2021-07-16,1814.5,71.80999755859375,4.0,11.710000038146973,74.53700256347656
2021-07-19,1808.699951171875,66.41999816894531,4.0,12.68000030517578,74.63179779052734
2021-07-20,1810.9000244140625,67.41999816894531,4.0,13.210000038146973,74.99340057373047
2021-07-22,1805.0,71.91000366210938,4.0,11.890000343322754,74.44020080566406
2021-07-23,1801.4000244140625,72.06999969482422,4.0,11.760000228881836,74.4520034790039
2021-07-26,1798.699951171875,71.91000366210938,4.0,12.449999809265137,74.44889831542969
2021-07-27,1799.5,71.6500015258789,4.0,13.229999542236328,74.28949737548828
2021-07-28,1799.5,72.38999938964844,4.0,13.6899995803833,74.5022964477539
2021-07-29,1831.199951171875,73.62000274658203,4.0,12.949999809265137,74.38999938964844
2021-07-30,1812.5999755859375,73.94999694824219,4.0,12.800000190734863,74.25199890136719
2021-08-02,1818.0999755859375,71.26000213623047,4.0,12.8100004196167,74.37909698486328
2021-08-03,1810.0999755859375,70.55999755859375,4.0,13.75,74.33200073242188
2021-08-04,1810.5,68.1500015258789,4.0,13.210000038146973,74.21440124511719
2021-08-05,1805.0999755859375,69.08999633789062,4.0,12.869999885559082,74.18399810791016
2021-08-06,1760.0,68.27999877929688,4.0,12.609999656677246,74.08200073242188
2021-08-09,1723.4000244140625,66.4800033569336,4.0,12.609999656677246,74.49140167236328
2021-08-10,1728.800048828125,68.29000091552734,4.0,12.710000038146973,74.46620178222656
2021-08-11,1750.4000244140625,69.25,4.0,12.710000038146973,74.43550109863281
2021-08-12,1749.0,69.08999633789062,4.0,12.369999885559082,74.10299682617188
2021-08-13,1775.199951171875,68.44000244140625,4.0,12.989999771118164,74.26010131835938
2021-08-16,1786.9000244140625,67.29000091552734,4.0,13.460000038146973,74.216796875
2021-08-17,1785.0,66.58999633789062,4.0,13.40999984741211,74.13500213623047
2021-08-18,1781.5999755859375,65.45999908447266,4.0,12.90999984741211,74.364501953125
2021-08-20,1781.0,62.31999969482422,4.0,14.020000457763672,74.4292984008789
2021-08-23,1803.199951171875,65.63999938964844,4.0,13.6899995803833,74.30149841308594
2021-08-24,1805.5999755859375,67.54000091552734,4.0,13.1899995803833,74.10590362548828
2021-08-25,1788.199951171875,68.36000061035156,4.0,13.5,74.1447982788086
2021-08-26,1792.199951171875,67.41999816894531,4.0,13.539999961853027,74.0999984741211
2021-08-27,1816.5999755859375,68.73999786376953,4.0,13.40999984741211,74.15599822998047
2021-08-30,1809.0,69.20999908447266,4.0,13.31999969482422,73.49659729003906
2021-08-31,1815.0,68.5,4.0,14.520000457763672,73.41120147705078
2021-09-01,1813.0999755859375,68.58999633789062,4.0,14.1899995803833,72.99669647216797
2021-09-02,1808.699951171875,69.98999786376953,4.0,14.239999771118164,72.98509979248047
2021-09-03,1830.9000244140625,69.29000091552734,4.0,14.539999961853027,73.0542984008789
2021-09-06,1830.9000244140625,69.29000091552734,4.0,15.109999656677246,72.99449920654297
2021-09-07,1795.9000244140625,68.3499984741211,4.0,14.899999618530272,73.11000061035156
2021-09-08,1790.699951171875,69.30000305175781,4.0,14.40999984741211,73.3904037475586
2021-09-09,1797.4000244140625,68.13999938964844,4.0,13.9399995803833,73.78900146484375
2021-09-13,1792.0,70.44999694824219,4.0,14.029999732971191,73.52429962158203
2021-09-14,1804.699951171875,70.45999908447266,4.0,13.579999923706056,73.54080200195312
2021-09-15,1792.4000244140625,72.61000061035156,4.0,13.729999542236328,73.65080261230469
2021-09-16,1754.5999755859375,72.61000061035156,4.0,14.40999984741211,73.43800354003906
2021-09-17,1749.4000244140625,71.97000122070312,4.0,15.229999542236328,73.56490325927734
2021-09-20,1761.800048828125,70.29000091552734,4.0,17.489999771118164,73.69609832763672
2021-09-21,1776.0,70.55999755859375,4.0,16.520000457763672,73.65899658203125
2021-09-22,1776.699951171875,72.2300033569336,4.0,16.489999771118164,73.7927017211914
2021-09-23,1747.699951171875,73.30000305175781,4.0,16.600000381469727,73.8749008178711
2021-09-24,1749.699951171875,73.9800033569336,4.0,16.920000076293945,73.83999633789062
2021-09-27,1750.0,75.44999694824219,4.0,18.049999237060547,73.81289672851562
2021-09-28,1735.800048828125,75.29000091552734,4.0,18.540000915527344,73.82530212402344
2021-09-29,1721.5,74.83000183105469,4.0,18.84000015258789,74.16329956054688
2021-09-30,1755.300048828125,75.02999877929688,4.0,18.399999618530273,74.3219985961914
2021-10-01,1757.0,75.87999725341797,4.0,17.209999084472656,74.25440216064453
2021-10-04,1766.199951171875,77.62000274658203,4.0,16.739999771118164,74.152099609375
2021-10-05,1759.5999755859375,78.93000030517578,4.0,16.399999618530273,74.57279968261719
2021-10-06,1760.5,77.43000030517578,4.0,17.329999923706055,74.56320190429688
2021-10-07,1757.9000244140625,78.30000305175781,4.0,16.15999984741211,74.76000213623047
2021-10-08,1756.300048828125,79.3499984741211,4.0,15.649999618530272,74.83000183105469
2021-10-11,1754.5999755859375,80.5199966430664,4.0,16.09000015258789,75.30580139160156
2021-10-12,1758.300048828125,80.63999938964844,4.0,15.850000381469728,75.40260314941406
2021-10-13,1793.699951171875,80.44000244140625,4.0,16.100000381469727,75.48390197753906
2021-10-14,1796.699951171875,81.30999755859375,4.0,15.770000457763672,75.3062973022461
2021-10-18,1764.800048828125,82.44000244140625,4.0,17.18000030517578,75.00589752197266
2021-10-19,1769.699951171875,82.95999908447266,4.0,17.3799991607666,75.2354965209961
2021-10-20,1784.0999755859375,83.87000274658203,4.0,18.309999465942383,75.12010192871094
2021-10-21,1781.199951171875,82.5,4.0,18.040000915527344,74.80919647216797
2021-10-22,1795.5,83.76000213623047,4.0,17.549999237060547,74.86540222167969
2021-10-25,1806.0,83.76000213623047,4.0,17.610000610351562,74.99369812011719
2021-10-26,1792.699951171875,84.6500015258789,4.0,16.75,75.08989715576172
2021-10-27,1797.9000244140625,82.66000366210938,4.0,16.829999923706055,74.88890075683594
2021-10-28,1801.5999755859375,82.80999755859375,4.0,17.90999984741211,75.05000305175781
2021-10-29,1783.0,83.56999969482422,4.0,17.43000030517578,74.79720306396484
2021-11-01,1795.0999755859375,84.05000305175781,4.0,17.239999771118164,74.92829895019531
2021-11-02,1788.699951171875,83.91000366210938,4.0,17.059999465942383,74.82990264892578
2021-11-03,1763.5999755859375,80.86000061035156,4.0,16.1299991607666,74.71199798583984
2021-11-04,1793.0,78.80999755859375,4.0,15.75,74.43550109863281
2021-11-08,1827.4000244140625,81.93000030517578,4.0,16.34000015258789,74.19110107421875
2021-11-09,1830.199951171875,84.1500015258789,4.0,16.0,73.91850280761719
2021-11-10,1847.5999755859375,81.33999633789062,4.0,16.309999465942383,74.17479705810547
2021-11-11,1863.199951171875,81.58999633789062,4.0,16.350000381469727,74.40489959716797
2021-11-12,1867.9000244140625,80.79000091552734,4.0,15.220000267028809,74.32209777832031
2021-11-15,1866.0999755859375,80.87999725341797,4.0,15.470000267028809,74.33999633789062
2021-11-16,1853.5999755859375,80.76000213623047,4.0,15.199999809265137,74.43509674072266
2021-11-17,1869.699951171875,78.36000061035156,4.0,14.979999542236328,74.45860290527344
2021-11-18,1861.0,79.01000213623047,4.0,14.859999656677246,74.25980377197266
2021-11-22,1806.0,76.75,4.0,17.520000457763672,74.30259704589844
2021-11-23,1783.5,78.5,4.0,18.020000457763672,74.42980194091797
2021-11-24,1784.0999755859375,78.38999938964844,4.0,17.100000381469727,74.4469985961914
2021-11-25,1784.0999755859375,78.38999938964844,4.0,16.65999984741211,74.625
2021-11-26,1785.300048828125,68.1500015258789,4.0,20.799999237060547,74.50579833984375
2021-11-29,1782.300048828125,69.94999694824219,4.0,20.829999923706055,74.98159790039062
2021-11-30,1773.5999755859375,66.18000030517578,4.0,21.170000076293945,75.05490112304688
2021-12-01,1781.5999755859375,65.56999969482422,4.0,19.450000762939453,75.0509033203125
2021-12-02,1760.699951171875,66.5,4.0,18.09000015258789,75.01789855957031
2021-12-03,1782.0,66.26000213623047,4.0,18.450000762939453,74.9834976196289
2021-12-06,1777.5,69.48999786376953,4.0,20.079999923706055,75.23400115966797
2021-12-07,1782.5999755859375,72.05000305175781,4.0,18.459999084472656,75.39129638671875
2021-12-08,1783.4000244140625,72.36000061035156,4.0,17.270000457763672,75.40859985351562
2021-12-09,1774.5999755859375,70.94000244140625,4.0,16.600000381469727,75.38330078125
2021-12-10,1782.9000244140625,71.66999816894531,4.0,16.059999465942383,75.59919738769531
2021-12-13,1786.300048828125,71.29000091552734,4.0,16.56999969482422,75.70999908447266
2021-12-14,1770.4000244140625,70.7300033569336,4.0,16.950000762939453,75.82689666748047
2021-12-15,1762.5999755859375,70.87000274658203,4.0,17.219999313354492,76.04720306396484
2021-12-16,1796.5999755859375,72.37999725341797,4.0,15.899999618530272,76.2114028930664
2021-12-17,1803.800048828125,70.86000061035156,4.0,16.34000015258789,76.1675033569336
2021-12-20,1793.699951171875,68.2300033569336,4.0,18.969999313354492,76.00599670410156
2021-12-21,1787.9000244140625,71.12000274658203,4.0,17.540000915527344,75.75869750976562
2021-12-22,1801.5999755859375,72.76000213623047,4.0,16.579999923706055,75.6864013671875
2021-12-23,1811.199951171875,73.79000091552734,4.0,15.829999923706056,75.45850372314453
2021-12-24,1811.199951171875,73.79000091552734,4.0,16.149999618530273,75.06739807128906
2021-12-27,1808.0999755859375,75.56999969482422,4.0,17.1200008392334,75.31500244140625
2021-12-28,1810.199951171875,75.9800033569336,4.0,16.479999542236328,74.98030090332031
2021-12-29,1805.0999755859375,76.55999755859375,4.0,16.239999771118164,74.74500274658203
2021-12-30,1812.699951171875,76.98999786376953,4.0,16.56999969482422,74.57029724121094
2021-12-31,1827.5,75.20999908447266,4.0,16.219999313354492,74.43119812011719
2022-01-03,1799.4000244140625,76.08000183105469,4.0,16.450000762939453,74.51380157470703
2022-01-04,1814.0,76.98999786376953,4.0,16.1200008392334,74.4032974243164
2022-01-05,1824.5999755859375,77.8499984741211,4.0,17.229999542236328,74.53489685058594
2022-01-06,1788.699951171875,79.45999908447266,4.0,17.979999542236328,74.43009948730469
2022-01-07,1797.0,78.9000015258789,4.0,17.600000381469727,74.41929626464844
2022-01-10,1798.4000244140625,78.2300033569336,4.0,17.68000030517578,74.2699966430664
2022-01-11,1818.5999755859375,81.22000122070312,4.0,17.760000228881836,74.05699920654297
2022-01-12,1827.199951171875,82.63999938964844,4.0,17.18000030517578,73.81529998779297
2022-01-13,1821.199951171875,82.12000274658203,4.0,16.700000762939453,73.79910278320312
2022-01-14,1816.5,83.81999969482422,4.0,16.559999465942383,73.97229766845703
2022-01-17,1816.5,83.81999969482422,4.0,16.770000457763672,74.37899780273438
2022-01-18,1812.300048828125,85.43000030517578,4.0,17.780000686645508,74.25509643554688
2022-01-19,1843.0999755859375,86.95999908447266,4.0,17.81999969482422,74.61969757080078
2022-01-20,1842.5,86.9000015258789,4.0,17.790000915527344,74.44920349121094
2022-01-21,1831.800048828125,85.13999938964844,4.0,18.88999938964844,74.45220184326172
2022-01-24,1841.699951171875,83.30999755859375,4.0,22.829999923706055,74.41320037841797
2022-01-25,1852.699951171875,85.5999984741211,4.0,21.36000061035156,74.6447982788086
2022-01-27,1793.300048828125,86.61000061035156,4.0,21.06999969482422,74.8949966430664
2022-01-28,1784.9000244140625,86.81999969482422,4.0,20.700000762939453,75.20929718017578
2022-01-31,1795.0,88.1500015258789,4.0,21.950000762939453,75.03900146484375
2022-02-01,1800.300048828125,88.19999694824219,4.0,19.979999542236328,74.55580139160156
2022-02-02,1809.199951171875,88.26000213623047,4.0,18.649999618530273,74.74549865722656
2022-02-03,1803.0,90.2699966430664,4.0,19.15999984741211,74.82240295410156
2022-02-04,1806.5999755859375,92.30999755859376,4.0,18.899999618530273,74.6438980102539
2022-02-07,1820.5999755859375,91.31999969482422,4.0,20.440000534057617,74.64219665527344
2022-02-08,1826.5999755859375,89.36000061035156,4.0,19.68000030517578,74.6583023071289
2022-02-09,1835.199951171875,89.66000366210938,4.0,18.559999465942383,74.69519805908203
2022-02-10,1836.199951171875,89.87999725341797,4.0,17.709999084472656,74.80889892578125
2022-02-11,1840.800048828125,93.0999984741211,4.0,18.68000030517578,75.53839874267578
2022-02-14,1868.0,95.45999908447266,4.0,22.979999542236328,75.34100341796875
2022-02-15,1854.800048828125,92.06999969482422,4.0,20.61000061035156,75.6854019165039
2022-02-16,1870.199951171875,93.66000366210938,4.0,20.59000015258789,75.17479705810547
2022-02-17,1900.699951171875,91.76000213623048,4.0,22.010000228881836,75.04199981689453
2022-02-18,1898.5999755859375,91.06999969482422,4.0,22.170000076293945,75.06300354003906
2022-02-21,1898.5999755859375,91.06999969482422,4.0,22.899999618530273,74.68240356445312
2022-02-22,1906.0999755859375,92.3499984741211,4.0,26.65999984741211,74.51699829101562
2022-02-23,1909.199951171875,92.0999984741211,4.0,24.540000915527344,74.62300109863281
2022-02-24,1925.0999755859375,92.80999755859376,4.0,31.979999542236328,74.63300323486328
2022-02-25,1886.5,91.58999633789062,4.0,26.739999771118164,75.4083023071289
2022-02-28,1899.4000244140625,95.72000122070312,4.0,28.56999969482422,75.06800079345703
2022-03-02,1920.9000244140625,110.5999984741211,4.0,29.229999542236328,75.80120086669922
2022-03-03,1934.4000244140625,107.66999816894533,4.0,28.15999984741211,75.63099670410156
2022-03-04,1965.0999755859375,115.68000030517578,4.0,27.959999084472656,75.8917007446289
2022-03-07,1993.9000244140625,119.4000015258789,4.0,29.329999923706055,76.41799926757812
2022-03-08,2040.0999755859375,123.6999969482422,4.0,28.59000015258789,77.08080291748047
2022-03-09,1985.9000244140625,108.6999969482422,4.0,27.469999313354492,76.91449737548828
2022-03-10,1998.0999755859375,106.0199966430664,4.0,25.579999923706055,76.13490295410156
2022-03-11,1982.699951171875,109.33000183105467,4.0,25.350000381469727,76.310302734375
2022-03-14,1959.5999755859375,103.01000213623048,4.0,25.68000030517578,76.75370025634766
2022-03-15,1928.5,96.44000244140624,4.0,26.729999542236328,76.49009704589844
2022-03-16,1908.0,95.04000091552734,4.0,24.1200008392334,76.26589965820312
2022-03-17,1942.0999755859375,102.9800033569336,4.0,22.61000061035156,76.02420043945312
2022-03-21,1928.5999755859375,112.12000274658205,4.0,24.6200008392334,75.94640350341797
2022-03-22,1920.699951171875,111.76000213623048,4.0,24.06999969482422,76.30709838867188
2022-03-23,1936.5999755859375,114.93000030517578,4.0,24.75,76.10189819335938
2022-03-24,1961.5999755859375,112.33999633789062,4.0,23.93000030517578,76.55239868164062
2022-03-25,1953.800048828125,113.9000015258789,4.0,23.43000030517578,76.32350158691406
2022-03-28,1939.5999755859375,105.95999908447266,4.0,22.61000061035156,76.27850341796875
2022-03-29,1912.0,104.23999786376952,4.0,21.299999237060547,76.03410339355469
2022-03-30,1933.5,107.81999969482422,4.0,20.61000061035156,75.66670227050781
2022-03-31,1949.199951171875,100.27999877929688,4.0,20.559999465942383,75.82779693603516
2022-04-01,1919.0999755859375,99.2699966430664,4.0,18.43000030517578,75.9092025756836
2022-04-04,1929.199951171875,103.27999877929688,4.0,17.90999984741211,75.99479675292969
2022-04-05,1922.9000244140625,101.95999908447266,4.0,18.489999771118164,75.47799682617188
2022-04-06,1918.4000244140625,96.2300033569336,4.0,19.020000457763672,75.45069885253906
2022-04-07,1933.800048828125,96.02999877929688,4.0,19.0,75.94509887695312
2022-04-08,1941.5999755859375,98.26000213623048,4.0,17.690000534057617,75.91320037841797
2022-04-11,1944.300048828125,94.29000091552734,4.0,18.270000457763672,75.91729736328125
2022-04-12,1972.0999755859375,100.5999984741211,4.0,18.15999984741211,75.83699798583984
2022-04-13,1981.0,104.25,4.0,17.790000915527344,76.1498031616211
2022-04-18,1982.9000244140625,108.20999908447266,4.0,19.34000015258789,76.3313980102539
2022-04-19,1955.699951171875,102.55999755859376,4.0,19.770000457763672,76.28019714355469
2022-04-20,1952.300048828125,102.75,4.0,18.670000076293945,76.44539642333984
2022-04-21,1944.9000244140625,103.79000091552734,4.0,17.850000381469727,76.27619934082031
2022-04-22,1931.0,102.06999969482422,4.0,18.350000381469727,76.28520202636719
2022-04-25,1893.199951171875,98.54000091552734,4.0,21.260000228881836,76.4635009765625
2022-04-26,1901.4000244140625,101.6999969482422,4.0,19.190000534057617,76.52780151367188
2022-04-27,1885.9000244140625,102.0199966430664,4.0,20.61000061035156,76.79409790039062
2022-04-28,1888.699951171875,105.36000061035156,4.0,19.3799991607666,76.47219848632812
2022-04-29,1909.300048828125,104.69000244140624,4.0,19.420000076293945,76.58899688720703
2022-05-02,1861.800048828125,105.16999816894533,4.0,20.280000686645508,76.52310180664062
2022-05-04,1867.0,107.80999755859376,4.0,21.8799991607666,76.46730041503906
2022-05-05,1874.0,108.26000213623048,4.0,20.290000915527344,76.00160217285156
2022-05-06,1881.199951171875,109.7699966430664,4.0,21.25,76.54180145263672
2022-05-09,1857.0999755859375,103.08999633789062,4.0,22.030000686645508,76.9574966430664
2022-05-10,1839.9000244140625,99.76000213623048,4.0,22.299999237060547,77.3655014038086
2022-05-11,1852.5999755859375,105.70999908447266,4.0,22.799999237060547,77.27140045166016
2022-05-12,1823.800048828125,106.12999725341795,4.0,24.270000457763672,77.41840362548828
2022-05-13,1807.4000244140625,110.48999786376952,4.0,23.489999771118164,77.44380187988281
2022-05-16,1813.5,114.1999969482422,4.0,24.530000686645508,77.48629760742188
2022-05-17,1818.199951171875,112.4000015258789,4.0,22.739999771118164,77.8053970336914
2022-05-18,1815.9000244140625,109.58999633789062,4.0,22.299999237060547,77.37239837646484
2022-05-19,1841.199951171875,112.20999908447266,4.0,24.559999465942383,77.81999969482422
2022-05-20,1841.800048828125,113.2300033569336,4.0,23.100000381469727,77.42109680175781
2022-05-23,1847.800048828125,110.29000091552734,4.0,23.399999618530273,77.81839752197266
2022-05-24,1865.0999755859375,109.7699966430664,4.0,25.63999938964844,77.52680206298828
2022-05-25,1846.199951171875,110.33000183105467,4.0,25.280000686645508,77.47879791259766
2022-05-26,1847.4000244140625,114.08999633789062,4.0,22.719999313354492,77.49729919433594
2022-05-27,1851.300048828125,115.06999969482422,4.0,21.479999542236328,77.63020324707031
2022-05-30,1851.300048828125,115.06999969482422,4.0,19.979999542236328,77.69200134277344
2022-05-31,1842.699951171875,114.66999816894533,4.0,20.479999542236328,77.5208969116211
2022-06-01,1843.300048828125,115.26000213623048,4.4,20.850000381469727,77.5989990234375
2022-06-02,1866.5,116.87000274658205,4.4,20.31999969482422,77.58409881591797
2022-06-03,1845.4000244140625,118.87000274658205,4.4,19.979999542236328,77.3604965209961
2022-06-06,1839.199951171875,118.5,4.4,20.200000762939453,77.69419860839844
2022-06-07,1847.5,119.41000366210938,4.4,20.43000030517578,77.82099914550781
2022-06-08,1851.9000244140625,122.11000061035156,4.4,19.84000015258789,77.67060089111328
2022-06-09,1848.800048828125,121.51000213623048,4.4,19.13999938964844,77.72429656982422
2022-06-10,1871.5,120.66999816894533,4.4,19.579999923706055,77.8187026977539
2022-06-13,1828.0,120.93000030517578,4.4,22.3700008392334,78.17759704589844
2022-06-14,1809.5,118.93000030517578,4.4,21.88999938964844,78.16059875488281
2022-06-15,1815.300048828125,115.30999755859376,4.4,22.149999618530273,77.9854965209961
2022-06-16,1845.699951171875,117.58999633789062,4.4,22.8700008392334,77.90019989013672
2022-06-17,1835.5999755859375,109.55999755859376,4.4,22.760000228881836,77.97769927978516
2022-06-20,1835.5999755859375,109.55999755859376,4.4,22.40999984741211,77.9614028930664
2022-06-21,1834.5999755859375,110.6500015258789,4.4,21.13999938964844,77.93399810791016
2022-06-22,1834.300048828125,106.19000244140624,4.4,21.299999237060547,78.13490295410156
2022-06-23,1825.699951171875,104.2699966430664,4.4,20.8799991607666,78.19309997558594
2022-06-24,1826.5,107.62000274658205,4.4,20.549999237060547,78.14240264892578
2022-06-27,1820.9000244140625,109.56999969482422,4.4,21.010000228881836,78.2522964477539
2022-06-28,1817.5,111.76000213623048,4.4,21.450000762939453,78.44110107421875
2022-06-29,1813.699951171875,109.77999877929688,4.4,21.899999618530273,79.07319641113281
2022-06-30,1804.0999755859375,105.76000213623048,4.4,21.84000015258789,78.89830017089844
2022-07-01,1798.9000244140625,108.43000030517578,4.9,21.25,78.96299743652344
2022-07-04,1798.9000244140625,108.43000030517578,4.9,20.969999313354492,78.95069885253906
2022-07-05,1761.800048828125,99.5,4.9,20.790000915527344,78.93949890136719
2022-07-06,1734.9000244140625,98.52999877929688,4.9,20.270000457763672,79.36840057373047
2022-07-07,1737.9000244140625,102.7300033569336,4.9,19.200000762939453,79.04389953613281
2022-07-08,1740.5999755859375,104.79000091552734,4.9,18.399999618530273,79.22160339355469
2022-07-11,1730.0,104.08999633789062,4.9,18.3700008392334,79.3313980102539
2022-07-12,1723.300048828125,95.83999633789062,4.9,18.549999237060547,79.47779846191406
2022-07-13,1734.199951171875,96.3000030517578,4.9,18.520000457763672,79.47640228271484
2022-07-14,1704.5,95.77999877929688,4.9,18.34000015258789,79.80750274658203
2022-07-15,1702.4000244140625,97.58999633789062,4.9,17.600000381469727,79.87830352783203
2022-07-18,1709.199951171875,102.5999984741211,4.9,17.15999984741211,79.72049713134766
2022-07-19,1710.0,104.22000122070312,4.9,17.200000762939453,80.0302963256836
2022-07-20,1699.5,102.26000213623048,4.9,16.81999969482422,79.85590362548828
2022-07-21,1712.699951171875,96.3499984741211,4.9,16.860000610351562,80.00340270996094
2022-07-22,1727.0999755859375,94.6999969482422,4.9,16.649999618530273,79.7759017944336
2022-07-25,1719.0,96.6999969482422,4.9,17.68000030517578,79.87680053710938
2022-07-26,1717.699951171875,94.9800033569336,4.9,18.170000076293945,79.72250366210938
2022-07-27,1719.0999755859375,97.26000213623048,4.9,18.1299991607666,79.84120178222656
2022-07-28,1750.300048828125,96.41999816894533,4.9,17.010000228881836,79.84739685058594
2022-07-29,1762.9000244140625,98.62000274658205,4.9,16.549999237060547,79.57150268554688
2022-08-01,1769.0,93.88999938964844,4.9,17.489999771118164,79.1948013305664
2022-08-02,1771.0999755859375,94.41999816894533,4.9,18.530000686645508,78.95570373535156
2022-08-03,1758.0,90.66000366210938,4.9,18.450000762939453,78.60449981689453
2022-08-04,1788.5,88.54000091552734,4.9,19.260000228881836,79.11830139160156
2022-08-05,1772.9000244140625,89.01000213623047,4.9,18.920000076293945,79.15489959716797
2022-08-08,1786.800048828125,90.76000213623048,4.9,19.299999237060547,79.41059875488281
2022-08-10,1795.5999755859375,91.93000030517578,4.9,19.59000015258789,79.57839965820312
2022-08-11,1789.699951171875,94.33999633789062,4.9,18.36000061035156,79.0978012084961
2022-08-12,1798.5999755859375,92.08999633789062,4.9,17.610000610351562,79.61399841308594
2022-08-16,1773.199951171875,86.52999877929688,4.9,17.68000030517578,79.55290222167969
2022-08-17,1760.300048828125,88.11000061035156,4.9,17.68000030517578,79.14600372314453
2022-08-18,1755.300048828125,90.5,4.9,17.350000381469727,79.35970306396484
2022-08-19,1747.5999755859375,90.7699966430664,4.9,18.290000915527344,79.7667007446289
2022-08-22,1734.0,90.2300033569336,4.9,19.040000915527344,79.91790008544922
2022-08-23,1746.800048828125,93.73999786376952,4.9,19.049999237060547,79.88379669189453
2022-08-24,1747.800048828125,94.88999938964844,4.9,18.43000030517578,79.85449981689453
2022-08-25,1757.699951171875,92.5199966430664,4.9,19.56999969482422,79.79679870605469
2022-08-26,1736.0999755859375,93.05999755859376,4.9,18.219999313354492,79.88289642333984
2022-08-29,1736.5999755859375,97.01000213623048,4.9,19.81999969482422,79.95909881591797
2022-08-30,1723.199951171875,91.63999938964844,4.9,18.700000762939453,79.96790313720703
2022-09-01,1696.5999755859375,86.61000061035156,5.4,19.8700008392334,79.54879760742188
2022-09-02,1709.800048828125,86.87000274658203,5.4,19.549999237060547,79.716796875
2022-09-05,1709.800048828125,86.87000274658203,5.4,19.65999984741211,79.72450256347656
2022-09-06,1700.4000244140625,86.87999725341797,5.4,19.520000457763672,79.78299713134766
2022-09-07,1715.300048828125,81.94000244140625,5.4,19.3700008392334,79.89510345458984
2022-09-08,1708.0,83.54000091552734,5.4,18.309999465942383,79.6498031616211
2022-09-09,1716.199951171875,86.79000091552734,5.4,17.719999313354492,79.706298828125
2022-09-12,1728.0999755859375,87.77999877929688,5.4,17.940000534057617,79.65579986572266
2022-09-13,1705.0,87.30999755859375,5.4,17.469999313354492,79.35530090332031
2022-09-14,1696.5,88.4800033569336,5.4,18.280000686645508,79.60240173339844
2022-09-15,1665.4000244140625,85.0999984741211,5.4,18.38999938964844,79.45369720458984
2022-09-16,1671.699951171875,85.11000061035156,5.4,19.81999969482422,79.8490982055664
2022-09-19,1666.199951171875,85.7300033569336,5.4,19.940000534057617,79.68949890136719
2022-09-20,1659.699951171875,84.44999694824219,5.4,18.799999237060547,79.7074966430664
2022-09-21,1664.5999755859375,82.94000244140625,5.4,19.329999923706055,79.76270294189453
2022-09-22,1670.800048828125,83.48999786376953,5.4,18.81999969482422,80.05069732666016
2022-09-23,1645.300048828125,78.73999786376953,5.4,20.59000015258789,81.06220245361328
2022-09-26,1623.300048828125,76.70999908447266,5.4,21.88999938964844,81.25479888916016
2022-09-27,1626.699951171875,78.5,5.4,21.56999969482422,81.61579895019531
2022-09-28,1660.4000244140625,82.1500015258789,5.4,22.100000381469727,81.72460174560547
2022-09-29,1658.5,81.2300033569336,5.4,21.299999237060547,81.42870330810547
2022-09-30,1662.4000244140625,79.48999786376953,5.4,19.969999313354492,81.48059844970703
2022-10-03,1692.9000244140625,83.62999725341797,5.9,21.3700008392334,81.52130126953125
2022-10-04,1721.0999755859375,86.5199966430664,5.9,19.56999969482422,81.49500274658203
2022-10-06,1711.699951171875,88.44999694824219,5.9,19.31999969482422,81.6488037109375
2022-10-07,1700.5,92.63999938964844,5.9,18.809999465942383,82.3489990234375
2022-10-10,1667.300048828125,91.12999725341795,5.9,19.6200008392334,82.8322982788086
2022-10-11,1678.699951171875,89.3499984741211,5.9,20.489999771118164,82.42070007324219
2022-10-12,1670.300048828125,87.2699966430664,5.9,20.18000030517578,82.2739028930664
2022-10-13,1670.0,89.11000061035156,5.9,20.290000915527344,82.19999694824219
2022-10-14,1641.699951171875,85.61000061035156,5.9,18.260000228881836,82.19210052490234
2022-10-17,1657.0,85.45999908447266,5.9,18.420000076293945,82.41280364990234
2022-10-18,1649.0,82.81999969482422,5.9,17.450000762939453,82.1947021484375
2022-10-19,1627.5,85.55000305175781,5.9,17.489999771118164,82.2863998413086
2022-10-20,1630.800048828125,85.9800033569336,5.9,17.229999542236328,82.99700164794922
2022-10-21,1651.0,85.05000305175781,5.9,17.280000686645508,82.82569885253906
2022-10-24,1648.699951171875,84.58000183105469,5.9,17.420000076293945,82.54129791259766
2022-10-25,1652.800048828125,85.31999969482422,5.9,16.8799991607666,82.7614974975586
2022-10-27,1660.699951171875,89.08000183105469,5.9,16.600000381469727,82.04959869384766
2022-10-28,1639.5999755859375,87.9000015258789,5.9,15.920000076293944,82.44249725341797
2022-10-31,1635.9000244140625,86.52999877929688,5.9,15.800000190734863,82.23919677734375
2022-11-01,1645.0,88.37000274658203,5.9,16.1299991607666,82.72899627685547
2022-11-02,1645.699951171875,90.0,5.9,16.65999984741211,82.68450164794922
2022-11-03,1627.300048828125,88.16999816894531,5.9,15.9399995803833,82.88839721679688
2022-11-04,1672.5,92.61000061035156,5.9,15.65999984741211,82.68180084228516
2022-11-07,1676.5,91.79000091552734,5.9,15.59000015258789,81.9749984741211
2022-11-09,1710.0999755859375,85.83000183105469,5.9,15.920000076293944,81.40519714355469
2022-11-10,1750.300048828125,86.47000122070312,5.9,15.56999969482422,81.34380340576172
2022-11-11,1766.0,88.95999908447266,5.9,14.40999984741211,80.48290252685547
2022-11-14,1773.5999755859375,85.87000274658203,5.9,14.90999984741211,80.49700164794922
2022-11-15,1773.800048828125,86.91999816894531,5.9,14.640000343322754,80.99199676513672
2022-11-16,1773.0,85.58999633789062,5.9,15.100000381469728,81.07140350341797
2022-11-17,1760.800048828125,81.63999938964844,5.9,14.880000114440918,81.49530029296875
2022-11-18,1751.9000244140625,80.08000183105469,5.9,14.390000343322754,81.52490234375
2022-11-21,1737.4000244140625,79.7300033569336,5.9,14.800000190734863,81.5198974609375
2022-11-22,1738.300048828125,80.94999694824219,5.9,13.84000015258789,81.72769927978516
2022-11-23,1744.9000244140625,77.94000244140625,5.9,14.039999961853027,81.71499633789062
2022-11-24,1744.9000244140625,77.94000244140625,5.9,13.479999542236328,81.63289642333984
2022-11-25,1753.300048828125,76.27999877929688,5.9,13.329999923706056,81.65540313720703
2022-11-28,1740.0999755859375,77.23999786376953,5.9,13.56999969482422,81.6697006225586
2022-11-29,1748.4000244140625,78.19999694824219,5.9,13.619999885559082,81.65029907226562
2022-11-30,1746.0,80.55000305175781,5.9,13.8100004196167,81.63089752197266
2022-12-01,1801.0999755859375,81.22000122070312,5.9,13.359999656677246,81.3052978515625
2022-12-02,1795.9000244140625,79.9800033569336,5.9,13.449999809265137,81.16220092773438
2022-12-05,1767.4000244140625,76.93000030517578,5.9,13.729999542236328,81.42250061035156
2022-12-06,1769.300048828125,74.25,5.9,14.039999961853027,81.89900207519531
2022-12-07,1785.5,72.01000213623047,5.9,14.079999923706056,82.37220001220703
2022-12-08,1788.699951171875,71.45999908447266,5.9,13.399999618530272,82.25350189208984
2022-12-09,1798.0999755859375,71.0199966430664,5.9,13.479999542236328,82.2791976928711
2022-12-12,1780.5,73.16999816894531,5.9,13.31999969482422,82.41300201416016
2022-12-13,1813.9000244140625,75.38999938964844,5.9,12.880000114440918,82.64469909667969
2022-12-14,1807.5,77.27999877929688,5.9,12.890000343322754,82.40249633789062
2022-12-15,1777.199951171875,76.11000061035156,5.9,13.729999542236328,82.50800323486328
2022-12-16,1790.0,74.29000091552734,5.9,14.06999969482422,82.85790252685547
2022-12-19,1787.699951171875,75.19000244140625,5.9,13.550000190734863,82.72599792480469
2022-12-20,1815.9000244140625,76.08999633789062,5.9,13.779999732971191,82.58190155029297
2022-12-21,1815.9000244140625,78.29000091552734,5.9,15.5600004196167,82.63690185546875
2022-12-22,1787.0,77.48999786376953,5.9,15.1899995803833,82.87860107421875
2022-12-23,1795.9000244140625,79.55999755859375,5.9,16.15999984741211,82.8749008178711
2022-12-26,1795.9000244140625,79.55999755859375,5.9,16.15999984741211,82.6041030883789
2022-12-27,1814.800048828125,79.52999877929688,5.9,15.289999961853027,82.90290069580078
2022-12-28,1807.9000244140625,78.95999908447266,5.9,15.399999618530272,82.7761001586914
2022-12-29,1819.5,78.4000015258789,5.9,14.8100004196167,82.85199737548828
2022-12-30,1819.699951171875,80.26000213623047,5.9,14.869999885559082,82.83509826660156
2023-01-02,1819.699951171875,80.26000213623047,6.25,14.6899995803833,82.74980163574219
2023-01-03,1839.699951171875,76.93000030517578,6.25,14.390000343322754,82.70600128173828
2023-01-04,1852.800048828125,72.83999633789062,6.25,15.199999809265137,82.78569793701172
2023-01-05,1834.800048828125,73.66999816894531,6.25,14.979999542236328,82.66649627685547
2023-01-06,1864.199951171875,73.7699966430664,6.25,15.029999732971191,82.64520263671875
2023-01-09,1872.699951171875,74.62999725341797,6.25,14.649999618530272,82.27339935302734
2023-01-10,1871.5999755859375,75.12000274658203,6.25,15.510000228881836,82.18009948730469
2023-01-11,1874.5999755859375,77.41000366210938,6.25,15.4399995803833,81.63739776611328
2023-01-12,1895.5,78.38999938964844,6.25,15.279999732971191,81.63179779052734
2023-01-13,1918.4000244140625,79.86000061035156,6.25,14.460000038146973,81.1156005859375
2023-01-16,1918.4000244140625,79.86000061035156,6.25,15.020000457763672,81.27799987792969
2023-01-17,1907.199951171875,80.18000030517578,6.25,14.59000015258789,81.65260314941406
2023-01-18,1904.4000244140625,79.4800033569336,6.25,14.369999885559082,81.52549743652344
2023-01-19,1922.0999755859375,80.33000183105469,6.25,13.960000038146973,81.43599700927734
2023-01-20,1926.4000244140625,81.30999755859375,6.25,13.789999961853027,81.23979949951172
2023-01-23,1927.0999755859375,81.62000274658203,6.25,13.619999885559082,80.97599792480469
2023-01-24,1933.9000244140625,80.12999725341797,6.25,13.65999984741211,81.48799896240234
2023-01-25,1941.199951171875,80.1500015258789,6.25,14.65999984741211,81.60189819335938
2023-01-27,1928.5999755859375,79.68000030517578,6.25,17.31999969482422,81.44509887695312
2023-01-30,1922.9000244140625,77.9000015258789,6.25,17.709999084472656,81.50800323486328
2023-01-31,1929.5,78.87000274658203,6.25,16.8799991607666,81.57990264892578
2023-02-01,1927.800048828125,76.41000366210938,6.25,16.780000686645508,81.76840209960938
2023-02-02,1916.300048828125,75.87999725341797,6.25,15.729999542236328,81.71029663085938
2023-02-03,1862.9000244140625,73.38999938964844,6.25,14.399999618530272,82.0458984375
2023-02-06,1866.199951171875,74.11000061035156,6.25,14.6899995803833,82.22599792480469
2023-02-07,1871.699951171875,77.13999938964844,6.25,14.130000114440918,82.75499725341797
2023-02-08,1877.4000244140625,78.47000122070312,6.25,13.600000381469728,82.74189758300781
2023-02-09,1866.199951171875,78.05999755859375,6.25,13.039999961853027,82.65950012207031
2023-02-10,1862.800048828125,79.72000122070312,6.25,12.75,82.533203125
2023-02-13,1851.9000244140625,80.13999938964844,6.25,13.68000030517578,82.51300048828125
2023-02-14,1854.0,79.05999755859375,6.25,13.449999809265137,82.59739685058594
2023-02-15,1834.199951171875,78.58999633789062,6.25,12.859999656677246,82.86759948730469
2023-02-16,1842.0,78.48999786376953,6.25,12.890000343322754,82.73770141601562
2023-02-17,1840.4000244140625,76.33999633789062,6.25,13.09000015258789,82.69529724121094
2023-02-20,1840.4000244140625,76.33999633789062,6.25,13.380000114440918,82.75800323486328
2023-02-21,1833.0,76.16000366210938,6.25,14.010000228881836,82.69750213623047
2023-02-22,1832.0,73.94999694824219,6.25,15.59000015258789,82.86119842529297
2023-02-23,1818.0,75.38999938964844,6.25,15.079999923706056,82.83529663085938
2023-02-24,1808.800048828125,76.31999969482422,6.25,14.1899995803833,82.6178970336914
2023-02-27,1817.0,75.68000030517578,6.25,13.880000114440918,82.91799926757812
2023-02-28,1828.9000244140625,77.05000305175781,6.25,14.020000457763672,82.6520004272461
2023-03-01,1837.699951171875,77.69000244140625,6.5,13.0,82.6353988647461
2023-03-02,1833.5,78.16000366210938,6.5,12.970000267028809,82.4198989868164
2023-03-03,1847.699951171875,79.68000030517578,6.5,12.18000030517578,82.35569763183594
2023-03-06,1847.9000244140625,80.45999908447266,6.5,12.270000457763672,81.7125015258789
2023-03-08,1812.699951171875,76.66000366210938,6.5,12.449999809265137,82.07460021972656
2023-03-09,1829.300048828125,75.72000122070312,6.5,12.729999542236328,81.9645004272461
2023-03-10,1862.0,76.68000030517578,6.5,13.40999984741211,82.01840209960938
2023-03-13,1911.699951171875,74.80000305175781,6.5,16.219999313354492,81.95800018310547
2023-03-14,1906.199951171875,71.33000183105469,6.5,16.219999313354492,82.41739654541016
2023-03-15,1926.5999755859375,67.61000061035156,6.5,16.299999237060547,82.30490112304688
2023-03-16,1919.0,68.3499984741211,6.5,16.219999313354492,82.7156982421875
2023-03-17,1969.800048828125,66.73999786376953,6.5,14.770000457763672,82.622802734375
2023-03-20,1979.199951171875,67.63999938964844,6.5,16.010000228881836,82.53299713134766
2023-03-21,1938.0,69.33000183105469,6.5,15.079999923706056,82.52909851074219
2023-03-22,1946.800048828125,70.9000015258789,6.5,14.8100004196167,82.677001953125
2023-03-23,1993.800048828125,69.95999908447266,6.5,14.489999771118164,82.52580261230469
2023-03-24,1982.0999755859375,69.26000213623047,6.5,15.239999771118164,82.26529693603516
2023-03-27,1952.4000244140625,72.80999755859375,6.5,15.449999809265137,82.33879852294922
2023-03-28,1972.4000244140625,73.19999694824219,6.5,15.100000381469728,82.21489715576172
2023-03-29,1966.0999755859375,72.97000122070312,6.5,13.630000114440918,82.16429901123047
2023-03-31,1969.0,75.66999816894531,6.5,12.9399995803833,82.10050201416016
2023-04-03,1983.9000244140625,80.41999816894531,6.5,12.59000015258789,82.18479919433594
2023-04-05,2020.9000244140625,80.61000061035156,6.5,12.40999984741211,82.11479949951172
2023-04-06,2011.9000244140625,80.69999694824219,6.5,11.800000190734863,81.94999694824219
2023-04-10,1989.0999755859375,79.73999786376953,6.5,12.270000457763672,81.88480377197266
2023-04-11,2004.800048828125,81.52999877929688,6.5,11.979999542236328,81.98390197753906
2023-04-12,2010.9000244140625,83.26000213623047,6.5,12.270000457763672,82.07009887695312
2023-04-13,2041.300048828125,82.16000366210938,6.5,11.90999984741211,81.96060180664062
2023-04-17,1994.199951171875,80.83000183105469,6.5,12.270000457763672,81.84480285644531
2023-04-18,2007.4000244140625,80.86000061035156,6.5,12.079999923706056,82.00370025634766
2023-04-19,1995.199951171875,79.16000366210938,6.5,12.149999618530272,82.10790252685547
2023-04-20,2007.5999755859375,77.29000091552734,6.5,11.9399995803833,82.34010314941406
2023-04-21,1979.5,77.87000274658203,6.5,11.630000114440918,82.14089965820312
2023-04-24,1989.0999755859375,78.76000213623047,6.5,11.670000076293944,82.05480194091797
2023-04-25,1994.0,77.06999969482422,6.5,11.520000457763672,81.85230255126953
2023-04-26,1985.699951171875,74.30000305175781,6.5,11.649999618530272,81.9916000366211
2023-04-27,1989.9000244140625,74.76000213623047,6.5,11.43000030517578,81.76689910888672
2023-04-28,1990.0999755859375,76.77999877929688,6.5,10.949999809265137,81.76509857177734
2023-05-02,2014.300048828125,71.66000366210938,6.5,11.899999618530272,81.77469635009766
2023-05-03,2028.5999755859375,68.5999984741211,6.5,11.84000015258789,81.77870178222656
2023-05-04,2048.0,68.55999755859375,6.5,11.729999542236328,81.77999877929688
2023-05-05,2017.4000244140625,71.33999633789062,6.5,12.300000190734863,81.71610260009766
2023-05-08,2026.300048828125,73.16000366210938,6.5,12.640000343322754,81.72979736328125
2023-05-09,2036.199951171875,73.70999908447266,6.5,12.68000030517578,81.78710174560547
2023-05-10,2030.5,72.55999755859375,6.5,13.079999923706056,82.1050033569336
2023-05-11,2014.699951171875,70.87000274658203,6.5,13.220000267028809,81.9198989868164
2023-05-12,2014.5,70.04000091552734,6.5,12.850000381469728,82.10030364990234
2023-05-15,2018.0,71.11000061035156,6.5,13.170000076293944,82.20030212402344
2023-05-16,1988.4000244140625,70.86000061035156,6.5,13.289999961853027,82.2667007446289
2023-05-17,1980.699951171875,72.83000183105469,6.5,13.109999656677246,82.2959976196289
2023-05-18,1956.5,71.86000061035156,6.5,12.800000190734863,82.45030212402344
2023-05-19,1978.699951171875,71.55000305175781,6.5,12.300000190734863,82.72509765625
2023-05-22,1974.800048828125,71.98999786376953,6.5,12.56999969482422,82.90480041503906
2023-05-23,1972.4000244140625,72.91000366210938,6.5,12.609999656677246,82.82499694824219
2023-05-24,1962.800048828125,74.33999633789062,6.5,13.109999656677246,82.8906021118164
2023-05-25,1943.0999755859375,71.83000183105469,6.5,12.520000457763672,82.71369934082031
2023-05-26,1944.0999755859375,72.66999816894531,6.5,11.899999618530272,82.74210357666016
2023-05-29,1944.0999755859375,72.66999816894531,6.5,12.300000190734863,82.57479858398438
2023-05-30,1958.0,69.45999908447266,6.5,12.010000228881836,82.57969665527344
2023-05-31,1963.9000244140625,68.08999633789062,6.5,11.970000267028809,82.68389892578125
2023-06-01,1978.0,70.0999984741211,6.5,11.600000381469728,82.66680145263672
2023-06-02,1952.4000244140625,71.73999786376953,6.5,11.130000114440918,82.27670288085938
2023-06-05,1958.0,72.1500015258789,6.5,11.140000343322754,82.40979766845703
2023-06-06,1965.5,71.73999786376953,6.5,11.380000114440918,82.51119995117188
2023-06-07,1942.699951171875,72.52999877929688,6.5,11.4399995803833,82.51719665527344
2023-06-08,1963.5999755859375,71.29000091552734,6.5,11.260000228881836,82.61810302734375
2023-06-09,1962.199951171875,70.16999816894531,6.5,11.119999885559082,82.48829650878906
2023-06-12,1955.300048828125,67.12000274658203,6.5,11.25,82.4448013305664
2023-06-13,1944.5999755859375,69.41999816894531,6.5,11.109999656677246,82.33719635009766
2023-06-14,1955.300048828125,68.2699966430664,6.5,11.15999984741211,82.29039764404297
2023-06-15,1957.800048828125,70.62000274658203,6.5,11.079999923706056,82.04499816894531
2023-06-16,1958.4000244140625,71.77999877929688,6.5,10.84000015258789,81.9126968383789
2023-06-19,1958.4000244140625,71.77999877929688,6.5,11.229999542236328,81.91480255126953
2023-06-20,1935.5,70.5,6.5,11.130000114440918,81.98139953613281
2023-06-21,1933.300048828125,72.52999877929688,6.5,11.289999961853027,81.9917984008789
2023-06-22,1912.699951171875,69.51000213623047,6.5,11.550000190734863,81.94149780273438
2023-06-23,1919.0999755859375,69.16000366210938,6.5,11.239999771118164,81.91929626464844
2023-06-26,1923.699951171875,69.37000274658203,6.5,11.399999618530272,81.98480224609375
2023-06-27,1914.0,67.69999694824219,6.5,10.779999732971191,82.00650024414062
2023-06-28,1912.300048828125,69.55999755859375,6.5,10.890000343322754,81.99839782714844
2023-06-30,1921.0999755859375,70.63999938964844,6.5,10.800000190734863,82.07540130615234
2023-07-03,1921.699951171875,69.79000091552734,6.5,11.539999961853027,82.09629821777344
2023-07-04,1921.699951171875,69.79000091552734,6.5,11.699999809265137,81.95010375976562
2023-07-05,1919.5999755859375,71.79000091552734,6.5,11.880000114440918,82.0071029663086
2023-07-06,1908.699951171875,71.80000305175781,6.5,11.84000015258789,82.39409637451172
2023-07-07,1926.199951171875,73.86000061035156,6.5,11.529999732971191,82.76840209960938
2023-07-10,1925.0,72.98999786376953,6.5,11.460000038146973,82.61530303955078
2023-07-11,1931.300048828125,74.83000183105469,6.5,11.010000228881836,82.52529907226562
2023-07-12,1956.199951171875,75.75,6.5,10.9399995803833,82.39990234375
2023-07-13,1959.199951171875,76.88999938964844,6.5,10.9399995803833,82.00180053710938
2023-07-14,1960.0999755859375,75.41999816894531,6.5,10.68000030517578,82.03079986572266
2023-07-17,1952.4000244140625,74.1500015258789,6.5,11.31999969482422,82.07679748535156
2023-07-18,1977.199951171875,75.75,6.5,11.710000038146973,82.06159973144531
2023-07-19,1977.5,75.3499984741211,6.5,11.600000381469728,82.07540130615234
2023-07-20,1968.300048828125,75.62999725341797,6.5,11.789999961853027,82.06169891357422
2023-07-21,1964.300048828125,77.06999969482422,6.5,11.489999771118164,82.0823974609375
2023-07-24,1960.300048828125,78.73999786376953,6.5,11.649999618530272,81.99030303955078
2023-07-25,1962.0999755859375,79.62999725341797,6.5,10.239999771118164,81.81420135498047
2023-07-26,1968.9000244140625,78.77999877929688,6.5,10.460000038146973,81.95010375976562
2023-07-27,1945.4000244140625,80.08999633789062,6.5,10.510000228881836,81.97550201416016
2023-07-28,1960.4000244140625,80.58000183105469,6.5,10.140000343322754,82.3749008178711
2023-07-31,1970.5,81.80000305175781,6.5,10.40999984741211,82.25279998779297
2023-08-01,1940.699951171875,81.37000274658203,6.5,10.279999732971191,82.2332992553711
2023-08-02,1937.4000244140625,79.48999786376953,6.5,11.279999732971191,82.30729675292969
2023-08-03,1932.0,81.55000305175781,6.5,11.1899995803833,82.7332992553711
2023-08-04,1939.5999755859375,82.81999969482422,6.5,10.56999969482422,82.7843017578125
2023-08-07,1933.5,81.94000244140625,6.5,11.100000381469728,82.69529724121094
2023-08-08,1924.0999755859375,82.91999816894531,6.5,11.329999923706056,82.74829864501953
2023-08-09,1915.4000244140625,84.4000015258789,6.5,11.140000343322754,82.84500122070312
2023-08-10,1914.4000244140625,82.81999969482422,6.5,11.399999618530272,82.86630249023438
2023-08-11,1912.9000244140625,83.19000244140625,6.5,11.520000457763672,82.79989624023438
2023-08-14,1910.5999755859375,82.51000213623047,6.5,12.0,82.89730072021484
2023-08-16,1896.0999755859375,79.37999725341797,6.5,12.130000114440918,83.19419860839844
2023-08-17,1884.0999755859375,80.38999938964844,6.5,12.239999771118164,83.23699951171875
2023-08-18,1886.0999755859375,81.25,6.5,12.140000343322754,83.09829711914062
2023-08-21,1893.300048828125,80.72000122070312,6.5,11.960000038146973,83.16729736328125
2023-08-22,1896.4000244140625,80.3499984741211,6.5,11.75,83.1135025024414
2023-08-23,1918.5,78.88999938964844,6.5,11.729999542236328,83.07330322265625
2023-08-24,1918.199951171875,79.05000305175781,6.5,11.699999809265137,82.5447006225586
2023-08-25,1911.0999755859375,79.83000183105469,6.5,12.079999923706056,82.64140319824219
2023-08-28,1917.9000244140625,80.0999984741211,6.5,12.399999618530272,82.66429901123047
2023-08-29,1936.5,81.16000366210938,6.5,12.229999542236328,82.69149780273438
2023-08-30,1944.300048828125,81.62999725341797,6.5,11.800000190734863,82.49469757080078
2023-08-31,1938.199951171875,83.62999725341797,6.5,12.0600004196167,82.70040130615234
2023-09-01,1939.800048828125,85.55000305175781,6.5,11.369999885559082,82.68240356445312
2023-09-04,1939.800048828125,85.55000305175781,6.5,10.960000038146973,82.6969985961914
2023-09-05,1926.199951171875,86.69000244140625,6.5,10.81999969482422,82.7345962524414
2023-09-06,1918.0999755859375,87.54000091552734,6.5,10.68000030517578,83.08609771728516
2023-09-07,1917.5,86.87000274658203,6.5,10.869999885559082,83.25740051269531
2023-09-08,1918.4000244140625,87.51000213623047,6.5,10.779999732971191,83.24150085449219
2023-09-11,1923.300048828125,87.29000091552734,6.5,11.350000381469728,83.03130340576172
2023-09-12,1911.300048828125,88.83999633789062,6.5,11.6899995803833,82.94329833984375
2023-09-13,1909.0999755859375,88.5199966430664,6.5,11.829999923706056,82.84300231933594
2023-09-14,1910.0,90.16000366210938,6.5,11.31999969482422,82.93679809570312
2023-09-15,1923.699951171875,90.7699966430664,6.5,10.899999618530272,83.0282974243164
2023-09-18,1931.5,91.4800033569336,6.5,10.84000015258789,83.08580017089844
2023-09-20,1945.5999755859375,90.27999877929688,6.5,11.130000114440918,83.19499969482422
2023-09-21,1919.199951171875,89.62999725341797,6.5,10.81999969482422,83.08699798583984
2023-09-22,1925.4000244140625,90.02999877929688,6.5,10.65999984741211,82.89129638671875
2023-09-25,1916.5999755859375,89.68000030517578,6.5,10.899999618530272,82.97480010986328
2023-09-26,1900.4000244140625,90.38999938964844,6.5,11.1899995803833,83.0282974243164
2023-09-27,1871.5999755859375,93.68000030517578,6.5,11.59000015258789,83.29869842529297
2023-09-28,1860.4000244140625,91.70999908447266,6.5,12.81999969482422,83.22270202636719
2023-09-29,1848.0999755859375,90.79000091552734,6.5,11.449999809265137,83.19300079345703
2023-10-03,1824.5999755859375,89.2300033569336,6.5,11.789999961853027,83.3593978881836
2023-10-04,1818.5,84.22000122070312,6.5,11.65999984741211,83.22979736328125
2023-10-05,1816.5999755859375,82.30999755859375,6.5,10.9399995803833,83.44979858398438
2023-10-06,1830.199951171875,82.79000091552734,6.5,10.300000190734863,83.22489929199219
2023-10-09,1849.5,86.37999725341797,6.5,11.399999618530272,83.12460327148438
2023-10-10,1861.0,85.97000122070312,6.5,11.270000457763672,83.27030181884766
2023-10-11,1872.800048828125,83.48999786376953,6.5,10.989999771118164,83.25029754638672
2023-10-12,1869.300048828125,82.91000366210938,6.5,10.619999885559082,83.21800231933594
2023-10-13,1927.4000244140625,87.69000244140625,6.5,10.619999885559082,83.26239776611328
2023-10-16,1921.0999755859375,86.66000366210938,6.5,11.06999969482422,83.28230285644531
2023-10-17,1922.699951171875,86.66000366210938,6.5,10.699999809265137,83.19950103759766
2023-10-18,1955.300048828125,88.31999969482422,6.5,10.970000267028809,83.26429748535156
2023-10-19,1968.4000244140625,89.37000274658203,6.5,10.899999618530272,83.26860046386719
2023-10-20,1982.5,88.75,6.5,10.81999969482422,83.12229919433594
2023-10-23,1976.300048828125,85.48999786376953,6.5,10.90999984741211,83.15979766845703
2023-10-25,1984.0999755859375,85.38999938964844,6.5,11.3100004196167,82.98780059814453
2023-10-26,1987.199951171875,83.20999908447266,6.5,11.729999542236328,83.1709976196289
2023-10-27,1988.5999755859375,85.54000091552734,6.5,10.90999984741211,83.28250122070312
2023-10-30,1996.199951171875,82.30999755859375,6.5,11.489999771118164,83.41339874267578
2023-10-31,1985.199951171875,81.0199966430664,6.5,11.829999923706056,83.29650115966797
2023-11-01,1978.800048828125,80.44000244140625,6.5,12.050000190734863,83.2771987915039
2023-11-02,1985.5999755859375,82.45999908447266,6.5,11.079999923706056,85.19400024414062
2023-11-03,1991.5,80.51000213623047,6.5,10.880000114440918,83.24729919433594
2023-11-06,1981.5999755859375,80.81999969482422,6.5,11.109999656677246,83.15850067138672
2023-11-07,1966.800048828125,77.37000274658203,6.5,11.1899995803833,83.2228012084961
2023-11-08,1951.5,75.33000183105469,6.5,11.039999961853027,83.23269653320312
2023-11-09,1964.199951171875,75.73999786376953,6.5,10.979999542236328,83.21769714355469
2023-11-10,1932.5999755859375,77.16999816894531,6.5,11.109999656677246,83.31939697265625
2023-11-13,1945.5,78.26000213623047,6.5,11.1899995803833,83.29889678955078
2023-11-15,1960.0999755859375,76.66000366210938,6.5,11.140000343322754,82.98159790039062
2023-11-16,1983.9000244140625,72.9000015258789,6.5,11.649999618530272,83.18620300292969
2023-11-17,1981.5999755859375,75.88999938964844,6.5,11.829999923706056,83.12030029296875
2023-11-20,1977.699951171875,77.5999984741211,6.5,12.149999618530272,83.29149627685547
2023-11-21,1999.300048828125,77.7699966430664,6.5,12.229999542236328,83.32219696044922
2023-11-22,1991.4000244140625,77.0999984741211,6.5,11.869999885559082,83.345703125
2023-11-23,1991.4000244140625,77.0999984741211,6.5,11.31999969482422,83.54830169677734
2023-11-24,2002.199951171875,75.54000091552734,6.5,11.329999923706056,83.34400177001953
2023-11-28,2039.699951171875,76.41000366210938,6.5,12.18000030517578,83.364501953125
2023-11-29,2047.0999755859375,77.86000061035156,6.5,12.710000038146973,83.41809844970703
2023-11-30,2038.0999755859375,75.95999908447266,6.5,12.6899995803833,83.3302993774414
2023-12-01,2071.0,74.06999969482422,6.5,12.380000114440918,83.35269927978516
2023-12-04,2024.0999755859375,73.04000091552734,6.5,12.989999771118164,83.21859741210938
2023-12-05,2018.5,72.31999969482422,6.5,13.460000038146973,83.41709899902344
2023-12-06,2030.5,69.37999725341797,6.5,13.739999771118164,83.31590270996094
2023-12-07,2029.9000244140625,69.33999633789062,6.5,12.670000076293944,83.28959655761719
2023-12-08,1998.300048828125,71.2300033569336,6.5,12.470000267028809,83.35489654541016
2023-12-11,1978.0,71.31999969482422,6.5,12.760000228881836,83.43009948730469
2023-12-12,1977.800048828125,68.61000061035156,6.5,12.710000038146973,83.34349822998047
2023-12-13,1982.300048828125,69.47000122070312,6.5,12.06999969482422,83.39600372314453
2023-12-14,2030.199951171875,71.58000183105469,6.5,12.31999969482422,83.2853012084961
2023-12-15,2021.0999755859375,71.43000030517578,6.5,13.130000114440918,83.29660034179688
2023-12-18,2026.300048828125,72.47000122070312,6.5,13.899999618530272,83.04170227050781
2023-12-19,2038.4000244140625,73.44000244140625,6.5,13.869999885559082,83.11119842529297
2023-12-20,2034.5,74.22000122070312,6.5,14.449999809265137,83.09159851074219
2023-12-21,2039.0999755859375,73.88999938964844,6.5,13.760000228881836,83.26719665527344
2023-12-22,2057.10009765625,73.55999755859375,6.5,13.710000038146973,83.13159942626953
2023-12-26,2058.199951171875,75.56999969482422,6.5,14.68000030517578,83.17230224609375
2023-12-27,2081.89990234375,74.11000061035156,6.5,15.5600004196167,83.18280029296875
2023-12-28,2073.89990234375,71.7699966430664,6.5,15.140000343322754,83.26719665527344
2023-12-29,2062.39990234375,71.6500015258789,6.5,14.5,82.302001953125
2024-01-01,2062.39990234375,71.6500015258789,6.5,14.5,83.24859619140625
2024-01-02,2064.39990234375,70.37999725341797,6.5,14.579999923706056,83.20259857177734
2024-01-03,2034.199951171875,72.69999694824219,6.5,14.100000381469728,83.25700378417969
2024-01-04,2042.300048828125,72.19000244140625,6.5,13.329999923706056,83.31809997558594
2024-01-05,2042.4000244140625,73.80999755859375,6.5,12.630000114440918,83.2406005859375
2024-01-08,2026.5999755859375,70.7699966430664,6.5,13.460000038146973,83.19110107421875
2024-01-09,2026.4000244140625,72.23999786376953,6.5,13.260000228881836,83.05069732666016
2024-01-10,2021.699951171875,71.37000274658203,6.5,12.970000267028809,83.131103515625
2024-01-11,2014.300048828125,72.0199966430664,6.5,12.770000457763672,83.02559661865234
2024-01-12,2046.699951171875,72.68000030517578,6.5,13.100000381469728,83.07610321044922
2024-01-15,2046.699951171875,72.68000030517578,6.5,13.789999961853027,82.87210083007812
2024-01-16,2026.0,72.4000015258789,6.5,13.56999969482422,82.8593978881836
2024-01-17,2002.5999755859375,72.55999755859375,6.5,15.079999923706056,83.08899688720703
2024-01-18,2018.5999755859375,74.08000183105469,6.5,14.06999969482422,83.17759704589844
2024-01-19,2026.5,73.41000366210938,6.5,13.880000114440918,83.16059875488281
2024-01-23,2023.699951171875,74.37000274658203,6.5,14.850000381469728,83.09510040283203
2024-01-24,2013.9000244140625,75.08999633789062,6.5,14.380000114440918,83.22139739990234
2024-01-25,2016.9000244140625,77.36000061035156,6.5,13.869999885559082,83.09760284423828
2024-01-29,2025.199951171875,76.77999877929688,6.5,15.68000030517578,83.12129974365234
2024-01-30,2031.5,77.81999969482422,6.5,16.100000381469727,83.1530990600586
2024-01-31,2048.39990234375,75.8499984741211,6.5,16.049999237060547,83.10970306396484
2024-02-01,2053.0,73.81999969482422,6.5,14.460000038146973,83.05359649658203
2024-02-02,2036.0999755859375,72.27999877929688,6.5,14.699999809265137,82.92759704589844
2024-02-05,2025.699951171875,72.77999877929688,6.5,15.619999885559082,82.99929809570312
2024-02-06,2034.5,73.30999755859375,6.5,15.789999961853027,83.10369873046875
2024-02-07,2035.199951171875,73.86000061035156,6.5,15.510000228881836,83.07060241699219
2024-02-08,2032.199951171875,76.22000122070312,6.5,15.829999923706056,83.01260375976562
2024-02-09,2023.300048828125,76.83999633789062,6.5,15.449999809265137,82.98529815673828
2024-02-12,2018.199951171875,76.91999816894531,6.5,16.059999465942383,83.0145034790039
2024-02-13,1992.9000244140625,77.87000274658203,6.5,15.8100004196167,82.99019622802734
2024-02-14,1990.300048828125,76.63999938964844,6.5,15.4399995803833,83.07460021972656
2024-02-15,2002.0999755859375,78.02999877929688,6.5,15.229999542236328,83.04309844970703
2024-02-16,2011.5,79.19000244140625,6.5,15.220000267028809,83.00959777832031
2024-02-19,2011.5,79.19000244140625,6.5,15.220000267028809,83.01599884033203
2024-02-20,2027.5,78.18000030517578,6.5,16.06999969482422,83.02100372314453
2024-02-21,2022.300048828125,77.91000366210938,6.5,15.93000030517578,82.8291015625
2024-02-22,2019.699951171875,78.61000061035156,6.5,15.199999809265137,82.93840026855469
2024-02-23,2038.5999755859375,76.48999786376953,6.5,14.970000267028809,82.87229919433594
2024-02-26,2028.5,77.58000183105469,6.5,15.600000381469728,82.88179779052734
2024-02-27,2034.0,78.87000274658203,6.5,15.729999542236328,82.85199737548828
2024-02-28,2033.0,78.54000091552734,6.5,16.329999923706055,82.94819641113281
2024-02-29,2045.699951171875,78.26000213623047,6.5,15.56999969482422,82.91190338134766
2024-03-01,2086.89990234375,79.97000122070312,6.5,15.239999771118164,82.910400390625
2024-03-04,2117.699951171875,78.73999786376953,6.5,14.920000076293944,82.84609985351562
2024-03-05,2133.5,78.1500015258789,6.5,14.380000114440918,82.9104995727539
2024-03-06,2150.300048828125,79.12999725341797,6.5,14.300000190734863,82.88480377197266
2024-03-07,2158.0,78.93000030517578,6.5,13.609999656677246,82.81909942626953
2024-03-11,2182.5,77.93000030517578,6.5,14.0,82.7520980834961
2024-03-12,2160.39990234375,77.55999755859375,6.5,13.640000343322754,82.7782974243164
2024-03-13,2175.39990234375,79.72000122070312,6.5,14.43000030517578,82.83509826660156
2024-03-14,2163.0,81.26000213623047,6.5,13.619999885559082,82.83110046386719
2024-03-15,2157.300048828125,81.04000091552734,6.5,13.6899995803833,82.9655990600586
2024-03-18,2160.699951171875,82.72000122070312,6.5,13.899999618530272,82.88890075683594
2024-03-19,2156.300048828125,83.47000122070312,6.5,14.109999656677246,82.86360168457031
2024-03-20,2157.89990234375,81.68000030517578,6.5,13.470000267028809,83.04239654541016
2024-03-21,2182.39990234375,81.06999969482422,6.5,12.510000228881836,83.05460357666016
2024-03-22,2158.10009765625,80.62999725341797,6.5,12.220000267028809,83.22660064697266
2024-03-26,2175.60009765625,81.62000274658203,6.5,12.81999969482422,83.41739654541016
2024-03-27,2190.60009765625,81.3499984741211,6.5,12.699999809265137,83.34549713134766
2024-03-28,2217.39990234375,83.16999816894531,6.5,12.829999923706056,83.36499786376953
2024-04-01,2236.5,83.70999908447266,6.5,12.079999923706056,83.36479949951172
2024-04-02,2261.0,85.1500015258789,6.5,11.649999618530272,83.40969848632812
2024-04-03,2294.39990234375,85.43000030517578,6.5,11.369999885559082,83.35030364990234
2024-04-04,2288.800048828125,86.58999633789062,6.5,11.220000267028809,83.37329864501953
2024-04-05,2325.699951171875,86.91000366210938,6.5,11.34000015258789,83.47779846191406
2024-04-08,2331.699951171875,86.43000030517578,6.5,11.609999656677246,83.29679870605469
2024-04-09,2343.5,85.2300033569336,6.5,11.359999656677246,83.26959991455078
2024-04-10,2329.60009765625,86.20999908447266,6.5,11.109999656677246,83.22429656982422
2024-04-12,2356.199951171875,85.66000366210938,6.5,11.529999732971191,83.34929656982422
2024-04-15,2365.800048828125,85.41000366210938,6.5,12.470000267028809,83.61109924316406
2024-04-16,2390.800048828125,85.36000061035156,6.5,12.619999885559082,83.50599670410156
2024-04-18,2382.300048828125,82.7300033569336,6.5,13.039999961853027,83.5958023071289
2024-04-19,2398.39990234375,83.13999938964844,6.5,13.460000038146973,83.54499816894531
2024-04-22,2332.199951171875,82.8499984741211,6.5,12.699999809265137,83.38529968261719
2024-04-23,2327.699951171875,83.36000061035156,6.5,10.199999809265137,83.38619995117188
2024-04-24,2324.5,82.80999755859375,6.5,10.279999732971191,83.2833023071289
2024-04-25,2329.800048828125,83.56999969482422,6.5,10.729999542236328,83.3405990600586
2024-04-26,2334.800048828125,83.8499984741211,6.5,10.93000030517578,83.30180358886719
2024-04-29,2345.39990234375,82.62999725341797,6.5,12.239999771118164,83.40229797363281
2024-04-30,2291.39990234375,81.93000030517578,6.5,12.869999885559082,83.45110321044922
2024-05-02,2299.199951171875,78.94999694824219,6.5,13.449999809265137,83.40640258789062
2024-05-03,2299.0,78.11000061035156,6.5,14.619999885559082,83.40630340576172
2024-05-06,2321.60009765625,78.4800033569336,6.5,16.600000381469727,83.37999725341797
2024-05-07,2315.199951171875,78.37999725341797,6.5,17.010000228881836,83.4728012084961
2024-05-08,2313.60009765625,78.98999786376953,6.5,17.079999923706055,83.46990203857422
2024-05-09,2332.10009765625,79.26000213623047,6.5,18.200000762939453,83.46430206298828
2024-05-10,2367.300048828125,78.26000213623047,6.5,18.469999313354492,83.45939636230469
2024-05-13,2336.10009765625,79.12000274658203,6.5,20.600000381469727,83.5248031616211
2024-05-14,2353.39990234375,78.0199966430664,6.5,20.200000762939453,83.50550079345703
2024-05-15,2388.699951171875,78.62999725341797,6.5,20.270000457763672,83.52420043945312
2024-05-16,2380.0,79.2300033569336,6.5,20.0,83.40509796142578
2024-05-17,2412.199951171875,80.05999755859375,6.5,19.799999237060547,83.47010040283203
2024-05-21,2421.699951171875,79.26000213623047,6.5,21.809999465942383,83.31500244140625
2024-05-22,2389.199951171875,77.56999969482422,6.5,21.469999313354492,83.31680297851562
2024-05-23,2335.0,76.87000274658203,6.5,21.3799991607666,83.26709747314453
2024-05-24,2332.5,77.72000122070312,6.5,21.709999084472656,83.2863998413086
2024-05-27,2332.5,77.72000122070312,6.5,23.190000534057617,83.05220031738281
2024-05-28,2355.199951171875,79.83000183105469,6.5,24.200000762939453,83.14569854736328
2024-05-29,2340.300048828125,79.2300033569336,6.5,24.18000030517578,83.20649719238281
2024-05-30,2342.89990234375,77.91000366210938,6.5,24.18000030517578,83.3656005859375
2024-05-31,2322.89990234375,76.98999786376953,6.5,24.600000381469727,83.3208999633789
2024-06-03,2346.60009765625,74.22000122070312,6.5,20.940000534057617,83.45079803466797
2024-06-04,2325.5,73.25,6.5,26.75,83.09339904785156
2024-06-05,2354.10009765625,74.06999969482422,6.5,18.88999938964844,83.62940216064453
2024-06-06,2370.300048828125,75.55000305175781,6.5,16.799999237060547,83.38079833984375
2024-06-07,2305.199951171875,75.52999877929688,6.5,16.8799991607666,83.47309875488281
2024-06-10,2307.699951171875,77.73999786376953,6.5,16.399999618530273,83.52760314941406
2024-06-11,2307.5,77.9000015258789,6.5,14.770000457763672,83.52980041503906
2024-06-12,2336.0,78.5,6.5,14.390000343322754,83.5968017578125
2024-06-13,2300.199951171875,78.62000274658203,6.5,13.489999771118164,83.5343017578125
2024-06-14,2331.39990234375,78.44999694824219,6.5,12.81999969482422,83.52210235595703
2024-06-18,2330.39990234375,81.56999969482422,6.5,12.970000267028809,83.51010131835938
2024-06-19,2330.39990234375,81.56999969482422,6.5,13.710000038146973,83.37409973144531
2024-06-20,2353.800048828125,82.16999816894531,6.5,13.350000381469728,83.41950225830078
2024-06-21,2316.39990234375,80.7300033569336,6.5,13.18000030517578,83.60160064697266
2024-06-24,2330.0,81.62999725341797,6.5,14.0600004196167,83.5625
2024-06-25,2316.60009765625,80.83000183105469,6.5,14.3100004196167,83.46040344238281
2024-06-26,2299.199951171875,80.9000015258789,6.5,14.050000190734863,83.41459655761719
2024-06-27,2324.5,81.73999786376953,6.5,14.149999618530272,83.58039855957031
2024-06-28,2327.699951171875,81.54000091552734,6.5,13.800000190734863,83.45089721679688
2024-07-01,2327.60009765625,83.37999725341797,6.5,13.829999923706056,83.36750030517578
2024-07-02,2323.0,82.80999755859375,6.5,13.640000343322754,83.44129943847656
2024-07-03,2359.800048828125,83.87999725341797,6.5,13.210000038146973,83.4791030883789
2024-07-04,2359.800048828125,83.87999725341797,6.5,12.859999656677246,83.49120330810547
2024-07-05,2388.5,83.16000366210938,6.5,12.699999809265137,83.49340057373047
2024-07-08,2355.199951171875,82.33000183105469,6.5,13.600000381469728,83.47209930419922
2024-07-09,2360.10009765625,81.41000366210938,6.5,14.279999732971191,83.45760345458984
2024-07-10,2372.199951171875,82.0999984741211,6.5,14.43000030517578,83.49299621582031
2024-07-11,2415.0,82.62000274658203,6.5,14.0,83.49590301513672
2024-07-12,2414.0,82.20999908447266,6.5,13.729999542236328,83.51850128173828
2024-07-15,2422.89990234375,81.91000366210938,6.5,14.1899995803833,83.52030181884766
2024-07-16,2462.39990234375,80.76000213623047,6.5,14.220000267028809,83.58760070800781
2024-07-18,2451.800048828125,82.81999969482422,6.5,14.510000228881836,83.57209777832031
2024-07-19,2395.5,80.12999725341797,6.5,14.829999923706056,83.67430114746094
2024-07-22,2392.0,79.77999877929688,6.5,15.4399995803833,83.73030090332031
2024-07-23,2404.60009765625,76.95999908447266,6.5,12.75,83.67130279541016
2024-07-24,2413.300048828125,77.58999633789062,6.5,11.760000228881836,83.70680236816406
2024-07-25,2351.89990234375,78.27999877929688,6.5,12.619999885559082,83.74299621582031
2024-07-26,2380.0,77.16000366210938,6.5,12.25,83.73760223388672
2024-07-29,2377.300048828125,75.80999755859375,6.5,12.949999809265137,83.72779846191406
2024-07-30,2405.0,74.7300033569336,6.5,12.880000114440918,83.75050354003906
2024-07-31,2426.5,77.91000366210938,6.5,13.25,83.73899841308594
2024-08-01,2435.0,76.30999755859375,6.5,12.93000030517578,83.7177963256836
2024-08-02,2425.699951171875,73.5199966430664,6.5,14.31999969482422,83.743896484375
2024-08-05,2401.699951171875,72.94000244140625,6.5,20.3700008392334,83.73529815673828
2024-08-06,2389.10009765625,73.19999694824219,6.5,18.739999771118164,84.00260162353516
2024-08-07,2390.5,75.2300033569336,6.5,16.170000076293945,83.93489837646484
2024-08-08,2422.199951171875,76.19000244140625,6.5,16.600000381469727,83.94239807128906
2024-08-09,2432.10009765625,76.83999633789062,6.5,15.34000015258789,83.98899841308594
2024-08-12,2462.39990234375,80.05999755859375,6.5,15.869999885559082,83.94979858398438
2024-08-13,2466.699951171875,78.3499984741211,6.5,16.170000076293945,83.88999938964844
2024-08-14,2439.39990234375,76.9800033569336,6.5,15.4399995803833,83.88200378417969
2024-08-16,2498.60009765625,76.6500015258789,6.5,14.399999618530272,83.94830322265625
2024-08-19,2501.800048828125,74.37000274658203,6.5,14.31999969482422,83.88980102539062
2024-08-20,2511.300048828125,74.04000091552734,6.5,13.81999969482422,83.87860107421875
2024-08-21,2508.39990234375,71.93000030517578,6.5,13.329999923706056,83.77940368652344
2024-08-22,2478.89990234375,73.01000213623047,6.5,13.0,83.88860321044922
2024-08-23,2508.39990234375,74.83000183105469,6.5,13.550000190734863,83.94059753417969
2024-08-26,2517.699951171875,77.41999816894531,6.5,13.800000190734863,83.81379699707031
2024-08-27,2516.0,75.52999877929688,6.5,13.630000114440918,83.88369750976562
2024-08-28,2501.0,74.5199966430664,6.5,13.949999809265137,83.92160034179688
2024-08-29,2525.699951171875,75.91000366210938,6.5,13.789999961853027,83.94149780273438
2024-08-30,2493.800048828125,73.55000305175781,6.5,13.390000343322754,83.89510345458984
2024-09-02,2493.800048828125,73.55000305175781,6.5,14.0600004196167,83.86380004882812
2024-09-03,2489.89990234375,70.33999633789062,6.5,13.84000015258789,83.92729949951172
2024-09-04,2493.39990234375,69.19999694824219,6.5,14.380000114440918,83.95030212402344
2024-09-05,2511.39990234375,69.1500015258789,6.5,14.210000038146973,83.98249816894531
2024-09-06,2493.5,67.66999816894531,6.5,15.220000267028809,83.98359680175781
2024-09-09,2501.800048828125,68.70999908447266,6.5,14.239999771118164,83.98259735107422
2024-09-10,2512.300048828125,65.75,6.5,13.359999656677246,83.98090362548828
2024-09-11,2512.10009765625,67.30999755859375,6.5,13.630000114440918,83.98200225830078
2024-09-12,2551.199951171875,68.97000122070312,6.5,13.18000030517578,83.99259948730469
2024-09-13,2581.300048828125,68.6500015258789,6.5,12.550000190734863,83.93479919433594
2024-09-16,2580.39990234375,70.08999633789062,6.5,12.460000038146973,83.88480377197266
2024-09-17,2564.300048828125,71.19000244140625,6.5,12.59000015258789,83.88400268554688
2024-09-18,2570.699951171875,70.91000366210938,6.5,13.369999885559082,83.77059936523438
2024-09-19,2588.0,71.94999694824219,6.5,12.470000267028809,83.69170379638672
2024-09-20,2619.89990234375,71.91999816894531,6.5,12.789999961853027,83.61470031738281
2024-09-23,2626.5,70.37000274658203,6.5,13.789999961853027,83.48709869384766
2024-09-24,2651.199951171875,71.55999755859375,6.5,13.390000343322754,83.55960083007812
2024-09-25,2659.199951171875,69.69000244140625,6.5,12.739999771118164,83.56759643554688
2024-09-26,2669.89990234375,67.66999816894531,6.5,12.0,83.62409973144531
2024-09-27,2644.300048828125,68.18000030517578,6.5,11.960000038146973,83.61710357666016
2024-09-30,2636.10009765625,68.16999816894531,6.5,12.789999961853027,83.71640014648438
2024-10-01,2667.300048828125,69.83000183105469,6.5,11.989999771118164,83.82730102539062
2024-10-03,2657.10009765625,73.70999908447266,6.5,13.170000076293944,83.91960144042969
2024-10-04,2645.800048828125,74.37999725341797,6.5,14.130000114440918,84.0093994140625
2024-10-07,2644.800048828125,77.13999938964844,6.5,15.079999923706056,84.02780151367188
2024-10-08,2615.0,73.56999969482422,6.5,14.59000015258789,83.96410369873047
2024-10-09,2606.0,73.23999786376953,6.5,14.119999885559082,83.91459655761719
2024-10-10,2620.60009765625,75.8499984741211,6.5,13.5,83.94219970703125
2024-10-11,2657.60009765625,75.55999755859375,6.5,13.220000267028809,83.94599914550781
2024-10-14,2647.800048828125,73.83000183105469,6.5,13.0,84.16829681396484
2024-10-15,2661.39990234375,70.58000183105469,6.5,13.0,84.04850006103516
2024-10-16,2674.0,70.38999938964844,6.5,13.050000190734863,84.05619812011719
2024-10-17,2691.0,70.66999816894531,6.5,13.390000343322754,84.03929901123047
2024-10-18,2713.699951171875,69.22000122070312,6.5,13.039999961853027,84.05380249023438
2024-10-21,2723.10009765625,70.55999755859375,6.5,13.760000228881836,84.0687026977539
2024-10-22,2744.199951171875,72.08999633789062,6.5,14.399999618530272,84.07350158691406
2024-10-23,2714.39990234375,70.7699966430664,6.5,14.619999885559082,84.08399963378906
2024-10-24,2734.89990234375,70.19000244140625,6.5,13.970000267028809,84.06759643554688
2024-10-25,2740.89990234375,71.77999877929688,6.5,14.630000114440918,84.08180236816406
2024-10-28,2742.89990234375,67.37999725341797,6.5,14.289999961853027,84.10199737548828
2024-10-29,2768.39990234375,67.20999908447266,6.5,14.520000457763672,84.10279846191406
2024-10-30,2788.5,68.61000061035156,6.5,15.510000228881836,84.08930206298828
2024-10-31,2738.300048828125,69.26000213623047,6.5,15.550000190734863,84.08910369873047
2024-11-01,2738.60009765625,69.48999786376953,6.5,15.899999618530272,84.09149932861328
2024-11-04,2736.10009765625,71.47000122070312,6.5,16.690000534057617,84.13359832763672
2024-11-05,2740.300048828125,71.98999786376953,6.5,16.1200008392334,84.15249633789062
2024-11-06,2667.60009765625,71.69000244140625,6.5,14.869999885559082,84.11630249023438
2024-11-07,2698.39990234375,72.36000061035156,6.5,14.9399995803833,84.2511978149414
2024-11-08,2687.5,70.37999725341797,6.5,14.470000267028809,84.306396484375
2024-11-11,2611.199951171875,68.04000091552734,6.5,14.270000457763672,84.38289642333984
2024-11-12,2600.0,68.12000274658203,6.5,14.59000015258789,84.39649963378906
2024-11-13,2580.800048828125,68.43000030517578,6.5,15.4399995803833,84.39530181884766
2024-11-14,2568.199951171875,68.69999694824219,6.5,14.779999732971191,84.4229965209961
2024-11-18,2610.60009765625,69.16000366210938,6.5,15.170000076293944,84.47750091552734
2024-11-19,2627.10009765625,69.38999938964844,6.5,15.65999984741211,84.39849853515625
2024-11-21,2672.10009765625,70.0999984741211,6.5,15.989999771118164,84.38310241699219
2024-11-22,2709.89990234375,71.23999786376953,6.5,16.100000381469727,84.48829650878906
2024-11-25,2616.800048828125,68.94000244140625,6.5,15.300000190734863,84.43599700927734
2024-11-26,2620.300048828125,68.7699966430664,6.5,15.3100004196167,84.37750244140625
2024-11-27,2639.89990234375,68.72000122070312,6.5,14.630000114440918,84.33910369873047
2024-11-28,2639.89990234375,68.72000122070312,6.5,15.210000038146973,84.42030334472656
2024-11-29,2657.0,68.0,6.5,14.43000030517578,84.47160339355469
2024-12-02,2634.89990234375,68.0999984741211,6.5,14.699999809265137,84.55699920654297
2024-12-03,2644.699951171875,69.94000244140625,6.5,14.369999885559082,84.73709869384766
2024-12-04,2653.800048828125,68.54000091552734,6.5,14.449999809265137,84.68309783935547
2024-12-05,2626.60009765625,68.30000305175781,6.5,14.529999732971191,84.70700073242188
2024-12-06,2638.60009765625,67.19999694824219,6.5,14.140000343322754,84.68379974365234
2024-12-09,2664.89990234375,68.37000274658203,6.5,14.109999656677246,84.66600036621094
2024-12-10,2697.60009765625,68.58999633789062,6.5,13.779999732971191,84.84729766845703
2024-12-11,2733.800048828125,70.29000091552734,6.5,13.270000457763672,84.8740005493164
2024-12-12,2687.5,70.0199966430664,6.5,13.1899995803833,84.85710144042969
2024-12-13,2656.0,71.29000091552734,6.5,13.050000190734863,84.83920288085938
2024-12-16,2651.39990234375,70.70999908447266,6.5,14.020000457763672,84.802001953125
2024-12-17,2644.39990234375,70.08000183105469,6.5,14.489999771118164,84.91729736328125
2024-12-18,2636.5,70.58000183105469,6.5,14.369999885559082,84.91539764404297
2024-12-19,2592.199951171875,69.91000366210938,6.5,14.510000228881836,85.16549682617188
2024-12-20,2628.699951171875,69.45999908447266,6.5,15.06999969482422,85.27940368652344
2024-12-23,2612.300048828125,69.23999786376953,6.5,13.520000457763672,84.94499969482422
2024-12-24,2620.0,70.0999984741211,6.5,13.18000030517578,85.0988998413086
2024-12-26,2638.800048828125,69.62000274658203,6.5,14.039999961853027,85.41339874267578
2024-12-27,2617.199951171875,70.5999984741211,6.5,13.239999771118164,85.26090240478516
2024-12-30,2606.10009765625,70.98999786376953,6.5,13.970000267028809,85.38600158691406
2024-12-31,2629.199951171875,71.72000122070312,6.5,14.449999809265137,85.7865982055664
2025-01-01,2629.199951171875,71.72000122070312,6.5,14.449999809265137,85.7865982055664
2025-01-02,2658.89990234375,73.12999725341797,6.5,13.739999771118164,85.78569793701172
2025-01-03,2645.0,73.95999908447266,6.5,13.539999961853027,85.80400085449219
2025-01-06,2638.39990234375,73.55999755859375,6.5,15.649999618530272,85.75900268554688
2025-01-07,2656.699951171875,74.25,6.5,14.65999984741211,85.68070220947266
2025-01-08,2664.5,73.31999969482422,6.5,14.470000267028809,85.80650329589844
2025-01-09,2683.800048828125,73.91999816894531,6.5,14.65999984741211,85.90750122070312
2025-01-10,2708.5,76.56999969482422,6.5,14.920000076293944,85.91999816894531
2025-01-13,2673.5,78.81999969482422,6.5,16.0,86.18800354003906
2025-01-14,2677.5,77.5,6.5,15.470000267028809,86.65059661865234
2025-01-15,2712.5,80.04000091552734,6.5,15.260000228881836,86.535400390625
2025-01-16,2746.39990234375,78.68000030517578,6.5,15.470000267028809,86.43099975585938
2025-01-17,2744.300048828125,77.87999725341797,6.5,15.75,86.6061019897461
2025-01-20,2744.300048828125,77.87999725341797,6.5,16.420000076293945,86.56900024414062
2025-01-21,2755.0,75.88999938964844,6.5,17.059999465942383,86.21109771728516
2025-01-22,2767.60009765625,75.44000244140625,6.5,16.770000457763672,86.45189666748047
2025-01-23,2763.10009765625,74.62000274658203,6.5,16.700000762939453,86.47270202636719
2025-01-24,2777.300048828125,74.66000366210938,6.5,16.75,86.44020080566406
2025-01-27,2737.5,73.16999816894531,6.5,18.1299991607666,86.2030029296875
2025-01-28,2766.800048828125,73.7699966430664,6.5,18.200000762939453,86.46839904785156
2025-01-29,2769.10009765625,72.62000274658203,6.5,18.63999938964844,86.58460235595703
2025-01-30,2823.0,72.7300033569336,6.5,17.389999389648438,86.6406021118164
2025-01-31,2812.5,72.52999877929688,6.5,16.25,86.64700317382812
2025-02-01,2812.5,72.52999877929688,6.5,16.25,86.64700317382812
2025-02-03,2833.89990234375,73.16000366210938,6.5,14.350000381469728,86.55400085449219
2025-02-04,2853.300048828125,72.69999694824219,6.5,14.020000457763672,86.94339752197266
2025-02-05,2871.60009765625,71.02999877929688,6.5,14.079999923706056,87.13009643554688
2025-02-06,2856.0,70.61000061035156,6.5,14.18000030517578,87.33409881591797
2025-02-07,2867.300048828125,71.0,6.5,13.6899995803833,87.58830261230469
2025-02-10,2914.300048828125,72.31999969482422,6.5,14.449999809265137,87.51309967041016
2025-02-11,2912.5,73.31999969482422,6.5,14.869999885559082,87.49009704589844
2025-02-12,2909.0,71.37000274658203,6.5,14.899999618530272,86.81120300292969
2025-02-13,2925.89990234375,71.29000091552734,6.5,14.960000038146973,86.8740005493164
2025-02-14,2883.60009765625,70.73999786376953,6.5,15.020000457763672,86.75409698486328
2025-02-17,2883.60009765625,70.73999786376953,6.5,15.720000267028809,86.43460083007812
2025-02-18,2931.60009765625,71.8499984741211,6.5,15.670000076293944,86.85479736328125
2025-02-19,2919.39990234375,72.25,6.5,15.420000076293944,86.88719940185547
2025-02-20,2940.0,72.56999969482422,6.5,14.68000030517578,86.872802734375
2025-02-21,2937.60009765625,70.4000015258789,6.5,14.529999732971191,86.45120239257812
2025-02-24,2947.89990234375,70.69999694824219,6.5,14.4399995803833,86.52940368652344
2025-02-25,2904.5,68.93000030517578,6.5,13.720000267028809,86.69010162353516
2025-02-27,2883.199951171875,70.3499984741211,6.5,13.3100004196167,87.16220092773438
2025-02-28,2836.800048828125,69.76000213623047,6.5,13.90999984741211,87.3270034790039
2025-03-03,2890.199951171875,68.37000274658203,6.25,13.760000228881836,87.46399688720703
2025-03-04,2909.60009765625,68.26000213623047,6.25,13.829999923706056,87.32959747314453
2025-03-05,2915.300048828125,66.30999755859375,6.25,13.670000076293944,87.21700286865234
2025-03-06,2916.60009765625,66.36000061035156,6.25,13.729999542236328,86.88929748535156
2025-03-07,2904.699951171875,67.04000091552734,6.25,13.470000267028809,87.12879943847656
2025-03-10,2891.0,66.02999877929688,6.25,13.989999771118164,87.07379913330078
2025-03-11,2912.89990234375,66.25,6.25,14.06999969482422,87.3551025390625
2025-03-12,2939.10009765625,67.68000030517578,6.25,13.6899995803833,87.20010375976562
2025-03-13,2984.300048828125,66.55000305175781,6.25,13.279999732971191,87.3405990600586
2025-03-17,3000.0,67.58000183105469,6.25,13.420000076293944,86.93900299072266
2025-03-18,3035.10009765625,66.9000015258789,6.25,13.210000038146973,86.91639709472656
2025-03-19,3035.89990234375,67.16000366210938,6.25,13.300000190734863,86.57610321044922
2025-03-20,3040.0,68.26000213623047,6.25,12.600000381469728,86.33709716796875
2025-03-21,3018.199951171875,68.27999877929688,6.25,12.579999923706056,86.33609771728516
2025-03-24,3013.10009765625,69.11000061035156,6.25,13.699999809265137,85.98699951171875
2025-03-25,3023.699951171875,69.0,6.25,13.640000343322754,85.53209686279297
2025-03-26,3020.89990234375,69.6500015258789,6.25,13.470000267028809,85.59040069580078
2025-03-27,3060.199951171875,69.91999816894531,6.25,13.300000190734863,86.09539794921875
2025-03-28,3086.5,69.36000061035156,6.25,12.720000267028809,85.69490051269531
2025-04-01,3118.89990234375,71.19999694824219,6.25,13.779999732971191,85.46810150146484
2025-04-02,3139.89990234375,71.70999908447266,6.25,13.720000267028809,85.61009979248047
2025-04-03,3097.0,66.94999694824219,6.25,13.600000381469728,85.65119934082031
2025-04-04,3012.0,61.9900016784668,6.25,13.760000228881836,85.28289794921875
2025-04-07,2951.300048828125,60.70000076293945,6.25,22.790000915527344,85.529296875
2025-04-08,2968.39990234375,59.58000183105469,6.25,20.440000534057617,86.0270004272461
2025-04-09,3056.5,62.349998474121094,6.25,21.43000030517578,86.435302734375
2025-04-11,3222.199951171875,61.5,6.25,20.11000061035156,86.2603988647461
2025-04-15,3218.699951171875,61.33000183105469,6.25,16.1299991607666,86.0447998046875
2025-04-16,3326.60009765625,62.470001220703125,6.25,15.869999885559082,85.72669982910156
2025-04-17,3308.699951171875,64.68000030517578,6.25,15.470000267028809,85.62049865722656
2025-04-21,3406.199951171875,63.08000183105469,6.25,15.520000457763672,85.62049865722656
2025-04-22,3400.800048828125,64.30999755859375,6.25,15.229999542236328,85.15889739990234
2025-04-23,3276.300048828125,62.27000045776367,6.25,15.960000038146973,85.2323989868164
2025-04-24,3332.0,62.790000915527344,6.25,16.25,85.4999008178711
2025-04-25,3282.39990234375,63.02000045776367,6.25,17.15999984741211,85.2573013305664
2025-04-28,3332.5,62.04999923706055,6.25,16.940000534057617,85.38490295410156
2025-04-29,3318.800048828125,60.41999816894531,6.25,17.3700008392334,85.1603012084961
2025-04-30,3305.0,58.209999084472656,6.25,18.219999313354492,85.1707992553711
2025-05-02,3231.89990234375,58.290000915527344,6.0,18.260000228881836,84.69670104980469
2025-05-05,3311.300048828125,57.130001068115234,6.0,18.34000015258789,84.52629852294922
2025-05-06,3411.39990234375,59.09000015258789,6.0,19.0,84.2208023071289
2025-05-07,3381.39990234375,58.06999969482422,6.0,19.059999465942383,84.79319763183594
2025-05-08,3296.60009765625,59.90999984741211,6.0,21.010000228881836,84.81719970703125
2025-05-09,3335.39990234375,61.02000045776367,6.0,21.6299991607666,86.08219909667969
2025-05-12,3220.0,61.95000076293945,6.0,18.38999938964844,85.4083023071289
2025-05-13,3240.300048828125,63.66999816894531,6.0,18.200000762939453,84.9656982421875
2025-05-14,3181.39990234375,63.150001525878906,6.0,17.229999542236328,85.060302734375
2025-05-15,3220.699951171875,61.619998931884766,6.0,16.889999389648438,85.48760223388672
2025-05-16,3182.0,62.4900016784668,6.0,16.549999237060547,85.44490051269531
2025-05-19,3228.89990234375,62.689998626708984,6.0,17.360000610351562,85.50029754638672
2025-05-20,3280.300048828125,62.560001373291016,6.0,17.389999389648438,85.37210083007812
2025-05-21,3309.300048828125,61.56999969482422,6.0,17.549999237060547,85.53610229492188
2025-05-22,3292.300048828125,61.20000076293945,6.0,17.260000228881836,85.60030364990234
2025-05-23,3363.60009765625,61.529998779296875,6.0,17.280000686645508,85.97489929199219
2025-05-26,3363.60009765625,61.529998779296875,6.0,18.020000457763672,85.19930267333984
2025-05-27,3299.10009765625,60.88999938964844,6.0,18.540000915527344,85.158203125
2025-05-28,3293.60009765625,61.84000015258789,6.0,18.020000457763672,85.3604965209961
2025-05-29,3317.10009765625,60.939998626708984,6.0,16.420000076293945,85.38590240478516
2025-05-30,3288.89990234375,60.790000915527344,6.0,16.079999923706055,85.36129760742188
2025-06-02,3370.60009765625,62.52000045776367,6.0,17.15999984741211,85.52429962158203
2025-06-03,3350.199951171875,63.40999984741211,6.0,16.559999465942383,85.36370086669922
2025-06-04,3373.5,62.849998474121094,6.0,15.75,85.70880126953125
2025-06-05,3350.699951171875,63.369998931884766,6.0,15.079999923706056,85.9041976928711
2025-06-06,3322.699951171875,64.58000183105469,6.0,14.630000114440918,85.87750244140625
2025-06-09,3332.10009765625,65.29000091552734,6.0,14.6899995803833,85.7853012084961
2025-06-10,3320.89990234375,64.9800033569336,6.0,14.020000457763672,85.75599670410156
2025-06-11,3321.300048828125,68.1500015258789,6.0,13.670000076293944,85.65280151367188
2025-06-12,3380.89990234375,68.04000091552734,6.0,14.020000457763672,85.46980285644531
2025-06-13,3431.199951171875,72.9800033569336,6.0,15.079999923706056,85.68840026855469
2025-06-16,3396.39990234375,71.7699966430664,6.0,14.84000015258789,86.24919891357422
2025-06-17,3386.60009765625,74.83999633789062,6.0,14.399999618530272,86.10420227050781
2025-06-18,3389.800048828125,75.13999938964844,6.0,14.279999732971191,86.36270141601562
2025-06-19,3389.800048828125,75.13999938964844,6.0,14.260000228881836,86.61360168457031
2025-06-20,3368.10009765625,74.93000030517578,6.0,13.670000076293944,86.58380126953125
2025-06-23,3377.699951171875,68.51000213623047,6.0,14.050000190734863,86.5802993774414
2025-06-24,3317.39990234375,64.37000274658203,6.0,13.640000343322754,86.23300170898438
2025-06-25,3327.10009765625,64.91999816894531,6.0,12.960000038146973,85.90480041503906
2025-06-26,3333.5,65.23999786376953,6.0,12.59000015258789,86.006103515625
2025-06-27,3273.699951171875,65.5199966430664,6.0,12.390000343322754,85.66639709472656
2025-06-30,3294.39990234375,65.11000061035156,6.0,12.789999961853027,85.4552993774414
2025-07-01,3336.699951171875,65.44999694824219,5.5,12.529999732971191,85.71399688720703
2025-07-02,3348.0,67.44999694824219,5.5,12.449999809265137,85.6427993774414
2025-07-03,3331.60009765625,67.0,5.5,12.390000343322754,85.69409942626953
2025-07-04,3332.5,66.5,5.5,12.31999969482422,85.31909942626953
2025-07-07,3332.199951171875,67.93000030517578,5.5,12.5600004196167,85.49629974365234
2025-07-08,3307.0,68.33000183105469,5.5,12.199999809265137,85.89199829101562
2025-07-09,3311.60009765625,68.37999725341797,5.5,11.9399995803833,85.7073974609375
2025-07-10,3317.39990234375,66.56999969482422,5.5,11.670000076293944,85.70850372314453
2025-07-11,3356.0,68.44999694824219,5.5,11.81999969482422,85.73480224609375
2025-07-14,3351.5,66.9800033569336,5.5,11.979999542236328,85.82129669189453
2025-07-15,3329.800048828125,66.5199966430664,5.5,11.479999542236328,85.96839904785156
2025-07-16,3352.5,66.37999725341797,5.5,11.239999771118164,85.99310302734375
2025-07-17,3340.10009765625,67.54000091552734,5.5,11.239999771118164,85.88520050048828
2025-07-18,3353.0,67.33999633789062,5.5,11.390000343322754,86.04650115966797
2025-07-21,3401.89990234375,67.19999694824219,5.5,11.199999809265137,86.14859771728516
2025-07-22,3439.199951171875,66.20999908447266,5.5,10.75,86.19529724121094
2025-07-23,3394.10009765625,65.25,5.5,10.520000457763672,86.3427963256836
2025-07-24,3371.0,66.02999877929688,5.5,10.720000267028809,86.39869689941406
2025-07-25,3334.0,65.16000366210938,5.5,11.279999732971191,86.4302978515625
2025-07-28,3309.10009765625,66.70999908447266,5.5,12.0600004196167,86.506103515625
2025-07-29,3323.39990234375,69.20999908447266,5.5,11.529999732971191,86.77760314941406
2025-07-30,3295.800048828125,70.0,5.5,11.210000038146973,87.06320190429688
2025-07-31,3293.199951171875,69.26000213623047,5.5,11.539999961853027,87.714599609375
2025-08-01,3347.699951171875,67.33000183105469,5.5,11.979999542236328,87.4894027709961
2025-08-04,3374.39990234375,66.29000091552734,5.5,11.970000267028809,87.24530029296875
2025-08-05,3381.89990234375,65.16000366210938,5.5,11.710000038146973,87.89330291748047
2025-08-06,3380.0,64.3499984741211,5.5,11.960000038146973,87.72309875488281
2025-08-07,3400.300048828125,63.880001068115234,5.5,11.6899995803833,87.76249694824219
2025-08-08,3439.10009765625,63.880001068115234,5.5,12.029999732971191,87.43319702148438
2025-08-11,3353.10009765625,63.959999084472656,5.5,12.220000267028809,87.48829650878906
2025-08-12,3348.89990234375,63.16999816894531,5.5,12.229999542236328,87.66449737548828
2025-08-13,3358.699951171875,62.650001525878906,5.5,12.140000343322754,87.59559631347656
2025-08-14,3335.199951171875,63.959999084472656,5.5,12.359999656677246,87.44999694824219
2025-08-18,3331.699951171875,63.41999816894531,5.5,12.34000015258789,87.51280212402344
2025-08-19,3313.39990234375,62.349998474121094,5.5,11.789999961853027,87.29509735107422
2025-08-20,3343.39990234375,63.209999084472656,5.5,11.789999961853027,87.0791015625
2025-08-21,3336.89990234375,63.52000045776367,5.5,11.369999885559082,87.01820373535156
2025-08-22,3374.39990234375,63.65999984741211,5.5,11.729999542236328,87.29340362548828
2025-08-25,3373.800048828125,64.80000305175781,5.5,11.760000228881836,87.3301010131836
2025-08-26,3388.60009765625,63.25,5.5,12.1899995803833,87.60859680175781
2025-08-28,3431.800048828125,64.5999984741211,5.5,12.18000030517578,87.65910339355469
2025-08-29,3473.699951171875,64.01000213623047,5.5,11.75,87.5916976928711
2025-09-01,3473.699951171875,64.01000213623047,5.5,11.289999961853027,88.17430114746094
2025-09-02,3549.39990234375,65.58999633789062,5.5,11.399999618530272,88.00140380859375
2025-09-03,3593.199951171875,63.970001220703125,5.5,10.93000030517578,87.99829864501953
2025-09-04,3565.800048828125,63.47999954223633,5.5,10.850000381469728,88.072998046875
2025-09-05,3613.199951171875,61.869998931884766,5.5,10.779999732971191,88.19290161132812
2025-09-08,3638.10009765625,62.2599983215332,5.5,10.84000015258789,88.1863021850586
2025-09-09,3643.300048828125,62.630001068115234,5.5,10.6899995803833,87.98049926757812
2025-09-10,3643.60009765625,63.66999816894531,5.5,10.539999961853027,88.21829986572266
2025-09-11,3636.89990234375,62.369998931884766,5.5,10.359999656677246,88.05339813232422
2025-09-12,3649.39990234375,62.689998626708984,5.5,10.119999885559082,88.2676010131836
2025-09-15,3682.199951171875,63.29999923706055,5.5,10.399999618530272,88.27729797363281
2025-09-16,3688.89990234375,64.5199966430664,5.5,10.270000457763672,88.12349700927734
2025-09-17,3681.800048828125,64.05000305175781,5.5,10.25,87.88459777832031
2025-09-18,3643.699951171875,63.56999969482422,5.5,9.890000343322754,87.91069793701172
2025-09-19,3671.5,62.68000030517578,5.5,9.970000267028809,88.20690155029297
2025-09-22,3740.699951171875,62.63999938964844,5.5,10.5600004196167,88.09919738769531
2025-09-23,3780.60009765625,63.40999984741211,5.5,10.630000114440918,88.30439758300781
2025-09-24,3732.10009765625,64.98999786376953,5.5,10.520000457763672,88.80799865722656
2025-09-25,3736.89990234375,64.9800033569336,5.5,10.779999732971191,88.77860260009766
2025-09-26,3775.300048828125,65.72000122070312,5.5,11.43000030517578,88.77310180664062
2025-09-29,3820.89990234375,63.45000076293945,5.5,11.369999885559082,88.67680358886719
2025-09-30,3840.800048828125,62.369998931884766,5.5,11.06999969482422,88.70449829101562
2025-10-01,3867.5,61.779998779296875,5.5,10.289999961853027,88.8406982421875
2025-10-03,3880.800048828125,60.880001068115234,5.5,10.0600004196167,88.72019958496094
2025-10-06,3948.5,61.689998626708984,5.5,10.1899995803833,88.73509979248047
2025-10-07,3976.60009765625,61.72999954223633,5.5,10.050000190734863,88.72109985351562
2025-10-08,4043.300048828125,62.54999923706055,5.5,10.3100004196167,88.74259948730469
2025-10-09,3946.300048828125,61.5099983215332,5.5,10.119999885559082,88.7771987915039
2025-10-10,3975.89990234375,58.900001525878906,5.5,10.100000381469728,88.86540222167969
2025-10-13,4108.60009765625,59.4900016784668,5.5,11.010000228881836,88.7573013305664
2025-10-14,4138.7001953125,58.70000076293945,5.5,11.15999984741211,88.66510009765625
2025-10-15,4176.89990234375,58.27000045776367,5.5,10.529999732971191,88.78250122070312
2025-10-16,4280.2001953125,57.459999084472656,5.5,10.869999885559082,87.80950164794922
2025-10-17,4189.89990234375,57.540000915527344,5.5,11.630000114440918,87.9906997680664
2025-10-20,4336.39990234375,57.52000045776367,5.5,11.359999656677246,88.0022964477539
2025-10-21,4087.699951171875,57.81999969482422,5.5,11.300000190734863,87.87999725341797
2025-10-23,4125.5,61.790000915527344,5.5,11.729999542236328,87.74030303955078
2025-10-24,4118.39990234375,61.5,5.5,11.59000015258789,87.77899932861328
2025-10-27,4001.89990234375,61.310001373291016,5.5,11.859999656677246,87.8290023803711
2025-10-28,3966.199951171875,60.150001525878906,5.5,11.949999809265137,88.22209930419922
2025-10-29,3983.699951171875,60.47999954223633,5.5,11.970000267028809,88.22550201416016
2025-10-30,4001.300048828125,60.56999969482422,5.5,12.06999969482422,88.34559631347656
2025-10-31,3982.199951171875,60.97999954223633,5.5,12.149999618530272,88.6344985961914
2025-11-03,4000.300048828125,61.04999923706055,5.5,12.670000076293944,88.77539825439453
2025-11-04,3947.699951171875,60.560001373291016,5.5,12.649999618530272,88.72339630126953
2025-11-05,3980.300048828125,59.599998474121094,5.5,12.649999618530272,88.73200225830078
2025-11-06,3979.89990234375,59.43000030517578,5.5,12.40999984741211,88.55690002441406
2025-11-07,3999.39990234375,59.75,5.5,12.5600004196167,88.6729965209961
2025-11-10,4111.7998046875,60.130001068115234,5.5,12.300000190734863,88.65799713134766
2025-11-11,4106.7998046875,61.040000915527344,5.5,12.489999771118164,88.70709991455078
2025-11-12,4204.39990234375,58.4900016784668,5.5,12.109999656677246,88.46649932861328
2025-11-13,4186.89990234375,58.689998626708984,5.5,12.15999984741211,88.59400177001953
2025-11-14,4087.60009765625,60.09000015258789,5.5,11.9399995803833,88.81610107421875
2025-11-17,4068.300048828125,59.90999984741211,5.5,11.789999961853027,88.68199920654297
2025-11-18,4061.300048828125,60.7400016784668,5.5,12.100000381469728,88.63590240478516
2025-11-19,4077.699951171875,59.439998626708984,5.5,11.970000267028809,88.55680084228516
2025-11-20,4056.5,59.13999938964844,5.5,12.140000343322754,88.48719787597656
2025-11-21,4076.699951171875,58.060001373291016,5.5,13.630000114440918,88.69219970703125
2025-11-24,4091.89990234375,58.84000015258789,5.5,13.239999771118164,89.63400268554688
2025-11-25,4139.2001953125,57.95000076293945,5.5,12.239999771118164,89.14779663085938
2025-11-26,4165.2001953125,58.650001525878906,5.5,11.970000267028809,89.15059661865234
2025-11-27,4165.2001953125,58.650001525878906,5.5,11.789999961853027,89.16300201416016
2025-11-28,4218.2998046875,58.54999923706055,5.5,11.619999885559082,89.36479949951172
2025-12-01,4239.2998046875,59.31999969482422,5.5,11.630000114440918,89.3499984741211
2025-12-02,4186.60009765625,58.63999938964844,5.5,11.229999542236328,89.61270141601562
2025-12-03,4199.2998046875,58.95000076293945,5.5,11.210000038146973,89.91719818115234
2025-12-04,4211.7998046875,59.66999816894531,5.5,10.81999969482422,90.17050170898438
2025-12-05,4212.89990234375,60.08000183105469,5.5,10.31999969482422,89.8364028930664
2025-12-08,4187.2001953125,58.880001068115234,5.5,11.130000114440918,89.93800354003906
2025-12-09,4206.7001953125,58.25,5.5,10.949999809265137,90.12999725341795
2025-12-10,4196.39990234375,58.459999084472656,5.5,10.90999984741211,89.91690063476562
2025-12-11,4285.5,57.599998474121094,5.5,10.399999618530272,89.79299926757812
2025-12-12,4300.10009765625,57.439998626708984,5.5,10.109999656677246,90.25299835205078
2025-12-15,4306.7001953125,56.81999969482422,5.5,10.25,90.5770034790039
2025-12-16,4304.5,55.27000045776367,5.5,10.0600004196167,90.7769012451172
2025-12-17,4347.5,55.939998626708984,5.5,9.84000015258789,90.94889831542967
2025-12-18,4363.0,56.02000045776367,5.5,9.707500457763672,90.18399810791016
