Price,Close,High,Low,Open,Volume
Ticker,LIQUIDBEES.NS,LIQUIDBEES.NS,LIQUIDBEES.NS,LIQUIDBEES.NS,LIQUIDBEES.NS
Date,,,,,
2010-01-04,589.8016357421875,589.8075395183265,589.7957319660485,0.0,35207
2010-01-05,589.8016357421875,589.8075395183265,589.7957319660485,0.0,107134
2010-01-06,589.8016357421875,589.8075395183265,589.7957319660485,0.0,93293
2010-01-07,589.8074951171875,589.8074951171875,589.7956875657983,0.0,38545
2010-01-08,589.8016357421875,589.8075395183265,589.7957319660485,0.0,36647
2010-01-11,589.8074951171875,589.8074951171875,589.7956875657983,0.0,48787
2010-01-12,589.8074951171875,589.8074951171875,589.7956875657983,0.0,45022
2010-01-13,589.8074951171875,589.8074951171875,589.7956875657983,0.0,42324
2010-01-14,589.7955322265625,589.8073397748418,589.7955322265625,0.0,45117
2010-01-15,589.7955322265625,589.8073397748418,589.7955322265625,0.0,50205
2010-01-18,589.8016357421875,589.8016357421875,589.7957319660485,0.0,29210
2010-01-19,589.8016357421875,589.8016357421875,589.8016357421875,589.8016357421875,0
2010-01-20,589.8016357421875,589.8016357421875,589.8016357421875,589.8016357421875,0
2010-01-21,589.8016357421875,589.8016357421875,589.8016357421875,589.8016357421875,0
2010-01-22,589.8016357421875,589.8016357421875,589.8016357421875,589.8016357421875,0
2010-01-25,589.8016357421875,589.8016357421875,589.8016357421875,589.8016357421875,0
2010-01-27,589.8016357421875,589.8016357421875,589.8016357421875,589.8016357421875,0
2010-01-28,589.8016357421875,589.8016357421875,589.8016357421875,589.8016357421875,0
2010-01-29,589.8016357421875,589.8016357421875,589.8016357421875,589.8016357421875,0
2010-02-01,589.8016357421875,589.8016357421875,589.8016357421875,589.8016357421875,0
2010-02-02,589.8016357421875,589.8016357421875,589.8016357421875,589.8016357421875,0
2010-02-03,589.8016357421875,589.8016357421875,589.8016357421875,589.8016357421875,0
2010-02-04,589.8016357421875,589.8016357421875,589.8016357421875,589.8016357421875,0
2010-02-05,589.7955322265625,589.8073397748418,589.7955322265625,589.8014360007021,121722
2010-02-08,589.7955322265625,589.8073397748418,589.7955322265625,589.8014360007021,125235
2010-02-09,589.7955322265625,589.8073397748418,589.7955322265625,589.7955322265625,37544
2010-02-10,589.8016357421875,589.8075395183265,589.7957319660485,589.8016357421875,68588
2010-02-11,589.7955322265625,589.8073397748418,589.7955322265625,589.7955322265625,74670
2010-02-15,589.8016357421875,589.8075395183265,589.7957319660485,589.8016357421875,48986
2010-02-16,589.8016357421875,589.8075395183265,589.7957319660485,589.7957319660485,94633
2010-02-17,589.8016357421875,589.8075395183265,589.7957319660485,589.8075395183265,101467
2010-02-18,589.8016357421875,589.8075395183265,589.7957319660485,589.7957319660485,37810
2010-02-19,589.8016357421875,589.8075395183265,589.7957319660485,589.8075395183265,138808
2010-02-22,589.8016357421875,589.8075395183265,589.7957319660485,589.8016357421875,88895
2010-02-23,589.7955322265625,589.8073397748418,589.7955322265625,589.8014360007021,30433
2010-02-24,589.8016357421875,589.8075395183265,589.7957319660485,589.8075395183265,34619
2010-02-25,589.7955322265625,589.8073397748418,589.7955322265625,589.8014360007021,66836
2010-02-26,589.7955322265625,589.8073397748418,589.7955322265625,589.7955322265625,28137
2010-03-02,589.7955322265625,589.8073397748418,589.7955322265625,589.7955322265625,78850
2010-03-03,589.7955322265625,589.8073397748418,589.7955322265625,589.7955322265625,88431
2010-03-04,589.7955322265625,589.8073397748418,589.7955322265625,589.8014360007021,94454
2010-03-05,589.7955322265625,589.8073397748418,589.7955322265625,589.7955322265625,75669
2010-03-08,589.8016357421875,589.8075395183265,589.7957319660485,589.8075395183265,48412
2010-03-09,589.7955322265625,589.8073397748418,589.7955322265625,589.7955322265625,59987
2010-03-10,589.7955322265625,589.8073397748418,589.7955322265625,589.8073397748418,61273
2010-03-11,589.7955322265625,589.8073397748418,589.7955322265625,589.8014360007021,22186
2010-03-12,589.7955322265625,589.8073397748418,589.7955322265625,589.8014360007021,54078
2010-03-15,589.8016357421875,589.8075395183265,589.7957319660485,589.7957319660485,28643
2010-03-16,589.8016357421875,589.8075395183265,589.7957319660485,589.8016357421875,66541
2010-03-17,589.7955322265625,589.8073397748418,589.7955322265625,589.7955322265625,68233
2010-03-18,589.7955322265625,589.8073397748418,589.7955322265625,589.7955322265625,65616
2010-03-19,589.8016357421875,589.8075395183265,589.7957319660485,589.7957319660485,151489
2010-03-22,589.7955322265625,589.8014360007021,589.7955322265625,589.8014360007021,108641
2010-03-23,589.7955322265625,589.8014360007021,589.7955322265625,589.7955322265625,158050
2010-03-25,589.7955322265625,589.8014360007021,589.7955322265625,589.7955322265625,127402
2010-03-26,589.8016357421875,589.8075395183265,589.7957319660485,589.7957319660485,104878
2010-03-29,589.8016357421875,589.8075395183265,589.7957319660485,589.7957319660485,105695
2010-03-30,589.8016357421875,589.8075395183265,589.7957319660485,589.7957319660485,67773
2010-03-31,589.8016357421875,589.8075395183265,589.7957319660485,589.7957319660485,65903
2010-04-01,589.7955322265625,589.8073397748418,589.7955322265625,589.7955322265625,41861
2010-04-05,589.8016357421875,589.8075395183265,589.7957319660485,589.8016357421875,87393
2010-04-06,589.8016357421875,589.8075395183265,589.8016357421875,589.8016357421875,71623
2010-04-07,589.8016357421875,589.8075395183265,589.7957319660485,589.7957319660485,48498
2010-04-08,589.8016357421875,589.8075395183265,589.7957319660485,589.8016357421875,144036
2010-04-09,589.8016357421875,589.8075395183265,589.7957319660485,589.8016357421875,78107
2010-04-12,589.8016357421875,589.8075395183265,589.7957319660485,589.8016357421875,34412
2010-04-13,589.8016357421875,589.8075395183265,589.8016357421875,589.8016357421875,217403
2010-04-15,589.8016357421875,589.8075395183265,589.7957319660485,589.7957319660485,100705
2010-04-16,589.8016357421875,589.8075395183265,589.7957319660485,589.7957319660485,91044
2010-04-19,589.8016357421875,589.8075395183265,589.7957319660485,589.8016357421875,198163
2010-04-20,589.8016357421875,589.8075395183265,589.7957319660485,589.8016357421875,72402
2010-04-21,589.8016357421875,589.8075395183265,589.7957319660485,589.7957319660485,63361
2010-04-22,589.7955322265625,589.8073397748418,589.7955322265625,589.7955322265625,63951
2010-04-23,589.8016357421875,589.8075395183265,589.7957319660485,589.8075395183265,63217
2010-04-26,589.7955322265625,589.8073397748418,589.7955322265625,589.8014360007021,87768
2010-04-27,589.8016357421875,589.8075395183265,589.7957319660485,589.7957319660485,56990
2010-04-28,589.7955322265625,589.8073397748418,589.7955322265625,589.7955322265625,89896
2010-04-29,589.8016357421875,589.8075395183265,589.7957319660485,589.7957319660485,127682
2010-04-30,589.8016357421875,589.8075395183265,589.7957319660485,589.8016357421875,81911
2010-05-03,589.7955322265625,589.8073397748418,589.7955322265625,589.7955322265625,54250
2010-05-04,589.7955322265625,589.8073397748418,589.7955322265625,589.8014360007021,71494
2010-05-05,589.7955322265625,589.8073397748418,589.7955322265625,589.7955322265625,84975
2010-05-06,589.8016357421875,589.8075395183265,589.7957319660485,589.8016357421875,100484
2010-05-07,589.7955322265625,589.8073397748418,589.7955322265625,589.7955322265625,137221
2010-05-10,589.7955322265625,589.8073397748418,589.7955322265625,589.8014360007021,102070
2010-05-11,589.8016357421875,589.8075395183265,589.7957319660485,589.8016357421875,55011
2010-05-12,589.8016357421875,589.8075395183265,589.7957319660485,589.8075395183265,64541
2010-05-13,589.8016357421875,589.8075395183265,589.7957319660485,589.8016357421875,132925
2010-05-14,589.8016357421875,589.8075395183265,589.7957319660485,589.7957319660485,97086
2010-05-17,589.7955322265625,589.8073397748418,589.7955322265625,589.8014360007021,138195
2010-05-18,589.8016357421875,589.8075395183265,589.7957319660485,589.7957319660485,176576
2010-05-19,589.8016357421875,589.8075395183265,589.2118341064453,589.2118341064453,153985
2010-05-20,589.8016357421875,589.8075395183265,589.7957319660485,589.7957319660485,311157
2010-05-21,589.7955322265625,589.8073397748418,589.7955322265625,589.7955322265625,160799
2010-05-24,589.8016357421875,589.8075395183265,589.7957319660485,589.7957319660485,86722
2010-05-25,589.7955322265625,589.8073397748418,589.7955322265625,589.7955322265625,103945
2010-05-26,589.8016357421875,589.8075395183265,589.7957319660485,589.7957319660485,37721
2010-05-27,589.7955322265625,589.8073397748418,589.7955322265625,589.8014360007021,95340
2010-05-28,589.7955322265625,589.8073397748418,589.7955322265625,589.7955322265625,133598
2010-05-31,589.8016357421875,589.8075395183265,589.7957319660485,589.8075395183265,44466
2010-06-01,589.8016357421875,589.8075395183265,589.7957319660485,589.7957319660485,58030
2010-06-02,589.7955322265625,589.8073397748418,589.7955322265625,589.8014360007021,62853
2010-06-03,589.7955322265625,589.8073397748418,589.7955322265625,589.7955322265625,66757
2010-06-04,589.8016357421875,589.8075395183265,589.7957319660485,589.7957319660485,71621
2010-06-07,589.7955322265625,589.8073397748418,589.7955322265625,589.8014360007021,88524
2010-06-08,589.7955322265625,589.8073397748418,589.7955322265625,589.8014360007021,47575
2010-06-09,589.8016357421875,589.8075395183265,589.7957319660485,589.7957319660485,38836
2010-06-10,589.7955322265625,589.8073397748418,589.7955322265625,589.7955322265625,50499
2010-06-11,589.8016357421875,589.8075395183265,589.7957319660485,589.7957319660485,95361
2010-06-14,589.7955322265625,589.8073397748418,589.7955322265625,589.8014360007021,57479
2010-06-15,589.7955322265625,589.8073397748418,589.7955322265625,589.7955322265625,83955
2010-06-16,589.8016357421875,589.8075395183265,589.7957319660485,589.7957319660485,64142
2010-06-17,589.8016357421875,589.8075395183265,589.7957319660485,589.8016357421875,41101
2010-06-18,589.8016357421875,589.8075395183265,589.7957319660485,589.8075395183265,97935
2010-06-21,589.7955322265625,589.8073397748418,589.7955322265625,589.7955322265625,60879
2010-06-22,589.8016357421875,589.8075395183265,589.7957319660485,589.7957319660485,103417
2010-06-23,589.8016357421875,589.8075395183265,589.7957319660485,589.8075395183265,45069
2010-06-24,589.8016357421875,589.8075395183265,589.7957319660485,589.8016357421875,53802
2010-06-25,589.8016357421875,589.8075395183265,589.7957319660485,589.8075395183265,176467
2010-06-28,589.7955322265625,589.8073397748418,589.7955322265625,589.8014360007021,72440
2010-06-29,589.8016357421875,589.8075395183265,589.7957319660485,589.7957319660485,123502
2010-06-30,589.8016357421875,589.8075395183265,589.7957319660485,589.8016357421875,304483
2010-07-01,589.8016357421875,589.8075395183265,589.7957319660485,589.7957319660485,43189
2010-07-02,589.8016357421875,589.8075395183265,589.7957319660485,589.7957319660485,71893
2010-07-05,589.7955322265625,589.8073397748418,589.7955322265625,589.7955322265625,68132
2010-07-06,589.7955322265625,589.8073397748418,589.7955322265625,589.8073397748418,80701
2010-07-07,589.7955322265625,589.8073397748418,589.7955322265625,589.7955322265625,28598
2010-07-08,589.8016357421875,589.8075395183265,589.7957319660485,589.7957319660485,197547
2010-07-09,589.7955322265625,589.8073397748418,589.7955322265625,589.7955322265625,67113
2010-07-12,589.8016357421875,589.8075395183265,589.7957319660485,589.7957319660485,40902
2010-07-13,589.7955322265625,589.8073397748418,589.7955322265625,589.8073397748418,41319
2010-07-14,589.8016357421875,589.8075395183265,589.7957319660485,589.7957319660485,131141
2010-07-15,589.8016357421875,589.8075395183265,589.7957319660485,589.7957319660485,87876
2010-07-16,589.8016357421875,589.8075395183265,589.7957319660485,589.8016357421875,142985
2010-07-19,589.8016357421875,589.8075395183265,589.7957319660485,589.7957319660485,141006
2010-07-20,589.8016357421875,589.8075395183265,589.7957319660485,589.8016357421875,53045
2010-07-21,589.8016357421875,589.8075395183265,589.7957319660485,589.8016357421875,58301
2010-07-22,589.7955322265625,589.8073397748418,589.7955322265625,589.8014360007021,39814
2010-07-23,589.8016357421875,589.8075395183265,589.7957319660485,589.8016357421875,242796
2010-07-26,589.7955322265625,589.8073397748418,589.7955322265625,589.8073397748418,96338
2010-07-27,589.8016357421875,589.8075395183265,589.7957319660485,589.8016357421875,40552
2010-07-28,589.7955322265625,589.8073397748418,589.7955322265625,589.8073397748418,175618
2010-07-29,589.7955322265625,589.8073397748418,589.7955322265625,589.8014360007021,184009
2010-07-30,589.7955322265625,589.8073397748418,589.7955322265625,589.7955322265625,66041
2010-08-02,589.7955322265625,589.8073397748418,589.7955322265625,589.7955322265625,62227
2010-08-03,589.7955322265625,589.8073397748418,589.7955322265625,589.8014360007021,85428
2010-08-04,589.8016357421875,589.8075395183265,589.7957319660485,589.8016357421875,33733
2010-08-05,589.7955322265625,589.8073397748418,589.7955322265625,589.8014360007021,115558
2010-08-06,589.8016357421875,589.8075395183265,589.7957319660485,589.8016357421875,54502
2010-08-09,589.7955322265625,589.8073397748418,589.7955322265625,589.8014360007021,99624
2010-08-10,589.8016357421875,589.8075395183265,589.7957319660485,589.8016357421875,72249
2010-08-11,589.8016357421875,589.8075395183265,589.7957319660485,589.8075395183265,52299
2010-08-12,589.8016357421875,589.8075395183265,589.7957319660485,589.7957319660485,58540
2010-08-13,589.8016357421875,589.8075395183265,589.7957319660485,589.8016357421875,65073
2010-08-16,589.8074951171875,589.8074951171875,589.7956875657983,589.8015913414929,130030
2010-08-17,589.7955322265625,589.8073397748418,589.7955322265625,589.7955322265625,70399
2010-08-18,589.8074951171875,589.8074951171875,589.7956875657983,589.7956875657983,34657
2010-08-19,589.8016357421875,589.8075395183265,589.7957319660485,589.8016357421875,89669
2010-08-20,589.8074951171875,589.8074951171875,589.7956875657983,589.7956875657983,74513
2010-08-23,589.7955322265625,589.8073397748418,589.7955322265625,589.8073397748418,122696
2010-08-24,589.7955322265625,589.8073397748418,589.7955322265625,589.7955322265625,42465
2010-08-25,589.7955322265625,589.8073397748418,589.7955322265625,589.7955322265625,72508
2010-08-26,589.8016357421875,589.8075395183265,589.7957319660485,589.8075395183265,145108
2010-08-27,589.8016357421875,589.8075395183265,589.7957319660485,589.8016357421875,134011
2010-08-30,589.8074951171875,589.8074951171875,589.7956875657983,589.8015913414929,53451
2010-08-31,589.7955322265625,589.8073397748418,589.7955322265625,589.7955322265625,37427
2010-09-01,589.8074951171875,589.8074951171875,589.7956875657983,589.7956875657983,40597
2010-09-02,589.8074951171875,589.8074951171875,589.7956875657983,589.8074951171875,54675
2010-09-03,589.8074951171875,589.8074951171875,589.7956875657983,589.7956875657983,204857
2010-09-06,589.7955322265625,589.8073397748418,589.7955322265625,589.8014360007021,106572
2010-09-07,589.8074951171875,589.8074951171875,589.7956875657983,589.7956875657983,63898
2010-09-08,589.7955322265625,589.8073397748418,589.7955322265625,589.7955322265625,85686
2010-09-09,589.8074951171875,589.8074951171875,589.7956875657983,589.7956875657983,164744
2010-09-13,589.7955322265625,589.8073397748418,589.7955322265625,589.7955322265625,88708
2010-09-14,589.8074951171875,589.8074951171875,589.7956875657983,589.7956875657983,155142
2010-09-15,589.7955322265625,589.8073397748418,589.7955322265625,589.8014360007021,68175
2010-09-16,589.8074951171875,589.8074951171875,589.7956875657983,589.8015913414929,78003
2010-09-17,589.8074951171875,589.8074951171875,589.7956875657983,589.8074951171875,82755
2010-09-20,589.8074951171875,589.8074951171875,589.7956875657983,589.8015913414929,232620
2010-09-21,589.8074951171875,589.8074951171875,589.7956875657983,589.7956875657983,168815
2010-09-22,589.8074951171875,589.8074951171875,589.7956875657983,589.8015913414929,193054
2010-09-23,589.8016357421875,589.8075395183265,589.7957319660485,589.8016357421875,112242
2010-09-24,589.7955322265625,589.8073397748418,589.7955322265625,589.8014360007021,233106
2010-09-27,589.8074951171875,589.8074951171875,589.7956875657983,589.8015913414929,175217
2010-09-28,589.8074951171875,589.8074951171875,589.7956875657983,589.7956875657983,276426
2010-09-29,589.8074951171875,589.8074951171875,589.7956875657983,589.8015913414929,192235
2010-09-30,589.8074951171875,589.8074951171875,589.7956875657983,589.7956875657983,357439
2010-10-01,589.7955322265625,589.8073397748418,589.7955322265625,589.7955322265625,296209
2010-10-04,589.8074951171875,589.8074951171875,589.7956875657983,589.7956875657983,185598
2010-10-05,589.7955322265625,589.8073397748418,589.7955322265625,589.7955322265625,125598
2010-10-06,589.7955322265625,589.8073397748418,589.7955322265625,589.7955322265625,114553
2010-10-07,589.8016357421875,589.8075395183265,589.7957319660485,589.7957319660485,138232
2010-10-08,589.8074951171875,589.8074951171875,589.7956875657983,589.8015913414929,178929
2010-10-11,589.8074951171875,589.8074951171875,589.7956875657983,589.7956875657983,92600
2010-10-12,589.7955322265625,589.8014360007021,589.7955322265625,589.7955322265625,92266
2010-10-13,589.8074951171875,589.8074951171875,589.7956875657983,589.7956875657983,72050
2010-10-14,589.7955322265625,589.8073397748418,589.7955322265625,589.7955322265625,60572
2010-10-15,589.7955322265625,589.8073397748418,589.7955322265625,589.8014360007021,181435
2010-10-18,589.7955322265625,589.8073397748418,589.7955322265625,589.7955322265625,122143
2010-10-19,589.8016357421875,589.8075395183265,589.7957319660485,589.7957319660485,102650
2010-10-20,589.7955322265625,589.8073397748418,589.7955322265625,589.7955322265625,113969
2010-10-21,589.8016357421875,589.8075395183265,589.7957319660485,589.7957319660485,278886
2010-10-22,589.8016357421875,589.8075395183265,589.7957319660485,589.8016357421875,249377
2010-10-25,589.8016357421875,589.8075395183265,589.7957319660485,589.8016357421875,146274
2010-10-26,589.7955322265625,589.8073397748418,589.7955322265625,589.8073397748418,53477
2010-10-27,589.8016357421875,589.8075395183265,589.7957319660485,589.7957319660485,381907
2010-10-28,589.8016357421875,589.8075395183265,589.7957319660485,589.7957319660485,79569
2010-10-29,589.7955322265625,589.8073397748418,589.7955322265625,589.8014360007021,95728
2010-11-01,589.8016357421875,589.8075395183265,589.7957319660485,589.8016357421875,106386
2010-11-02,589.8016357421875,589.8075395183265,589.7957319660485,589.8016357421875,49103
2010-11-03,589.7955322265625,589.8073397748418,589.7955322265625,589.7955322265625,103726
2010-11-04,589.8016357421875,589.8075395183265,589.7957319660485,589.7957319660485,34564
2010-11-08,589.7955322265625,589.8073397748418,589.7955322265625,589.8014360007021,99341
2010-11-09,589.7955322265625,589.8073397748418,589.7955322265625,589.7955322265625,248619
2010-11-10,589.7955322265625,589.8073397748418,589.7955322265625,589.8014360007021,104686
2010-11-11,589.7955322265625,589.8073397748418,589.7955322265625,589.7955322265625,58627
2010-11-12,589.8016357421875,589.8075395183265,589.7957319660485,589.8075395183265,107505
2010-11-15,589.8016357421875,589.8075395183265,589.7957319660485,589.8016357421875,186887
2010-11-16,589.8016357421875,589.8075395183265,589.7957319660485,589.7957319660485,157154
2010-11-18,589.8016357421875,589.8075395183265,589.7957319660485,589.8016357421875,117917
2010-11-19,589.8016357421875,589.8075395183265,589.7957319660485,589.7957319660485,164598
2010-11-22,589.8016357421875,589.8075395183265,589.7957319660485,589.7957319660485,187666
2010-11-23,589.7955322265625,589.8073397748418,589.7955322265625,589.7955322265625,103186
2010-11-24,589.7955322265625,589.8073397748418,589.7955322265625,589.8014360007021,57741
2010-11-25,589.7955322265625,589.8073397748418,589.7955322265625,589.7955322265625,253909
2010-11-26,589.7955322265625,589.8073397748418,589.7955322265625,589.8014360007021,103328
2010-11-29,589.8016357421875,589.8075395183265,589.7721528601273,589.7721528601273,128007
2010-11-30,589.8016357421875,589.8075395183265,589.7957319660485,589.7957319660485,48643
2010-12-01,589.8016357421875,589.8075395183265,589.7957319660485,589.7957319660485,185351
2010-12-02,589.8016357421875,589.8075395183265,589.7957319660485,589.8016357421875,72971
2010-12-03,589.7955322265625,589.8073397748418,589.7955322265625,589.8014360007021,88801
2010-12-06,589.8016357421875,589.8075395183265,589.7957319660485,589.7957319660485,93652
2010-12-07,589.8016357421875,589.8075395183265,589.7957319660485,589.7957319660485,100544
2010-12-08,589.8016357421875,589.8075395183265,589.7957319660485,589.8016357421875,58093
2010-12-09,589.7955322265625,589.8073397748418,589.7955322265625,589.8014360007021,120402
2010-12-10,589.8016357421875,589.8075395183265,589.7957319660485,589.7957319660485,77625
2010-12-13,589.8016357421875,589.8075395183265,584.4934210205078,589.2118341064453,89906
2010-12-14,589.8016357421875,589.8075395183265,589.7957319660485,589.7957319660485,183743
2010-12-15,589.8016357421875,589.8075395183265,589.7957319660485,589.7957319660485,77123
2010-12-16,589.7955322265625,589.8073397748418,589.7955322265625,589.7955322265625,58614
2010-12-20,589.8016357421875,589.8075395183265,589.7957319660485,589.8016357421875,178048
2010-12-21,589.7955322265625,589.8073397748418,589.7955322265625,589.8073397748418,48808
2010-12-22,589.7955322265625,589.8073397748418,589.7955322265625,589.8073397748418,57626
2010-12-23,589.8016357421875,589.8075395183265,589.7957319660485,589.8075395183265,56623
2010-12-24,589.8016357421875,589.8075395183265,589.7957319660485,589.8016357421875,109518
2010-12-27,589.8016357421875,589.8075395183265,589.7957319660485,589.8016357421875,100584
2010-12-28,589.8016357421875,589.8075395183265,589.7957319660485,589.8016357421875,103803
2010-12-29,589.7955322265625,589.8073397748418,589.7955322265625,589.8014360007021,97699
2010-12-30,589.8016357421875,589.8075395183265,589.7957319660485,589.8016357421875,141524
2010-12-31,589.8016357421875,589.8075395183265,589.7957319660485,589.7957319660485,223951
2011-01-03,589.7955322265625,589.8073397748418,589.7955322265625,589.7955322265625,183100
2011-01-04,589.7955322265625,589.8073397748418,589.7955322265625,589.7955322265625,181012
2011-01-05,589.7955322265625,589.8014360007021,589.7955322265625,589.7955322265625,80377
2011-01-06,589.7955322265625,589.8073397748418,589.7955322265625,589.7955322265625,88305
2011-01-07,589.7955322265625,589.8073397748418,589.2116345647014,589.2116345647014,107753
2011-01-10,589.7955322265625,589.8073397748418,589.7955322265625,589.8014360007021,132322
2011-01-11,589.8016357421875,589.8075395183265,589.7957319660485,589.7957319660485,375217
2011-01-12,589.7955322265625,589.8073397748418,589.7955322265625,589.7955322265625,94932
2011-01-13,589.8016357421875,589.8075395183265,589.7957319660485,589.7957319660485,113157
2011-01-14,589.7955322265625,589.8073397748418,589.7955322265625,589.7955322265625,74305
2011-01-17,589.8016357421875,589.8075395183265,589.7957319660485,589.8016357421875,101619
2011-01-18,589.8016357421875,589.8075395183265,589.7957319660485,589.7957319660485,101122
2011-01-19,589.8016357421875,589.8075395183265,589.7957319660485,589.7957319660485,357277
2011-01-20,589.8016357421875,589.8075395183265,589.7957319660485,589.8016357421875,74612
2011-01-21,589.8016357421875,589.8075395183265,589.7957319660485,589.8016357421875,37075
2011-01-24,589.8016357421875,589.8075395183265,589.7957319660485,589.7957319660485,75632
2011-01-25,589.7955322265625,589.8073397748418,589.7955322265625,589.7955322265625,81306
2011-01-27,589.8016357421875,589.8075395183265,589.7957319660485,589.8016357421875,94150
2011-01-28,589.7955322265625,589.8073397748418,589.7955322265625,589.8014360007021,319744
2011-01-31,589.8016357421875,589.8075395183265,589.7957319660485,589.7957319660485,273942
2011-02-01,589.8016357421875,589.8075395183265,589.7957319660485,589.8075395183265,172544
2011-02-02,589.7955322265625,589.8073397748418,589.7955322265625,589.8014360007021,98775
2011-02-03,589.7955322265625,589.8073397748418,589.7955322265625,589.8014360007021,84758
2011-02-04,589.8016357421875,589.8075395183265,589.7957319660485,589.8016357421875,104989
2011-02-07,589.8016357421875,589.8075395183265,589.7957319660485,589.8075395183265,320282
2011-02-08,589.7955322265625,589.8073397748418,589.7955322265625,589.8073397748418,105073
2011-02-09,589.7955322265625,589.8073397748418,589.7955322265625,589.8014360007021,104408
2011-02-10,589.8016357421875,589.8075395183265,589.7957319660485,589.8016357421875,115508
2011-02-11,589.8016357421875,589.8075395183265,589.7957319660485,589.8016357421875,67412
2011-02-14,589.7955322265625,589.8073397748418,589.7955322265625,589.8014360007021,137187
2011-02-15,589.8016357421875,589.8075395183265,589.7957319660485,589.8075395183265,120051
2011-02-16,589.7955322265625,589.8073397748418,589.7955322265625,589.8073397748418,62146
2011-02-17,589.8016357421875,589.8075395183265,589.7957319660485,589.8016357421875,51553
2011-02-18,589.7955322265625,589.8073397748418,589.7955322265625,589.8073397748418,145766
2011-02-21,589.7955322265625,589.8073397748418,589.7955322265625,589.8014360007021,99531
2011-02-22,589.7955322265625,589.8073397748418,589.7955322265625,589.8073397748418,62535
2011-02-23,589.7955322265625,589.8073397748418,589.7955322265625,589.7955322265625,274899
2011-02-24,589.7955322265625,589.8073397748418,589.7955322265625,589.8014360007021,191010
2011-02-25,589.8016357421875,589.8075395183265,589.7957319660485,589.8016357421875,93937
2011-02-28,589.8016357421875,589.8075395183265,589.7957319660485,589.8075395183265,168468
2011-03-01,589.8016357421875,589.8075395183265,589.7957319660485,589.8075395183265,152129
2011-03-03,589.8016357421875,589.8075395183265,589.7957319660485,589.8016357421875,177078
2011-03-04,589.7955322265625,589.8073397748418,589.7955322265625,589.8073397748418,227121
2011-03-07,589.7955322265625,589.8073397748418,589.7955322265625,589.7955322265625,114555
2011-03-08,589.7955322265625,589.8073397748418,589.7955322265625,589.8014360007021,123082
2011-03-09,589.7955322265625,589.8073397748418,589.7955322265625,589.8073397748418,178585
2011-03-10,589.8016357421875,589.8075395183265,589.7957319660485,589.8075395183265,107085
2011-03-11,589.7955322265625,589.8073397748418,589.7955322265625,589.8073397748418,100675
2011-03-14,589.8016357421875,589.8075395183265,589.7957319660485,589.8016357421875,132510
2011-03-15,589.7955322265625,589.8073397748418,589.7955322265625,589.8014360007021,201536
2011-03-16,589.7955322265625,589.8073397748418,589.7955322265625,589.8014360007021,109377
2011-03-17,589.8016357421875,589.8075395183265,589.7957319660485,589.7957319660485,660385
2011-03-18,589.8016357421875,589.8075395183265,589.7957319660485,589.8016357421875,103746
2011-03-21,589.7955322265625,589.8073397748418,589.7955322265625,589.7955322265625,63611
2011-03-22,589.7955322265625,589.8073397748418,589.7955322265625,589.8014360007021,90079
2011-03-23,589.7955322265625,589.8073397748418,589.7955322265625,589.7955322265625,175084
2011-03-24,589.7955322265625,589.8073397748418,589.7955322265625,589.8073397748418,210418
2011-03-25,589.7955322265625,589.8073397748418,589.7955322265625,589.8014360007021,256313
2011-03-28,589.8016357421875,589.8075395183265,589.7957319660485,589.7957319660485,253136
2011-03-29,589.8016357421875,589.8075395183265,589.7957319660485,589.8075395183265,160705
2011-03-30,589.8016357421875,589.8075395183265,589.7957319660485,589.8075395183265,206407
2011-03-31,589.8016357421875,589.8075395183265,589.7957319660485,589.8075395183265,183456
2011-04-01,589.8016357421875,589.8075395183265,589.7957319660485,589.7957319660485,221427
2011-04-04,589.7955322265625,589.8073397748418,589.7955322265625,589.7955322265625,186397
2011-04-05,589.7955322265625,589.8073397748418,589.7955322265625,589.7955322265625,99375
2011-04-06,589.7955322265625,589.8073397748418,589.7955322265625,589.8014360007021,104139
2011-04-07,589.8016357421875,589.8075395183265,589.7957319660485,589.8016357421875,126860
2011-04-08,589.8016357421875,589.8075395183265,589.8016357421875,589.8016357421875,179541
2011-04-11,589.8016357421875,589.8075395183265,589.7957319660485,589.7957319660485,135207
2011-04-13,589.7955322265625,589.8073397748418,589.7955322265625,589.7955322265625,175862
2011-04-15,589.8016357421875,589.8075395183265,589.7957319660485,589.8016357421875,139503
2011-04-18,589.8016357421875,589.8075395183265,589.7957319660485,589.8016357421875,241026
2011-04-19,589.7955322265625,589.8073397748418,589.7955322265625,589.8014360007021,206668
2011-04-20,589.7955322265625,589.8073397748418,589.7955322265625,589.7955322265625,114305
2011-04-21,589.7955322265625,589.8073397748418,589.7955322265625,589.7955322265625,103238
2011-04-25,589.8016357421875,589.8075395183265,589.7957319660485,589.7957319660485,147668
2011-04-26,589.7955322265625,589.8073397748418,589.7955322265625,589.8073397748418,165659
2011-04-27,589.7955322265625,589.8073397748418,589.7955322265625,589.8014360007021,77669
2011-04-28,589.7955322265625,589.8073397748418,589.7955322265625,589.8014360007021,121326
2011-04-29,589.8016357421875,589.8075395183265,589.7957319660485,589.8075395183265,87117
2011-05-02,589.7955322265625,589.8073397748418,589.7955322265625,589.8073397748418,144250
2011-05-03,589.8016357421875,589.8075395183265,589.7957319660485,589.7957319660485,93159
2011-05-04,589.8016357421875,589.8075395183265,589.7957319660485,589.7957319660485,143564
2011-05-05,589.8016357421875,589.8075395183265,589.7957319660485,589.7957319660485,102775
2011-05-06,589.7955322265625,589.8073397748418,589.7955322265625,589.8014360007021,93536
2011-05-09,589.8016357421875,589.8075395183265,589.7957319660485,589.8016357421875,108823
2011-05-10,589.8016357421875,589.8075395183265,589.7957319660485,589.7957319660485,76616
2011-05-11,589.7955322265625,589.8073397748418,589.7955322265625,589.8073397748418,95168
2011-05-12,589.7955322265625,589.8073397748418,589.7955322265625,589.8014360007021,58707
2011-05-13,589.8016357421875,589.8075395183265,589.7957319660485,589.8075395183265,66993
2011-05-16,589.8016357421875,589.8075395183265,589.7957319660485,589.7957319660485,72124
2011-05-17,589.8016357421875,589.8075395183265,589.7957319660485,589.8075395183265,53078
2011-05-18,589.8016357421875,589.8075395183265,589.7957319660485,589.8075395183265,132336
2011-05-19,589.8016357421875,589.8075395183265,589.7957319660485,589.7957319660485,101295
2011-05-20,589.8016357421875,589.8075395183265,589.7957319660485,589.8075395183265,63963
2011-05-23,589.8016357421875,589.8075395183265,589.7957319660485,589.8075395183265,113626
2011-05-24,589.8016357421875,589.8075395183265,589.7957319660485,589.8075395183265,126069
2011-05-25,589.7955322265625,589.8073397748418,589.7955322265625,589.8073397748418,58548
2011-05-26,589.7955322265625,589.8073397748418,589.7955322265625,589.8073397748418,78057
2011-05-27,589.7955322265625,589.8073397748418,589.7955322265625,589.8073397748418,122595
2011-05-30,589.7955322265625,589.8073397748418,589.7955322265625,589.8014360007021,119875
2011-05-31,589.7955322265625,589.8073397748418,589.7955322265625,589.8073397748418,114779
2011-06-01,589.7955322265625,589.8073397748418,589.7955322265625,589.8014360007021,141435
2011-06-02,589.7955322265625,589.8073397748418,589.7955322265625,589.8014360007021,85973
2011-06-03,589.7955322265625,589.8073397748418,589.7955322265625,589.8073397748418,62357
2011-06-06,589.7955322265625,589.8073397748418,589.7955322265625,589.8073397748418,65479
2011-06-07,589.7955322265625,589.8073397748418,589.7955322265625,589.8014360007021,86588
2011-06-08,589.8016357421875,589.8075395183265,589.7957319660485,589.8016357421875,52961
2011-06-09,589.7955322265625,589.8073397748418,589.7955322265625,589.8014360007021,47789
2011-06-10,589.8016357421875,589.8075395183265,589.7957319660485,589.8016357421875,82751
2011-06-13,589.8016357421875,589.8075395183265,589.7957319660485,589.8075395183265,55839
2011-06-14,589.7955322265625,589.8073397748418,589.7955322265625,589.8014360007021,105166
2011-06-15,589.7955322265625,589.8073397748418,589.7955322265625,589.8014360007021,64014
2011-06-16,589.7955322265625,589.8073397748418,589.7955322265625,589.7955322265625,106370
2011-06-17,589.8016357421875,589.8075395183265,589.7957319660485,589.8016357421875,58709
2011-06-20,589.8016357421875,589.8075395183265,589.7957319660485,589.7957319660485,177635
2011-06-21,589.8016357421875,589.8075395183265,589.7957319660485,589.7957319660485,161018
2011-06-22,589.8016357421875,589.8075395183265,589.7957319660485,589.8016357421875,108171
2011-06-23,589.8016357421875,589.8075395183265,589.7957319660485,589.7957319660485,90093
2011-06-24,589.8016357421875,589.8075395183265,589.7957319660485,589.8016357421875,281176
2011-06-27,589.8016357421875,589.8075395183265,589.7957319660485,589.8016357421875,162707
2011-06-28,589.8016357421875,589.8075395183265,589.7957319660485,589.7957319660485,126773
2011-06-29,589.7955322265625,589.8073397748418,589.7955322265625,589.8014360007021,293053
2011-06-30,589.8016357421875,589.8075395183265,589.7957319660485,589.8016357421875,182063
2011-07-01,589.7955322265625,589.8073397748418,589.7955322265625,589.7955322265625,200906
2011-07-04,589.7955322265625,589.8073397748418,589.7955322265625,589.8073397748418,92276
2011-07-05,589.7955322265625,589.8073397748418,589.7955322265625,589.7955322265625,100604
2011-07-06,589.7955322265625,589.8073397748418,589.7955322265625,589.8014360007021,103765
2011-07-07,589.7955322265625,589.8073397748418,589.7955322265625,589.8073397748418,85573
2011-07-08,589.8016357421875,589.8075395183265,589.7957319660485,589.8075395183265,72393
2011-07-11,589.8016357421875,589.8075395183265,589.7957319660485,589.8075395183265,60471
2011-07-12,589.8016357421875,589.8075395183265,589.7957319660485,589.8016357421875,71425
2011-07-13,589.8016357421875,589.8075395183265,589.7957319660485,589.8016357421875,146037
2011-07-14,589.8016357421875,589.8075395183265,589.7957319660485,589.7957319660485,58251
2011-07-15,589.7955322265625,589.8073397748418,589.7955322265625,589.8014360007021,132952
2011-07-18,589.8016357421875,589.8075395183265,589.7957319660485,589.7957319660485,133819
2011-07-19,589.7955322265625,589.8073397748418,589.7955322265625,589.8014360007021,55571
2011-07-20,589.7955322265625,589.8073397748418,589.7955322265625,589.8014360007021,57230
2011-07-21,589.7955322265625,589.8073397748418,589.7955322265625,589.8073397748418,67753
2011-07-22,589.8016357421875,589.8075395183265,589.7957319660485,589.8075395183265,149322
2011-07-25,589.7955322265625,589.8073397748418,589.7955322265625,589.8014360007021,50903
2011-07-26,589.7955322265625,589.8073397748418,589.7955322265625,589.8014360007021,137679
2011-07-27,589.7955322265625,589.8073397748418,589.7955322265625,589.7955322265625,110440
2011-07-28,589.8016357421875,589.8075395183265,589.7957319660485,589.8016357421875,180955
2011-07-29,589.8016357421875,589.8075395183265,589.7957319660485,589.7957319660485,269621
2011-08-01,589.8016357421875,589.8075395183265,589.7957319660485,589.7957319660485,143625
2011-08-02,589.7955322265625,589.8073397748418,589.7955322265625,589.8014360007021,75706
2011-08-03,589.8016357421875,589.8075395183265,589.7957319660485,589.8016357421875,110390
2011-08-04,589.8016357421875,589.8075395183265,589.7957319660485,589.8016357421875,203319
2011-08-05,589.7955322265625,589.8073397748418,589.7955322265625,589.8014360007021,218212
2011-08-08,589.7955322265625,589.8073397748418,589.7955322265625,589.8014360007021,455708
2011-08-09,589.8016357421875,589.8075395183265,589.7957319660485,589.7957319660485,615464
2011-08-10,589.8016357421875,589.8075395183265,589.7957319660485,589.8075395183265,309329
2011-08-11,589.8016357421875,589.8075395183265,589.7957319660485,589.8016357421875,55803
2011-08-12,589.7955322265625,589.8073397748418,589.7955322265625,589.7955322265625,566507
2011-08-16,589.7955322265625,589.8073397748418,589.7955322265625,589.7955322265625,325935
2011-08-17,589.8016357421875,589.8075395183265,589.7957319660485,589.8016357421875,76551
2011-08-18,589.8016357421875,589.8075395183265,589.7957319660485,589.8075395183265,72685
2011-08-19,589.7955322265625,589.8073397748418,589.7955322265625,589.8014360007021,104339
2011-08-22,589.7955322265625,589.8073397748418,589.7424702565512,589.8014360007021,116620
2011-08-23,589.7955322265625,589.8073397748418,589.7955322265625,589.8014360007021,115066
2011-08-24,589.7955322265625,589.8073397748418,589.7955322265625,589.8014360007021,111031
2011-08-25,589.7955322265625,589.8073397748418,589.7955322265625,589.8014360007021,114036
2011-08-26,589.7955322265625,589.8073397748418,589.7955322265625,589.8014360007021,106621
2011-08-29,589.7955322265625,589.8073397748418,589.7955322265625,589.8014360007021,150844
2011-08-30,589.8016357421875,589.8075395183265,589.7957319660485,589.8016357421875,298438
2011-09-02,589.7955322265625,589.8073397748418,589.7955322265625,589.8073397748418,159886
2011-09-05,589.7955322265625,589.8073397748418,589.7955322265625,589.8014360007021,145377
2011-09-06,589.7955322265625,592.1606417447049,589.7955322265625,589.8014360007021,113023
2011-09-07,589.8016357421875,589.8075395183265,589.7957319660485,589.8016357421875,117797
2011-09-08,589.8016357421875,589.8075395183265,589.7957319660485,589.8075395183265,170307
2011-09-09,589.8016357421875,589.8075395183265,589.7957319660485,589.8016357421875,206238
2011-09-12,589.8016357421875,589.8075395183265,589.7957319660485,589.8075395183265,103979
2011-09-13,589.7955322265625,589.8073397748418,589.7955322265625,589.8014360007021,113351
2011-09-14,589.7955322265625,589.8073397748418,589.7955322265625,589.7955322265625,95304
2011-09-15,589.7955322265625,589.8073397748418,589.7955322265625,589.8073397748418,105611
2011-09-16,589.8016357421875,589.8075395183265,589.7957319660485,589.8075395183265,97911
2011-09-19,589.8016357421875,589.8075395183265,589.7957319660485,589.8075395183265,51277
2011-09-20,589.7955322265625,589.8073397748418,589.7955322265625,589.8014360007021,123232
2011-09-21,589.7955322265625,589.8073397748418,589.7955322265625,589.7955322265625,125951
2011-09-22,589.8016357421875,589.8075395183265,589.7957319660485,589.7957319660485,151247
2011-09-23,589.8016357421875,589.8075395183265,589.7957319660485,589.8016357421875,406895
2011-09-26,589.7955322265625,589.8073397748418,589.7955322265625,589.7955322265625,256593
2011-09-27,589.8016357421875,589.8075395183265,589.7957319660485,589.7957319660485,260420
2011-09-28,589.8016357421875,589.8075395183265,589.7957319660485,589.8016357421875,172176
2011-09-29,589.7955322265625,589.8073397748418,589.7955322265625,589.7955322265625,198134
2011-09-30,589.8016357421875,589.8075395183265,589.7957319660485,589.8016357421875,271169
2011-10-03,589.8016357421875,589.8075395183265,589.7957319660485,589.7957319660485,189802
2011-10-04,589.7955322265625,589.8073397748418,589.7955322265625,589.8014360007021,95097
2011-10-05,589.7955322265625,589.8073397748418,589.7955322265625,589.7955322265625,63769
2011-10-07,589.7955322265625,589.8073397748418,589.7955322265625,589.8014360007021,85224
2011-10-10,589.7955322265625,589.8073397748418,589.7955322265625,589.8014360007021,89450
2011-10-11,589.7955322265625,589.8073397748418,589.7955322265625,589.8073397748418,85695
2011-10-12,589.7955322265625,589.8073397748418,589.7955322265625,589.8014360007021,100559
2011-10-13,589.7955322265625,589.8073397748418,589.7955322265625,589.8073397748418,78035
2011-10-14,589.7955322265625,589.8073397748418,589.7955322265625,589.8014360007021,121912
2011-10-17,589.8016357421875,589.8075395183265,589.7957319660485,589.7957319660485,92369
2011-10-18,589.7955322265625,589.8073397748418,589.7955322265625,589.8014360007021,116619
2011-10-19,589.7955322265625,589.8073397748418,589.7955322265625,589.8014360007021,97978
2011-10-20,589.7955322265625,589.8073397748418,589.7955322265625,589.7955322265625,71878
2011-10-21,589.8016357421875,589.8075395183265,589.7957319660485,589.8075395183265,111191
2011-10-24,589.7955322265625,589.8073397748418,589.7955322265625,589.7955322265625,64236
2011-10-25,589.7955322265625,589.8073397748418,589.7955322265625,589.7955322265625,193477
2011-10-28,589.7955322265625,589.8073397748418,589.7955322265625,589.7955322265625,120524
2011-10-31,589.7955322265625,589.8073397748418,589.7955322265625,589.8073397748418,147077
2011-11-01,589.7955322265625,589.8073397748418,589.7955322265625,589.8014360007021,69543
2011-11-02,589.8016357421875,589.8075395183265,589.7957319660485,589.7957319660485,64995
2011-11-03,589.8016357421875,589.8075395183265,589.7957319660485,589.8075395183265,102372
2011-11-04,589.8016357421875,589.8075395183265,589.7957319660485,589.8016357421875,141931
2011-11-08,589.8016357421875,589.8075395183265,589.7957319660485,589.8016357421875,83424
2011-11-09,589.7955322265625,589.8073397748418,589.7955322265625,589.8014360007021,75097
2011-11-11,589.8016357421875,589.8075395183265,589.7957319660485,589.8016357421875,72438
2011-11-14,589.8016357421875,589.8075395183265,589.7957319660485,589.7957319660485,105145
2011-11-15,589.8016357421875,589.8075395183265,589.7957319660485,589.8016357421875,104024
2011-11-16,589.8016357421875,589.8075395183265,589.7957319660485,589.8016357421875,148026
2011-11-17,589.7955322265625,589.8073397748418,589.7955322265625,589.8014360007021,169758
2011-11-18,589.8016357421875,589.8075395183265,589.7957319660485,589.7957319660485,214642
2011-11-21,589.7955322265625,589.8073397748418,589.7955322265625,589.8014360007021,105654
2011-11-22,589.7955322265625,589.8073397748418,589.7955322265625,589.8014360007021,141311
2011-11-23,589.8016357421875,589.8075395183265,589.7957319660485,589.8016357421875,102255
2011-11-24,589.7955322265625,589.8073397748418,589.7955322265625,589.7955322265625,103536
2011-11-25,589.8016357421875,589.8075395183265,589.7957319660485,589.8016357421875,140255
2011-11-28,589.8016357421875,589.8075395183265,589.7957319660485,589.7957319660485,102958
2011-11-29,589.8016357421875,589.8075395183265,589.7957319660485,589.8016357421875,155248
2011-11-30,589.8016357421875,589.8075395183265,589.7957319660485,589.8016357421875,106634
2011-12-01,589.8016357421875,589.8075395183265,589.7957319660485,589.7957319660485,139560
2011-12-02,589.7955322265625,589.8073397748418,589.7955322265625,589.7955322265625,156235
2011-12-05,589.7955322265625,589.8073397748418,589.7955322265625,589.8014360007021,192824
2011-12-07,589.7955322265625,589.8073397748418,589.7955322265625,589.8014360007021,163458
2011-12-08,589.7955322265625,589.8073397748418,589.7955322265625,589.7955322265625,115000
2011-12-09,589.7955322265625,589.8073397748418,589.7955322265625,589.8014360007021,166441
2011-12-12,589.8016357421875,589.8075395183265,589.7957319660485,589.8016357421875,165587
2011-12-13,589.7955322265625,589.8073397748418,589.7955322265625,589.8014360007021,147740
2011-12-14,589.8016357421875,589.8075395183265,589.7957319660485,589.8016357421875,159496
2011-12-15,589.8016357421875,589.8075395183265,589.7957319660485,589.7957319660485,139676
2011-12-16,589.7955322265625,589.8073397748418,589.7955322265625,589.8014360007021,206309
2011-12-19,589.7955322265625,589.8073397748418,589.7955322265625,589.7955322265625,249995
2011-12-20,589.7955322265625,589.8073397748418,589.7955322265625,589.7955322265625,210243
2011-12-21,589.8016357421875,589.8075395183265,589.7957319660485,589.8016357421875,214392
2011-12-22,589.8016357421875,589.8075395183265,589.7957319660485,589.7957319660485,154167
2011-12-23,589.8016357421875,589.8075395183265,589.7957319660485,589.8016357421875,269483
2011-12-26,589.8016357421875,589.8075395183265,589.7957319660485,589.8016357421875,121023
2011-12-27,589.8016357421875,589.8075395183265,589.7957319660485,589.8016357421875,142718
2011-12-28,589.7955322265625,589.8073397748418,589.7955322265625,589.8014360007021,387274
2011-12-29,589.8016357421875,589.8075395183265,589.7957319660485,589.8016357421875,307609
2011-12-30,589.8016357421875,589.8075395183265,589.7957319660485,589.8016357421875,372114
2012-01-02,589.7955322265625,589.8073397748418,589.7955322265625,589.7955322265625,0
2012-01-03,589.8016357421875,589.8075395183265,589.7957319660485,589.7957319660485,0
2012-01-04,589.7955322265625,589.8073397748418,589.7955322265625,589.8014360007021,0
2012-01-05,589.7955322265625,589.8073397748418,589.7955322265625,589.8014360007021,0
2012-01-06,589.8016357421875,589.8075395183265,589.7957319660485,589.8016357421875,0
2012-01-09,589.7955322265625,589.8073397748418,589.7955322265625,589.8014360007021,0
2012-01-10,589.7955322265625,589.8073397748418,589.7955322265625,589.8014360007021,0
2012-01-11,589.8016357421875,589.8075395183265,589.7957319660485,589.8016357421875,0
2012-01-12,589.7955322265625,589.8073397748418,589.7955322265625,589.8073397748418,0
2012-01-13,589.8016357421875,589.8075395183265,589.7957319660485,589.8016357421875,0
2012-01-16,589.7955322265625,589.8073397748418,589.7955322265625,589.8014360007021,0
2012-01-17,589.7955322265625,589.8073397748418,589.7955322265625,589.7955322265625,0
2012-01-18,589.8016357421875,589.8075395183265,589.7957319660485,589.7957319660485,0
2012-01-19,589.7955322265625,589.8073397748418,589.7955322265625,589.7955322265625,0
2012-01-20,589.8016357421875,589.8075395183265,589.7957319660485,589.8016357421875,0
2012-01-23,589.7955322265625,589.8073397748418,589.7955322265625,589.8014360007021,0
2012-01-24,589.8016357421875,589.8075395183265,589.7957319660485,589.8016357421875,0
2012-01-25,589.7955322265625,589.8073397748418,589.7955322265625,589.8014360007021,0
2012-01-27,589.8016357421875,589.8075395183265,589.7957319660485,589.8016357421875,0
2012-01-30,589.7955322265625,589.8073397748418,589.7955322265625,589.8014360007021,0
2012-01-31,589.7955322265625,589.8073397748418,589.7955322265625,589.8014360007021,0
2012-02-01,589.7955322265625,589.8073397748418,589.7955322265625,589.8014360007021,0
2012-02-02,589.8016357421875,589.8075395183265,589.7957319660485,589.8016357421875,0
2012-02-03,589.8016357421875,589.8075395183265,589.7957319660485,589.8016357421875,0
2012-02-06,589.8016357421875,589.8075395183265,589.7957319660485,589.8016357421875,0
2012-02-07,589.7955322265625,589.8073397748418,589.7719531286266,589.7719531286266,0
2012-02-08,589.8016357421875,589.8075395183265,589.7957319660485,589.8016357421875,0
2012-02-09,589.8016357421875,589.8075395183265,589.7957319660485,589.7957319660485,0
2012-02-10,589.7955322265625,589.8073397748418,589.7955322265625,589.8014360007021,0
2012-02-13,589.8016357421875,589.8075395183265,589.7957319660485,589.8016357421875,0
2012-02-14,589.7955322265625,589.8073397748418,589.7955322265625,589.7955322265625,0
2012-02-15,589.7955322265625,589.8073397748418,589.7955322265625,589.7955322265625,0
2012-02-16,589.7955322265625,589.8073397748418,589.7955322265625,589.7955322265625,0
2012-02-17,589.7955322265625,589.8073397748418,589.7955322265625,589.8014360007021,0
2012-02-21,589.7955322265625,589.8073397748418,589.7955322265625,589.8014360007021,0
2012-02-22,589.8016357421875,589.8016357421875,589.8016357421875,589.8016357421875,0
2012-02-23,589.8016357421875,589.8016357421875,589.8016357421875,589.8016357421875,0
2012-02-24,589.8016357421875,589.8016357421875,589.8016357421875,589.8016357421875,0
2012-02-27,589.8016357421875,589.8016357421875,589.8016357421875,589.8016357421875,0
2012-02-28,589.8016357421875,589.8016357421875,589.8016357421875,589.8016357421875,0
2012-02-29,589.8016357421875,589.8016357421875,589.8016357421875,589.8016357421875,0
2012-03-01,589.8016357421875,589.8016357421875,589.8016357421875,589.8016357421875,0
2012-03-02,589.8016357421875,589.8016357421875,589.8016357421875,589.8016357421875,0
2012-03-05,589.8016357421875,589.8016357421875,589.8016357421875,589.8016357421875,0
2012-03-06,589.8016357421875,589.8016357421875,589.8016357421875,589.8016357421875,0
2012-03-07,589.8016357421875,589.8016357421875,589.8016357421875,589.8016357421875,0
2012-03-09,589.8016357421875,589.8016357421875,589.8016357421875,589.8016357421875,0
2012-03-12,589.8016357421875,589.8016357421875,589.8016357421875,589.8016357421875,0
2012-03-13,589.8016357421875,589.8016357421875,589.8016357421875,589.8016357421875,0
2012-03-14,589.8016357421875,589.8016357421875,589.8016357421875,589.8016357421875,0
2012-03-15,589.8016357421875,589.8016357421875,589.8016357421875,589.8016357421875,0
2012-03-16,589.8016357421875,589.8016357421875,589.8016357421875,589.8016357421875,0
2012-03-19,589.8016357421875,589.8016357421875,589.8016357421875,589.8016357421875,0
2012-03-20,589.8016357421875,589.8016357421875,589.8016357421875,589.8016357421875,0
2012-03-21,589.8016357421875,589.8016357421875,589.8016357421875,589.8016357421875,0
2012-03-22,589.8016357421875,589.8016357421875,589.8016357421875,589.8016357421875,0
2012-03-23,589.8016357421875,589.8016357421875,589.8016357421875,589.8016357421875,0
2012-03-26,589.8016357421875,589.8016357421875,589.8016357421875,589.8016357421875,0
2012-03-27,589.8016357421875,589.8016357421875,589.8016357421875,589.8016357421875,0
2012-03-28,589.8016357421875,589.8016357421875,589.8016357421875,589.8016357421875,0
2012-03-29,589.8016357421875,589.8016357421875,589.8016357421875,589.8016357421875,0
2012-03-30,589.8016357421875,589.8016357421875,589.8016357421875,589.8016357421875,0
2012-04-02,589.8016357421875,589.8016357421875,589.8016357421875,589.8016357421875,0
2012-04-03,589.8016357421875,589.8016357421875,589.8016357421875,589.8016357421875,0
2012-04-04,589.8016357421875,589.8016357421875,589.8016357421875,589.8016357421875,0
2012-04-09,589.8016357421875,589.8016357421875,589.8016357421875,589.8016357421875,0
2012-04-10,589.8016357421875,589.8016357421875,589.8016357421875,589.8016357421875,0
2012-04-11,589.8016357421875,589.8016357421875,589.8016357421875,589.8016357421875,0
2012-04-12,589.8016357421875,589.8016357421875,589.8016357421875,589.8016357421875,0
2012-04-13,589.8016357421875,589.8016357421875,589.8016357421875,589.8016357421875,0
2012-04-16,589.8016357421875,589.8016357421875,589.8016357421875,589.8016357421875,0
2012-04-17,589.8016357421875,589.8016357421875,589.8016357421875,589.8016357421875,0
2012-04-18,589.8016357421875,589.8016357421875,589.8016357421875,589.8016357421875,0
2012-04-19,589.8016357421875,589.8016357421875,589.8016357421875,589.8016357421875,0
2012-04-20,589.8016357421875,589.8016357421875,589.8016357421875,589.8016357421875,0
2012-04-23,589.8016357421875,589.8016357421875,589.8016357421875,589.8016357421875,0
2012-04-24,589.8016357421875,589.8016357421875,589.8016357421875,589.8016357421875,0
2012-04-25,589.8016357421875,589.8016357421875,589.8016357421875,589.8016357421875,0
2012-04-26,589.8016357421875,589.8016357421875,589.8016357421875,589.8016357421875,0
2012-04-27,589.8016357421875,589.8016357421875,589.8016357421875,589.8016357421875,0
2012-04-30,589.8016357421875,589.8016357421875,589.8016357421875,589.8016357421875,0
2012-05-02,589.8016357421875,589.8016357421875,589.8016357421875,589.8016357421875,0
2012-05-03,589.8016357421875,589.8016357421875,589.8016357421875,589.8016357421875,0
2012-05-04,589.8016357421875,589.8016357421875,589.8016357421875,589.8016357421875,0
2012-05-07,589.8016357421875,589.8016357421875,589.8016357421875,589.8016357421875,0
2012-05-08,589.8016357421875,589.8016357421875,589.8016357421875,589.8016357421875,0
2012-05-09,589.8016357421875,589.8016357421875,589.8016357421875,589.8016357421875,0
2012-05-10,589.8016357421875,589.8016357421875,589.8016357421875,589.8016357421875,0
2012-05-11,589.8016357421875,589.8016357421875,589.8016357421875,589.8016357421875,0
2012-05-14,589.8016357421875,589.8016357421875,589.8016357421875,589.8016357421875,0
2012-05-15,589.8016357421875,589.8016357421875,589.8016357421875,589.8016357421875,0
2012-05-16,589.8016357421875,589.8016357421875,589.8016357421875,589.8016357421875,0
2012-05-17,589.8016357421875,589.8016357421875,589.8016357421875,589.8016357421875,0
2012-05-18,589.8016357421875,589.8016357421875,589.8016357421875,589.8016357421875,0
2012-05-21,589.8016357421875,589.8016357421875,589.8016357421875,589.8016357421875,0
2012-05-22,589.8016357421875,589.8016357421875,589.8016357421875,589.8016357421875,0
2012-05-23,589.8016357421875,589.8016357421875,589.8016357421875,589.8016357421875,0
2012-05-24,589.8016357421875,589.8016357421875,589.8016357421875,589.8016357421875,0
2012-05-25,589.8016357421875,589.8016357421875,589.8016357421875,589.8016357421875,0
2012-05-28,589.8016357421875,589.8016357421875,589.8016357421875,589.8016357421875,0
2012-05-29,589.8016357421875,589.8016357421875,589.8016357421875,589.8016357421875,0
2012-05-30,589.8016357421875,589.8016357421875,589.8016357421875,589.8016357421875,0
2012-05-31,589.8016357421875,589.8016357421875,589.8016357421875,589.8016357421875,0
2012-06-01,589.8016357421875,589.8016357421875,589.8016357421875,589.8016357421875,0
2012-06-04,589.8016357421875,589.8016357421875,589.8016357421875,589.8016357421875,0
2012-06-05,589.8016357421875,589.8016357421875,589.8016357421875,589.8016357421875,0
2012-06-06,589.8016357421875,589.8016357421875,589.8016357421875,589.8016357421875,0
2012-06-07,589.8016357421875,589.8016357421875,589.8016357421875,589.8016357421875,0
2012-06-08,589.8016357421875,589.8016357421875,589.8016357421875,589.8016357421875,0
2012-06-11,589.8016357421875,589.8016357421875,589.8016357421875,589.8016357421875,0
2012-06-12,589.8016357421875,589.8016357421875,589.8016357421875,589.8016357421875,0
2012-06-13,589.8016357421875,589.8016357421875,589.8016357421875,589.8016357421875,0
2012-06-14,589.8016357421875,589.8016357421875,589.8016357421875,589.8016357421875,0
2012-06-15,589.8016357421875,589.8016357421875,589.8016357421875,589.8016357421875,0
2012-06-18,589.8016357421875,589.8016357421875,589.8016357421875,589.8016357421875,0
2012-06-19,589.8016357421875,589.8016357421875,589.8016357421875,589.8016357421875,0
2012-06-20,589.8016357421875,589.8016357421875,589.8016357421875,589.8016357421875,0
2012-06-21,589.8016357421875,589.8016357421875,589.8016357421875,589.8016357421875,0
2012-06-22,589.8016357421875,589.8016357421875,589.8016357421875,589.8016357421875,0
2012-06-25,589.8016357421875,589.8016357421875,589.8016357421875,589.8016357421875,0
2012-06-26,589.8016357421875,589.8016357421875,589.8016357421875,589.8016357421875,0
2012-06-27,589.8016357421875,589.8016357421875,589.8016357421875,589.8016357421875,0
2012-06-28,589.8016357421875,589.8016357421875,589.8016357421875,589.8016357421875,0
2012-06-29,589.8016357421875,589.8016357421875,589.8016357421875,589.8016357421875,0
2012-07-02,589.8016357421875,589.8016357421875,589.8016357421875,589.8016357421875,0
2012-07-03,589.8016357421875,589.8016357421875,589.8016357421875,589.8016357421875,0
2012-07-04,589.8016357421875,589.8016357421875,589.8016357421875,589.8016357421875,0
2012-07-05,589.8016357421875,589.8016357421875,589.8016357421875,589.8016357421875,0
2012-07-06,589.8016357421875,589.8016357421875,589.8016357421875,589.8016357421875,0
2012-07-09,589.8016357421875,589.8016357421875,589.8016357421875,589.8016357421875,0
2012-07-10,589.8016357421875,589.8016357421875,589.8016357421875,589.8016357421875,0
2012-07-11,589.8016357421875,589.8016357421875,589.8016357421875,589.8016357421875,0
2012-07-12,589.8016357421875,589.8016357421875,589.8016357421875,589.8016357421875,0
2012-07-13,589.8016357421875,589.8016357421875,589.8016357421875,589.8016357421875,0
2012-07-16,589.8016357421875,589.8016357421875,589.8016357421875,589.8016357421875,0
2012-07-17,589.8016357421875,589.8016357421875,589.8016357421875,589.8016357421875,0
2012-07-18,589.8016357421875,589.8016357421875,589.8016357421875,589.8016357421875,0
2012-07-19,589.8016357421875,589.8016357421875,589.8016357421875,589.8016357421875,0
2012-07-20,589.8016357421875,589.8016357421875,589.8016357421875,589.8016357421875,0
2012-07-23,589.8016357421875,589.8016357421875,589.8016357421875,589.8016357421875,0
2012-07-24,589.8016357421875,589.8016357421875,589.8016357421875,589.8016357421875,0
2012-07-25,589.8016357421875,589.8016357421875,589.8016357421875,589.8016357421875,0
2012-07-26,589.8016357421875,589.8016357421875,589.8016357421875,589.8016357421875,0
2012-07-27,589.8016357421875,589.8016357421875,589.8016357421875,589.8016357421875,0
2012-07-30,589.8016357421875,589.8016357421875,589.8016357421875,589.8016357421875,0
2012-07-31,589.8016357421875,589.8016357421875,589.8016357421875,589.8016357421875,0
2012-08-01,589.8016357421875,589.8016357421875,589.8016357421875,589.8016357421875,0
2012-08-02,589.8016357421875,589.8016357421875,589.8016357421875,589.8016357421875,0
2012-08-03,589.8016357421875,589.8016357421875,589.8016357421875,589.8016357421875,0
2012-08-06,589.8016357421875,589.8016357421875,589.8016357421875,589.8016357421875,0
2012-08-07,589.8016357421875,589.8016357421875,589.8016357421875,589.8016357421875,0
2012-08-08,589.8016357421875,589.8016357421875,589.8016357421875,589.8016357421875,0
2012-08-09,589.8016357421875,589.8016357421875,589.8016357421875,589.8016357421875,0
2012-08-10,589.8016357421875,589.8016357421875,589.8016357421875,589.8016357421875,0
2012-08-13,589.8016357421875,589.8016357421875,589.8016357421875,589.8016357421875,0
2012-08-14,589.8016357421875,589.8016357421875,589.8016357421875,589.8016357421875,0
2012-08-16,589.8016357421875,589.8016357421875,589.8016357421875,589.8016357421875,0
2012-08-17,589.8016357421875,589.8016357421875,589.8016357421875,589.8016357421875,0
2012-08-21,589.8016357421875,589.8016357421875,589.8016357421875,589.8016357421875,0
2012-08-22,589.8016357421875,589.8016357421875,589.8016357421875,589.8016357421875,0
2012-08-23,589.8016357421875,589.8016357421875,589.8016357421875,589.8016357421875,0
2012-08-24,589.8016357421875,589.8016357421875,589.8016357421875,589.8016357421875,0
2012-08-27,589.8016357421875,589.8016357421875,589.8016357421875,589.8016357421875,0
2012-08-28,589.8016357421875,589.8016357421875,589.8016357421875,589.8016357421875,0
2012-08-29,589.8016357421875,589.8016357421875,589.8016357421875,589.8016357421875,0
2012-08-30,589.8016357421875,589.8016357421875,589.8016357421875,589.8016357421875,0
2012-08-31,589.8016357421875,589.8016357421875,589.8016357421875,589.8016357421875,0
2012-09-03,589.8016357421875,589.8016357421875,589.8016357421875,589.8016357421875,0
2012-09-04,589.8016357421875,589.8016357421875,589.8016357421875,589.8016357421875,0
2012-09-05,589.8016357421875,589.8016357421875,589.8016357421875,589.8016357421875,0
2012-09-06,589.8016357421875,589.8016357421875,589.8016357421875,589.8016357421875,0
2012-09-07,589.8016357421875,589.8016357421875,589.8016357421875,589.8016357421875,0
2012-09-10,589.8016357421875,589.8016357421875,589.8016357421875,589.8016357421875,0
2012-09-11,589.8016357421875,589.8016357421875,589.8016357421875,589.8016357421875,0
2012-09-12,589.8016357421875,589.8016357421875,589.8016357421875,589.8016357421875,0
2012-09-13,589.8016357421875,589.8016357421875,589.8016357421875,589.8016357421875,0
2012-09-14,589.8016357421875,589.8016357421875,589.8016357421875,589.8016357421875,0
2012-09-17,589.8016357421875,589.8016357421875,589.8016357421875,589.8016357421875,0
2012-09-18,589.8016357421875,589.8016357421875,589.8016357421875,589.8016357421875,0
2012-09-20,589.8016357421875,589.8016357421875,589.8016357421875,589.8016357421875,0
2012-09-21,589.8016357421875,589.8016357421875,589.8016357421875,589.8016357421875,0
2012-09-24,589.8016357421875,589.8016357421875,589.8016357421875,589.8016357421875,0
2012-09-25,589.8016357421875,589.8016357421875,589.8016357421875,589.8016357421875,0
2012-09-26,589.8016357421875,589.8016357421875,589.8016357421875,589.8016357421875,0
2012-09-27,589.8016357421875,589.8016357421875,589.8016357421875,589.8016357421875,0
2012-09-28,589.8016357421875,589.8016357421875,589.8016357421875,589.8016357421875,0
2012-10-01,589.8016357421875,589.8016357421875,589.8016357421875,589.8016357421875,0
2012-10-03,589.8016357421875,589.8016357421875,589.8016357421875,589.8016357421875,0
2012-10-04,589.8016357421875,589.8016357421875,589.8016357421875,589.8016357421875,0
2012-10-05,589.8016357421875,589.8016357421875,589.8016357421875,589.8016357421875,0
2012-10-08,589.8016357421875,589.8016357421875,589.8016357421875,589.8016357421875,0
2012-10-09,589.8016357421875,589.8016357421875,589.8016357421875,589.8016357421875,0
2012-10-10,589.8016357421875,589.8016357421875,589.8016357421875,589.8016357421875,0
2012-10-11,589.8016357421875,589.8016357421875,589.8016357421875,589.8016357421875,0
2012-10-12,589.8016357421875,589.8016357421875,589.8016357421875,589.8016357421875,0
2012-10-15,589.8016357421875,589.8016357421875,589.8016357421875,589.8016357421875,0
2012-10-16,589.8016357421875,589.8016357421875,589.8016357421875,589.8016357421875,0
2012-10-17,589.8016357421875,589.8016357421875,589.8016357421875,589.8016357421875,0
2012-10-18,589.8016357421875,589.8016357421875,589.8016357421875,589.8016357421875,0
2012-10-19,589.8016357421875,589.8016357421875,589.8016357421875,589.8016357421875,0
2012-10-22,589.8016357421875,589.8016357421875,589.8016357421875,589.8016357421875,0
2012-10-23,589.8016357421875,589.8016357421875,589.8016357421875,589.8016357421875,0
2012-10-25,589.8016357421875,589.8016357421875,589.8016357421875,589.8016357421875,0
2012-10-29,589.8016357421875,589.8016357421875,589.8016357421875,589.8016357421875,0
2012-10-30,589.8016357421875,589.8016357421875,589.8016357421875,589.8016357421875,0
2012-10-31,589.8016357421875,589.8016357421875,589.8016357421875,589.8016357421875,0
2012-11-01,589.8016357421875,589.8016357421875,589.8016357421875,589.8016357421875,0
2012-11-02,589.8016357421875,589.8016357421875,589.8016357421875,589.8016357421875,0
2012-11-05,589.8016357421875,589.8016357421875,589.8016357421875,589.8016357421875,0
2012-11-06,589.8016357421875,589.8016357421875,589.8016357421875,589.8016357421875,0
2012-11-07,589.8016357421875,589.8016357421875,589.8016357421875,589.8016357421875,0
2012-11-08,589.8016357421875,589.8016357421875,589.8016357421875,589.8016357421875,0
2012-11-09,589.8016357421875,589.8016357421875,589.8016357421875,589.8016357421875,0
2012-11-12,589.8016357421875,589.8016357421875,589.8016357421875,589.8016357421875,0
2012-11-15,589.8016357421875,589.8016357421875,589.8016357421875,589.8016357421875,0
2012-11-16,589.8016357421875,589.8016357421875,589.8016357421875,589.8016357421875,0
2012-11-19,589.8016357421875,589.8016357421875,589.8016357421875,589.8016357421875,0
2012-11-20,589.8016357421875,589.8016357421875,589.8016357421875,589.8016357421875,0
2012-11-21,589.8016357421875,589.8016357421875,589.8016357421875,589.8016357421875,0
2012-11-22,589.8016357421875,589.8016357421875,589.8016357421875,589.8016357421875,0
2012-11-23,589.8016357421875,589.8016357421875,589.8016357421875,589.8016357421875,0
2012-11-26,589.8016357421875,589.8016357421875,589.8016357421875,589.8016357421875,0
2012-11-27,589.8016357421875,589.8016357421875,589.8016357421875,589.8016357421875,0
2012-11-29,589.8016357421875,589.8016357421875,589.8016357421875,589.8016357421875,0
2012-11-30,589.8016357421875,589.8016357421875,589.8016357421875,589.8016357421875,0
2012-12-03,589.8016357421875,589.8016357421875,589.8016357421875,589.8016357421875,0
2012-12-04,589.8016357421875,589.8016357421875,589.8016357421875,589.8016357421875,0
2012-12-05,589.8016357421875,589.8016357421875,589.8016357421875,589.8016357421875,0
2012-12-06,589.8016357421875,589.8016357421875,589.8016357421875,589.8016357421875,0
2012-12-07,589.8016357421875,589.8016357421875,589.8016357421875,589.8016357421875,0
2012-12-10,589.8016357421875,589.8016357421875,589.8016357421875,589.8016357421875,0
2012-12-11,589.8016357421875,589.8016357421875,589.8016357421875,589.8016357421875,0
2012-12-12,589.8016357421875,589.8016357421875,589.8016357421875,589.8016357421875,0
2012-12-13,589.8016357421875,589.8016357421875,589.8016357421875,589.8016357421875,0
2012-12-14,589.8016357421875,589.8016357421875,589.8016357421875,589.8016357421875,0
2012-12-17,589.8016357421875,589.8016357421875,589.8016357421875,589.8016357421875,0
2012-12-18,589.8016357421875,589.8016357421875,589.8016357421875,589.8016357421875,0
2012-12-19,589.8016357421875,589.8016357421875,589.8016357421875,589.8016357421875,0
2012-12-20,589.8016357421875,589.8016357421875,589.8016357421875,589.8016357421875,0
2012-12-21,589.8016357421875,589.8016357421875,589.8016357421875,589.8016357421875,0
2012-12-24,589.8016357421875,589.8016357421875,589.8016357421875,589.8016357421875,0
2012-12-26,589.8016357421875,589.8016357421875,589.8016357421875,589.8016357421875,0
2012-12-27,589.8016357421875,589.8016357421875,589.8016357421875,589.8016357421875,0
2012-12-28,589.8016357421875,589.8016357421875,589.8016357421875,589.8016357421875,0
2012-12-31,589.8016357421875,589.8016357421875,589.8016357421875,589.8016357421875,0
2013-01-01,589.8016357421875,589.8016357421875,589.8016357421875,589.8016357421875,0
2013-01-02,589.8016357421875,589.8016357421875,589.8016357421875,589.8016357421875,0
2013-01-03,589.8016357421875,589.8016357421875,589.8016357421875,589.8016357421875,0
2013-01-04,589.8016357421875,589.8016357421875,589.8016357421875,589.8016357421875,0
2013-01-07,589.8016357421875,589.8016357421875,589.8016357421875,589.8016357421875,0
2013-01-08,589.8016357421875,589.8016357421875,589.8016357421875,589.8016357421875,0
2013-01-09,589.8016357421875,589.8016357421875,589.8016357421875,589.8016357421875,0
2013-01-10,589.8016357421875,589.8016357421875,589.8016357421875,589.8016357421875,0
2013-01-11,589.8016357421875,589.8016357421875,589.8016357421875,589.8016357421875,0
2013-01-14,589.8016357421875,589.8016357421875,589.8016357421875,589.8016357421875,0
2013-01-15,589.8016357421875,589.8016357421875,589.8016357421875,589.8016357421875,0
2013-01-16,589.8016357421875,589.8016357421875,589.8016357421875,589.8016357421875,0
2013-01-17,589.8016357421875,589.8016357421875,589.8016357421875,589.8016357421875,0
2013-01-18,589.8016357421875,589.8016357421875,589.8016357421875,589.8016357421875,0
2013-01-21,589.8016357421875,589.8016357421875,589.8016357421875,589.8016357421875,0
2013-01-22,589.8016357421875,589.8016357421875,589.8016357421875,589.8016357421875,0
2013-01-23,589.8016357421875,589.8016357421875,589.8016357421875,589.8016357421875,0
2013-01-24,589.8016357421875,589.8016357421875,589.8016357421875,589.8016357421875,0
2013-01-25,589.8016357421875,589.8016357421875,589.8016357421875,589.8016357421875,0
2013-01-28,589.8016357421875,589.8016357421875,589.8016357421875,589.8016357421875,0
2013-01-29,589.8016357421875,589.8016357421875,589.8016357421875,589.8016357421875,0
2013-01-30,589.8016357421875,589.8016357421875,589.8016357421875,589.8016357421875,0
2013-01-31,592.650634765625,592.650634765625,592.650634765625,592.650634765625,0
2013-02-01,592.650634765625,592.650634765625,592.650634765625,592.650634765625,0
2013-02-04,592.650634765625,592.650634765625,592.650634765625,592.650634765625,0
2013-02-05,592.650634765625,592.650634765625,592.650634765625,592.650634765625,0
2013-02-06,592.650634765625,592.650634765625,592.650634765625,592.650634765625,0
2013-02-07,592.650634765625,592.650634765625,592.650634765625,592.650634765625,0
2013-02-08,592.650634765625,592.650634765625,592.650634765625,592.650634765625,0
2013-02-11,592.650634765625,592.650634765625,592.650634765625,592.650634765625,0
2013-02-12,592.650634765625,592.650634765625,592.650634765625,592.650634765625,0
2013-02-13,592.650634765625,592.650634765625,592.650634765625,592.650634765625,0
2013-02-14,592.650634765625,592.650634765625,592.650634765625,592.650634765625,0
2013-02-15,592.650634765625,592.650634765625,592.650634765625,592.650634765625,0
2013-02-18,592.650634765625,592.650634765625,592.650634765625,592.650634765625,0
2013-02-19,592.650634765625,592.650634765625,592.650634765625,592.650634765625,0
2013-02-20,592.650634765625,592.650634765625,592.650634765625,592.650634765625,0
2013-02-21,592.650634765625,592.650634765625,592.650634765625,592.650634765625,0
2013-02-22,592.650634765625,592.650634765625,592.650634765625,592.650634765625,0
2013-02-25,592.650634765625,592.650634765625,592.650634765625,592.650634765625,0
2013-02-26,592.650634765625,592.650634765625,592.650634765625,592.650634765625,0
2013-02-27,592.650634765625,592.650634765625,592.650634765625,592.650634765625,0
2013-02-28,595.148193359375,595.148193359375,595.148193359375,595.148193359375,0
2013-03-01,595.148193359375,595.148193359375,595.148193359375,595.148193359375,0
2013-03-04,595.148193359375,595.148193359375,595.148193359375,595.148193359375,0
2013-03-05,595.148193359375,595.148193359375,595.148193359375,595.148193359375,0
2013-03-06,595.148193359375,595.148193359375,595.148193359375,595.148193359375,0
2013-03-07,595.148193359375,595.148193359375,595.148193359375,595.148193359375,0
2013-03-08,595.148193359375,595.148193359375,595.148193359375,595.148193359375,0
2013-03-11,595.148193359375,595.148193359375,595.148193359375,595.148193359375,0
2013-03-12,595.148193359375,595.148193359375,595.148193359375,595.148193359375,0
2013-03-13,595.148193359375,595.148193359375,595.148193359375,595.148193359375,0
2013-03-14,595.148193359375,595.148193359375,595.148193359375,595.148193359375,0
2013-03-15,595.148193359375,595.148193359375,595.148193359375,595.148193359375,0
2013-03-18,595.148193359375,595.148193359375,595.148193359375,595.148193359375,0
2013-03-19,595.148193359375,595.148193359375,595.148193359375,595.148193359375,0
2013-03-20,595.148193359375,595.148193359375,595.148193359375,595.148193359375,0
2013-03-21,595.148193359375,595.148193359375,595.148193359375,595.148193359375,0
2013-03-22,595.148193359375,595.148193359375,595.148193359375,595.148193359375,0
2013-03-25,595.148193359375,595.148193359375,595.148193359375,595.148193359375,0
2013-03-26,595.148193359375,595.148193359375,595.148193359375,595.148193359375,0
2013-03-28,595.148193359375,595.148193359375,595.148193359375,595.148193359375,0
2013-04-01,598.0286865234375,598.0286865234375,598.0286865234375,598.0286865234375,0
2013-04-02,598.0286865234375,598.0286865234375,598.0286865234375,598.0286865234375,0
2013-04-03,598.0286865234375,598.0286865234375,598.0286865234375,598.0286865234375,0
2013-04-04,598.0286865234375,598.0286865234375,598.0286865234375,598.0286865234375,0
2013-04-05,598.0286865234375,598.0286865234375,598.0286865234375,598.0286865234375,0
2013-04-08,598.0286865234375,598.0286865234375,598.0286865234375,598.0286865234375,0
2013-04-09,598.0286865234375,598.0286865234375,598.0286865234375,598.0286865234375,0
2013-04-10,598.0286865234375,598.0286865234375,598.0286865234375,598.0286865234375,0
2013-04-11,598.0286865234375,598.0286865234375,598.0286865234375,598.0286865234375,0
2013-04-12,598.0286865234375,598.0286865234375,598.0286865234375,598.0286865234375,0
2013-04-15,598.0286865234375,598.0286865234375,598.0286865234375,598.0286865234375,0
2013-04-16,598.0286865234375,598.0286865234375,598.0286865234375,598.0286865234375,0
2013-04-17,598.0286865234375,598.0286865234375,598.0286865234375,598.0286865234375,0
2013-04-18,598.0286865234375,598.0286865234375,598.0286865234375,598.0286865234375,0
2013-04-22,598.0286865234375,598.0286865234375,598.0286865234375,598.0286865234375,0
2013-04-23,598.0286865234375,598.0286865234375,598.0286865234375,598.0286865234375,0
2013-04-25,598.0286865234375,598.0286865234375,598.0286865234375,598.0286865234375,0
2013-04-26,598.0286865234375,598.0286865234375,598.0286865234375,598.0286865234375,0
2013-04-29,600.5226440429688,600.5226440429688,600.5226440429688,600.5226440429688,0
2013-04-30,600.5226440429688,600.5226440429688,600.5226440429688,600.5226440429688,0
2013-05-02,600.5226440429688,600.5226440429688,600.5226440429688,600.5226440429688,0
2013-05-03,600.5226440429688,600.5226440429688,600.5226440429688,600.5226440429688,0
2013-05-06,600.5226440429688,600.5226440429688,600.5226440429688,600.5226440429688,0
2013-05-07,600.5226440429688,600.5226440429688,600.5226440429688,600.5226440429688,0
2013-05-08,600.5226440429688,600.5226440429688,600.5226440429688,600.5226440429688,0
2013-05-09,600.5226440429688,600.5226440429688,600.5226440429688,600.5226440429688,0
2013-05-10,600.5226440429688,600.5226440429688,600.5226440429688,600.5226440429688,0
2013-05-13,600.5226440429688,600.5226440429688,600.5226440429688,600.5226440429688,0
2013-05-14,600.5226440429688,600.5226440429688,600.5226440429688,600.5226440429688,0
2013-05-15,600.5226440429688,600.5226440429688,600.5226440429688,600.5226440429688,0
2013-05-16,600.5226440429688,600.5226440429688,600.5226440429688,600.5226440429688,0
2013-05-17,600.5226440429688,600.5226440429688,600.5226440429688,600.5226440429688,0
2013-05-20,600.5226440429688,600.5226440429688,600.5226440429688,600.5226440429688,0
2013-05-21,600.5226440429688,600.5226440429688,600.5226440429688,600.5226440429688,0
2013-05-22,600.5226440429688,600.5226440429688,600.5226440429688,600.5226440429688,0
2013-05-23,600.5226440429688,600.5226440429688,600.5226440429688,600.5226440429688,0
2013-05-24,600.5226440429688,600.5226440429688,600.5226440429688,600.5226440429688,0
2013-05-27,600.5226440429688,600.5226440429688,600.5226440429688,600.5226440429688,0
2013-05-28,600.5226440429688,600.5226440429688,600.5226440429688,600.5226440429688,0
2013-05-29,600.5226440429688,600.5226440429688,600.5226440429688,600.5226440429688,0
2013-05-30,600.5226440429688,600.5226440429688,600.5226440429688,600.5226440429688,0
2013-05-31,603.1978759765625,603.1978759765625,603.1978759765625,603.1978759765625,0
2013-06-03,603.1978759765625,603.1978759765625,603.1978759765625,603.1978759765625,0
2013-06-04,603.1978759765625,603.1978759765625,603.1978759765625,603.1978759765625,0
2013-06-05,603.1978759765625,603.1978759765625,603.1978759765625,603.1978759765625,0
2013-06-06,603.1978759765625,603.1978759765625,603.1978759765625,603.1978759765625,0
2013-06-07,603.1978759765625,603.1978759765625,603.1978759765625,603.1978759765625,0
2013-06-10,603.1978759765625,603.1978759765625,603.1978759765625,603.1978759765625,0
2013-06-11,603.1978759765625,603.1978759765625,603.1978759765625,603.1978759765625,0
2013-06-12,603.1978759765625,603.1978759765625,603.1978759765625,603.1978759765625,0
2013-06-13,603.1978759765625,603.1978759765625,603.1978759765625,603.1978759765625,0
2013-06-14,603.1978759765625,603.1978759765625,603.1978759765625,603.1978759765625,0
2013-06-17,603.1978759765625,603.1978759765625,603.1978759765625,603.1978759765625,0
2013-06-18,603.1978759765625,603.1978759765625,603.1978759765625,603.1978759765625,0
2013-06-19,603.1978759765625,603.1978759765625,603.1978759765625,603.1978759765625,0
2013-06-20,603.1978759765625,603.1978759765625,603.1978759765625,603.1978759765625,0
2013-06-21,603.1978759765625,603.1978759765625,603.1978759765625,603.1978759765625,0
2013-06-24,603.1978759765625,603.2039138459265,603.1918381071985,603.1918381071985,0
2013-06-25,603.1915283203125,603.2036040528387,603.1915283203125,603.1915283203125,0
2013-06-26,603.1978759765625,603.2039138459265,603.1918381071985,603.1918381071985,0
2013-06-27,603.1978759765625,603.2039138459265,603.1918381071985,603.1918381071985,0
2013-06-28,605.6448364257812,605.6508987886459,605.6387740629167,605.6448364257812,0
2013-07-01,605.638916015625,605.651040744196,605.638916015625,605.6449783799105,0
2013-07-02,605.6448364257812,605.6508987886459,605.6387740629167,605.6448364257812,0
2013-07-03,605.6448364257812,605.6508987886459,605.6387740629167,605.6448364257812,0
2013-07-04,605.638916015625,605.651040744196,605.638916015625,605.651040744196,0
2013-07-05,605.6448364257812,605.6508987886459,605.6387740629167,605.6508987886459,0
2013-07-08,605.638916015625,605.651040744196,605.638916015625,605.6449783799105,0
2013-07-09,605.638916015625,605.651040744196,605.638916015625,605.638916015625,0
2013-07-10,605.638916015625,605.651040744196,605.638916015625,605.6449783799105,0
2013-07-11,605.6448364257812,605.6508987886459,605.6387740629167,605.6448364257812,0
2013-07-12,605.6448364257812,605.6508987886459,605.6387740629167,605.6448364257812,0
2013-07-15,605.638916015625,605.651040744196,605.638916015625,605.6449783799105,0
2013-07-16,605.638916015625,605.651040744196,605.638916015625,605.6449783799105,0
2013-07-17,605.6448364257812,605.6508987886459,605.6387740629167,605.6387740629167,0
2013-07-18,605.638916015625,605.651040744196,605.638916015625,605.6449783799105,0
2013-07-19,605.6448364257812,605.6508987886459,605.6387740629167,605.6448364257812,0
2013-07-22,605.638916015625,605.651040744196,605.638916015625,605.638916015625,0
2013-07-23,605.638916015625,605.651040744196,605.638916015625,605.6449783799105,0
2013-07-24,605.6448364257812,605.6508987886459,605.6387740629167,605.6508987886459,0
2013-07-25,605.6448364257812,605.6508987886459,605.6387740629167,605.6448364257812,0
2013-07-26,605.638916015625,605.651040744196,605.638916015625,605.6449783799105,0
2013-07-29,605.638916015625,605.651040744196,605.638916015625,605.638916015625,0
2013-07-30,605.6448364257812,605.6508987886459,605.6387740629167,605.6448364257812,0
2013-07-31,608.3507690429688,608.3568584915846,608.3446795943528,608.3446795943528,0
2013-08-01,608.3507690429688,608.3568584915846,608.3446795943528,608.3507690429688,0
2013-08-02,608.3507690429688,608.3568584915846,608.3446795943528,608.3446795943528,0
2013-08-05,608.3447265625,608.3569054606721,608.3447265625,608.3447265625,0
2013-08-06,608.3507690429688,608.3568584915846,608.3446795943528,608.3446795943528,0
2013-08-07,608.3447265625,608.3569054606721,608.3447265625,608.3447265625,0
2013-08-08,608.3447265625,608.3569054606721,608.3447265625,608.3447265625,0
2013-08-12,608.3507690429688,608.3568584915846,608.3446795943528,608.3446795943528,0
2013-08-13,608.3507690429688,608.3568584915846,608.3446795943528,608.3446795943528,0
2013-08-14,608.3507690429688,608.3568584915846,608.3446795943528,608.3446795943528,0
2013-08-16,608.3507690429688,608.3568584915846,608.3446795943528,608.3446795943528,0
2013-08-19,608.3447265625,608.3569054606721,608.3447265625,608.3447265625,0
2013-08-20,608.3507690429688,608.3568584915846,608.3446795943528,608.3507690429688,0
2013-08-21,608.3507690429688,608.3568584915846,608.3446795943528,608.3446795943528,0
2013-08-22,608.3447265625,608.3569054606721,608.3447265625,608.3508160115861,0
2013-08-23,608.3507690429688,608.3568584915846,608.3446795943528,608.3446795943528,0
2013-08-26,608.3507690429688,608.3568584915846,608.3446795943528,608.3446795943528,0
2013-08-27,608.3447265625,608.3569054606721,608.3447265625,608.3447265625,0
2013-08-28,608.3507690429688,608.3568584915846,608.3446795943528,608.3507690429688,0
2013-08-29,608.3447265625,608.3569054606721,608.3447265625,608.3508160115861,0
2013-08-30,611.8928833007812,611.905133232099,611.8928833007812,611.8928833007812,0
2013-09-02,611.8928833007812,611.905133232099,611.8928833007812,611.8990082664402,0
2013-09-03,611.8928833007812,611.905133232099,611.8928833007812,611.8990082664402,0
2013-09-04,611.8928833007812,611.905133232099,611.8928833007812,611.8990082664402,0
2013-09-05,611.8988647460938,611.904989710316,611.8927397818715,611.8927397818715,0
2013-09-06,611.8988647460938,611.904989710316,611.8927397818715,611.8988647460938,0
2013-09-10,611.8988647460938,611.904989710316,611.8927397818715,611.8988647460938,0
2013-09-11,611.8928833007812,611.905133232099,611.8928833007812,611.8990082664402,0
2013-09-12,611.8988647460938,611.904989710316,611.8927397818715,611.8988647460938,0
2013-09-13,611.8928833007812,611.905133232099,611.8928833007812,611.8990082664402,0
2013-09-16,611.8928833007812,611.905133232099,611.8928833007812,611.8990082664402,0
2013-09-17,611.8988647460938,611.904989710316,611.8927397818715,611.8988647460938,0
2013-09-18,611.8988647460938,611.904989710316,611.8927397818715,611.8927397818715,0
2013-09-19,611.8988647460938,611.904989710316,611.8927397818715,611.8927397818715,0
2013-09-20,611.8988647460938,611.904989710316,611.8927397818715,611.8988647460938,0
2013-09-23,611.8988647460938,611.904989710316,611.8927397818715,611.8927397818715,0
2013-09-24,611.8928833007812,611.905133232099,611.8928833007812,611.8990082664402,0
2013-09-25,611.8928833007812,611.905133232099,611.8928833007812,611.8990082664402,0
2013-09-26,611.8988647460938,611.904989710316,611.8927397818715,611.8927397818715,0
2013-09-27,611.8988647460938,611.904989710316,611.8927397818715,611.8988647460938,0
2013-09-30,612.7399291992188,612.746062582299,612.7337958161384,612.7399291992188,0
2013-10-01,612.7337646484375,612.7398980312058,612.7337646484375,612.7337646484375,0
2013-10-03,612.7337646484375,612.7460314139743,612.7337646484375,612.7398980312058,0
2013-10-04,612.7337646484375,612.7460314139743,612.7337646484375,612.7398980312058,0
2013-10-07,612.7399291992188,612.746062582299,612.7337958161384,612.7399291992188,0
2013-10-08,612.7399291992188,612.746062582299,612.7337958161384,612.7399291992188,0
2013-10-09,612.7399291992188,612.746062582299,612.7337958161384,612.7399291992188,0
2013-10-10,612.7399291992188,612.746062582299,612.7337958161384,612.7399291992188,0
2013-10-11,612.7399291992188,612.746062582299,612.7337958161384,612.746062582299,0
2013-10-14,612.7399291992188,612.746062582299,612.7337958161384,612.7399291992188,0
2013-10-15,612.7399291992188,612.746062582299,612.7337958161384,612.7399291992188,0
2013-10-17,612.7399291992188,612.746062582299,612.7337958161384,612.7399291992188,0
2013-10-18,612.7337646484375,612.7460314139743,612.7337646484375,612.7398980312058,0
2013-10-21,612.7337646484375,612.7460314139743,612.7337646484375,612.7398980312058,0
2013-10-22,612.7399291992188,612.746062582299,612.7337958161384,612.7399291992188,0
2013-10-23,612.7399291992188,612.746062582299,612.7337958161384,612.7399291992188,0
2013-10-24,612.7399291992188,612.746062582299,612.7337958161384,612.7399291992188,0
2013-10-25,612.7399291992188,612.746062582299,612.7337958161384,612.7399291992188,0
2013-10-28,612.7399291992188,612.746062582299,612.7337958161384,612.7337958161384,0
2013-10-29,612.7399291992188,612.746062582299,612.7337958161384,612.7399291992188,0
2013-10-30,612.7399291992188,612.746062582299,612.7337958161384,612.7399291992188,0
2013-10-31,616.1026000976562,616.1087671402842,616.0964330550283,616.1026000976562,0
2013-11-01,616.1026000976562,616.1087671402842,616.0964330550283,616.1026000976562,0
2013-11-05,616.096435546875,616.1087696321807,616.096435546875,616.1026025895279,0
2013-11-06,616.096435546875,616.1087696321807,616.096435546875,616.1026025895279,0
2013-11-07,616.1026000976562,616.1087671402842,616.0964330550283,616.0964330550283,0
2013-11-08,616.1026000976562,616.1087671402842,616.0964330550283,616.1026000976562,0
2013-11-11,616.1026000976562,616.1087671402842,616.0964330550283,616.1026000976562,0
2013-11-12,616.1026000976562,616.1087671402842,616.0964330550283,616.1026000976562,0
2013-11-13,616.1026000976562,616.1087671402842,616.0964330550283,616.1026000976562,0
2013-11-14,616.1026000976562,616.1087671402842,616.0964330550283,616.1026000976562,0
2013-11-18,616.096435546875,616.1087696321807,616.096435546875,616.096435546875,0
2013-11-19,616.096435546875,616.1087696321807,616.096435546875,616.096435546875,0
2013-11-20,616.096435546875,616.1087696321807,616.096435546875,616.096435546875,0
2013-11-21,616.1026000976562,616.1087671402842,616.0964330550283,616.0964330550283,0
2013-11-22,616.096435546875,616.1087696321807,616.096435546875,616.1026025895279,0
2013-11-25,616.096435546875,616.1087696321807,616.096435546875,616.1026025895279,0
2013-11-26,616.096435546875,616.1026025895279,616.096435546875,616.1026025895279,0
2013-11-27,616.096435546875,616.1087696321807,616.096435546875,616.096435546875,0
2013-11-28,616.1026000976562,616.1087671402842,616.0964330550283,616.1026000976562,0
2013-11-29,619.0486450195312,619.0548415513784,619.0424484876842,619.0424484876842,0
2013-12-02,619.0486450195312,619.0548415513784,619.0424484876842,619.0486450195312,0
2013-12-03,619.0422973632812,619.05469042395,619.0422973632812,619.0484938936156,0
2013-12-04,619.0422973632812,619.05469042395,619.0422973632812,619.0422973632812,0
2013-12-05,619.0422973632812,619.05469042395,619.0422973632812,619.0484938936156,0
2013-12-06,619.0486450195312,619.0548415513784,619.0424484876842,619.0486450195312,0
2013-12-09,619.0486450195312,619.0548415513784,619.0424484876842,619.0424484876842,0
2013-12-10,619.0422973632812,619.05469042395,619.0422973632812,619.0484938936156,0
2013-12-11,619.0422973632812,619.05469042395,619.0422973632812,619.0422973632812,0
2013-12-12,619.0422973632812,619.05469042395,619.0422973632812,619.0484938936156,0
2013-12-13,619.0486450195312,619.0548415513784,619.0424484876842,619.0486450195312,0
2013-12-16,619.0486450195312,619.0548415513784,619.0424484876842,619.0424484876842,0
2013-12-17,619.0422973632812,619.05469042395,619.0422973632812,619.0484938936156,0
2013-12-18,619.0422973632812,619.05469042395,619.0422973632812,619.0484938936156,0
2013-12-19,619.0486450195312,619.0548415513784,619.0424484876842,619.0486450195312,0
2013-12-20,619.0486450195312,619.0548415513784,619.0424484876842,619.0424484876842,0
2013-12-23,619.0422973632812,619.05469042395,619.0422973632812,619.0422973632812,0
2013-12-24,619.0422973632812,619.05469042395,619.0422973632812,619.0484938936156,0
2013-12-26,619.0486450195312,619.0548415513784,619.0424484876842,619.0486450195312,0
2013-12-27,619.0486450195312,619.0548415513784,619.0424484876842,619.0486450195312,0
2013-12-30,619.0486450195312,619.0548415513784,619.0424484876842,619.0486450195312,0
2013-12-31,622.2312622070312,622.2374905961306,622.2250338179321,622.2312622070312,0
2014-01-01,622.2254028320312,622.2378596176173,622.2254028320312,622.2378596176173,0
2014-01-02,622.2312622070312,622.2374905961306,622.2250338179321,622.2312622070312,0
2014-01-03,622.2254028320312,622.2378596176173,622.2254028320312,622.2316312248242,0
2014-01-06,622.2254028320312,622.2378596176173,622.2254028320312,622.2316312248242,0
2014-01-07,622.2312622070312,622.2374905961306,622.2250338179321,622.2312622070312,0
2014-01-08,622.2312622070312,622.2374905961306,622.2250338179321,622.2312622070312,0
2014-01-09,622.2312622070312,622.2374905961306,622.2250338179321,622.2312622070312,0
2014-01-10,622.2312622070312,622.2374905961306,622.2250338179321,622.2250338179321,0
2014-01-13,622.2254028320312,622.2378596176173,622.2254028320312,622.2316312248242,0
2014-01-14,622.2312622070312,622.2374905961306,622.2250338179321,622.2312622070312,0
2014-01-15,622.2254028320312,622.2378596176173,622.2254028320312,622.2316312248242,0
2014-01-16,622.2312622070312,622.2374905961306,622.2250338179321,622.2312622070312,0
2014-01-17,622.2312622070312,622.2374905961306,622.2250338179321,622.2312622070312,0
2014-01-20,622.2254028320312,622.2378596176173,622.2254028320312,622.2316312248242,0
2014-01-21,622.2254028320312,622.2378596176173,622.2254028320312,622.2254028320312,0
2014-01-22,622.2312622070312,622.2374905961306,622.2250338179321,622.2312622070312,0
2014-01-23,622.2254028320312,622.2378596176173,622.2254028320312,622.2316312248242,0
2014-01-24,622.2312622070312,622.2374905961306,622.2250338179321,622.2312622070312,0
2014-01-27,622.2254028320312,622.2378596176173,622.2254028320312,622.2254028320312,0
2014-01-28,622.2254028320312,622.2378596176173,622.2254028320312,622.2254028320312,0
2014-01-29,622.2312622070312,622.2374905961306,622.2250338179321,622.2312622070312,0
2014-01-30,622.2312622070312,622.2374905961306,622.2250338179321,622.2312622070312,0
2014-01-31,625.34619140625,625.3524509750605,625.3399318374396,625.3399318374396,0
2014-02-03,625.3394165039062,625.3519356312104,625.3394165039062,625.3394165039062,0
2014-02-04,625.34619140625,625.3524509750605,625.3399318374396,625.3399318374396,0
2014-02-05,625.34619140625,625.3524509750605,625.3399318374396,625.3399318374396,0
2014-02-06,625.34619140625,625.3524509750605,625.3399318374396,625.34619140625,0
2014-02-07,625.34619140625,625.3524509750605,625.3399318374396,625.34619140625,0
2014-02-10,625.34619140625,625.3524509750605,625.3399318374396,625.34619140625,0
2014-02-11,625.3394165039062,625.3519356312104,625.3394165039062,625.3394165039062,0
2014-02-12,625.34619140625,625.3524509750605,625.3399318374396,625.34619140625,0
2014-02-13,625.34619140625,625.3524509750605,625.3399318374396,625.34619140625,0
2014-02-14,625.3394165039062,625.3519356312104,625.3394165039062,625.3394165039062,0
2014-02-17,625.3394165039062,625.3519356312104,625.3394165039062,625.3394165039062,0
2014-02-18,625.3394165039062,625.3519356312104,625.3394165039062,625.3456760675583,0
2014-02-19,625.34619140625,625.3524509750605,625.3399318374396,625.34619140625,0
2014-02-20,625.3394165039062,625.3519356312104,625.3394165039062,625.3394165039062,0
2014-02-21,625.3394165039062,625.3519356312104,625.3394165039062,625.3456760675583,0
2014-02-24,625.3394165039062,625.3519356312104,625.3394165039062,625.3394165039062,0
2014-02-25,625.3394165039062,625.3519356312104,625.3394165039062,625.3456760675583,0
2014-02-26,625.34619140625,625.3524509750605,625.3399318374396,625.34619140625,0
2014-02-28,628.181884765625,628.1881727190613,628.1755968121886,628.181884765625,0
2014-03-03,628.17529296875,628.1878688695398,628.17529296875,628.1815809191448,0
2014-03-04,628.181884765625,628.1881727190613,628.1755968121886,628.1755968121886,0
2014-03-05,628.17529296875,628.1878688695398,628.17529296875,628.1815809191448,0
2014-03-06,628.181884765625,628.1881727190613,628.1755968121886,628.181884765625,0
2014-03-07,628.181884765625,628.1881727190613,628.1755968121886,628.1881727190613,0
2014-03-10,628.17529296875,628.1878688695398,628.17529296875,628.1815809191448,0
2014-03-11,628.17529296875,628.1878688695398,628.17529296875,628.1815809191448,0
2014-03-12,628.17529296875,628.1878688695398,628.17529296875,628.1815809191448,0
2014-03-13,628.181884765625,628.1881727190613,628.1755968121886,628.181884765625,0
2014-03-14,628.181884765625,628.1881727190613,628.1755968121886,628.181884765625,0
2014-03-18,628.17529296875,628.1878688695398,628.17529296875,628.17529296875,0
2014-03-19,628.181884765625,628.1881727190613,628.1755968121886,628.181884765625,0
2014-03-20,628.181884765625,628.1881727190613,628.1755968121886,628.1755968121886,0
2014-03-21,628.17529296875,628.1878688695398,628.17529296875,628.17529296875,0
2014-03-24,628.181884765625,628.1881727190613,628.1755968121886,628.1755968121886,0
2014-03-25,628.181884765625,628.1881727190613,628.1755968121886,628.1755968121886,0
2014-03-26,628.17529296875,628.1878688695398,628.17529296875,628.1815809191448,0
2014-03-27,628.181884765625,628.1881727190613,628.1755968121886,628.1755968121886,0
2014-03-28,628.181884765625,628.1881727190613,628.1755968121886,628.1755968121886,0
2014-03-31,631.454833984375,631.467475540696,631.454833984375,631.467475540696,0
2014-04-01,631.4609985351562,631.4673193117529,631.4546777585596,631.4609985351562,0
2014-04-02,631.454833984375,631.467475540696,631.454833984375,631.454833984375,0
2014-04-03,631.454833984375,631.467475540696,631.454833984375,631.4611547625356,0
2014-04-04,631.454833984375,631.467475540696,631.454833984375,631.454833984375,0
2014-04-07,631.4609985351562,631.4673193117529,631.4546777585596,631.4546777585596,0
2014-04-09,631.454833984375,631.467475540696,631.454833984375,631.454833984375,0
2014-04-10,631.4609985351562,631.4673193117529,631.4546777585596,631.4609985351562,0
2014-04-11,631.4609985351562,631.4673193117529,631.4546777585596,631.4609985351562,0
2014-04-15,631.4609985351562,631.4673193117529,631.4546777585596,631.4609985351562,0
2014-04-16,631.454833984375,631.467475540696,631.454833984375,631.4611547625356,0
2014-04-17,631.4609985351562,631.4673193117529,631.4546777585596,631.4609985351562,0
2014-04-21,631.454833984375,631.467475540696,631.454833984375,631.4611547625356,0
2014-04-22,631.4609985351562,631.4673193117529,631.4546777585596,631.4546777585596,0
2014-04-23,631.454833984375,631.467475540696,631.454833984375,631.4611547625356,0
2014-04-25,631.4609985351562,631.4673193117529,631.4546777585596,631.4609985351562,0
2014-04-28,631.454833984375,631.467475540696,631.454833984375,631.454833984375,0
2014-04-29,634.4954833984375,634.5018345495165,634.4891322473586,634.4891322473586,0
2014-04-30,634.4954833984375,634.5018345495165,634.4891322473586,634.4954833984375,0
2014-05-02,634.4954833984375,634.5018345495165,634.4891322473586,634.4954833984375,0
2014-05-05,634.4954833984375,634.5018345495165,634.4891322473586,634.4954833984375,0
2014-05-06,634.4954833984375,634.5018345495165,634.4891322473586,634.4954833984375,0
2014-05-07,634.4954833984375,634.5018345495165,634.4891322473586,634.4954833984375,0
2014-05-08,634.4954833984375,634.5018345495165,634.4891322473586,634.4891322473586,0
2014-05-09,634.4894409179688,634.5021432263062,634.4894409179688,634.4957920721374,0
2014-05-12,634.4954833984375,634.5018345495165,634.4891322473586,634.4954833984375,0
2014-05-13,634.4954833984375,634.5018345495165,634.4891322473586,634.4954833984375,0
2014-05-14,634.4894409179688,634.5021432263062,634.4894409179688,634.4957920721374,0
2014-05-15,634.4954833984375,634.5018345495165,634.4891322473586,634.4954833984375,0
2014-05-16,634.4894409179688,634.5021432263062,634.4894409179688,634.5021432263062,0
2014-05-19,634.4894409179688,634.5021432263062,634.4894409179688,634.4957920721374,0
2014-05-20,634.4954833984375,634.5018345495165,622.8588191932365,634.4954833984375,0
2014-05-21,634.4954833984375,634.5018345495165,634.4891322473586,634.4891322473586,0
2014-05-22,634.4894409179688,634.5021432263062,634.4894409179688,634.4957920721374,0
2014-05-23,634.4954833984375,634.5018345495165,634.4891322473586,634.4954833984375,0
2014-05-26,634.4954833984375,634.5018345495165,634.4891322473586,634.4891322473586,0
2014-05-27,634.4954833984375,640.2059427490235,628.1441774133742,634.4954833984375,0
2014-05-28,634.4954833984375,634.5018345495165,634.4891322473586,634.4891322473586,0
2014-05-29,634.4954833984375,634.5018345495165,634.4891322473586,634.4891322473586,0
2014-05-30,637.6607055664062,637.6670884006173,637.6543227321953,637.6607055664062,0
2014-06-02,637.6546630859375,637.6674287611734,637.6546630859375,637.6546630859375,0
2014-06-03,637.6607055664062,637.6670884006173,637.6543227321953,637.6607055664062,0
2014-06-04,637.6607055664062,637.6670884006173,637.6543227321953,637.6543227321953,0
2014-06-05,637.6607055664062,637.6670884006173,637.6543227321953,637.6607055664062,0
2014-06-06,637.6607055664062,637.6670884006173,637.6543227321953,637.6607055664062,0
2014-06-09,637.66748046875,637.66748046875,637.654714792479,637.6610976306146,0
2014-06-10,637.6546630859375,637.6674287611734,637.6546630859375,637.6610459235554,0
2014-06-11,637.6607055664062,637.6670884006173,637.6543227321953,637.6543227321953,0
2014-06-12,637.6607055664062,637.6670884006173,637.6543227321953,637.6607055664062,0
2014-06-13,637.6607055664062,637.6670884006173,637.6543227321953,637.6607055664062,0
2014-06-16,637.6546630859375,637.6674287611734,637.6546630859375,637.6610459235554,0
2014-06-17,637.6546630859375,637.6674287611734,637.6546630859375,637.6610459235554,0
2014-06-18,637.6607055664062,637.6670884006173,637.6543227321953,637.6607055664062,0
2014-06-19,637.6546630859375,637.6674287611734,637.6546630859375,637.6546630859375,0
2014-06-20,637.6607055664062,637.6670884006173,637.6543227321953,637.6607055664062,0
2014-06-23,637.6607055664062,637.6670884006173,637.6543227321953,637.6543227321953,0
2014-06-24,637.6546630859375,637.6674287611734,637.6546630859375,637.6546630859375,0
2014-06-25,637.6607055664062,637.6670884006173,637.6543227321953,637.6543227321953,0
2014-06-26,637.6607055664062,637.6670884006173,637.6543227321953,637.6607055664062,0
2014-06-27,637.6607055664062,637.6670884006173,637.6543227321953,637.6607055664062,0
2014-06-30,640.8104248046875,640.8168391668498,640.8040104425252,640.8040104425252,0
2014-07-01,640.8104248046875,640.8168391668498,640.8040104425252,640.8104248046875,0
2014-07-02,640.8041381835938,640.8169669104758,640.8041381835938,640.8105525470348,0
2014-07-03,640.8104248046875,640.8168391668498,640.8040104425252,640.8104248046875,0
2014-07-04,640.8104248046875,640.8168391668498,640.8040104425252,640.8040104425252,0
2014-07-07,640.8041381835938,640.8169669104758,640.8041381835938,640.8105525470348,0
2014-07-08,640.8104248046875,640.8168391668498,640.8040104425252,640.8104248046875,0
2014-07-09,640.8104248046875,640.8168391668498,640.8040104425252,640.8104248046875,0
2014-07-10,640.8041381835938,640.8169669104758,640.8041381835938,640.8105525470348,0
2014-07-11,640.8104248046875,640.8168391668498,640.8040104425252,640.8040104425252,0
2014-07-14,640.8041381835938,640.8169669104758,640.8041381835938,640.8105525470348,0
2014-07-15,640.8104248046875,640.8168391668498,640.8040104425252,640.8104248046875,0
2014-07-16,640.8104248046875,640.8168391668498,640.8040104425252,640.8104248046875,0
2014-07-17,640.8041381835938,640.8169669104758,640.8041381835938,640.8105525470348,0
2014-07-18,640.8104248046875,640.8168391668498,640.8040104425252,640.8104248046875,0
2014-07-21,640.8104248046875,640.8168391668498,640.8040104425252,640.8104248046875,0
2014-07-22,640.8104248046875,640.8168391668498,640.8040104425252,640.8104248046875,0
2014-07-23,640.8170166015625,640.8170166015625,640.8041878736857,640.810602237624,0
2014-07-24,640.8104248046875,640.8168391668498,640.8040104425252,640.8104248046875,0
2014-07-25,640.8104248046875,640.8168391668498,640.8040104425252,640.8104248046875,0
2014-07-28,640.8041381835938,640.8169669104758,640.8041381835938,640.8105525470348,0
2014-07-30,640.8104248046875,640.8168391668498,640.8040104425252,640.8104248046875,0
2014-07-31,644.16943359375,644.182329692943,644.16943359375,644.1758816433465,0
2014-08-01,644.1759033203125,644.182351370126,644.1694552704989,644.1759033203125,0
2014-08-04,644.16943359375,644.182329692943,644.16943359375,644.1758816433465,0
2014-08-05,644.1759033203125,644.182351370126,644.1630072206855,644.1759033203125,0
2014-08-06,644.1759033203125,644.182351370126,644.1694552704989,644.1759033203125,0
2014-08-07,644.1759033203125,644.182351370126,644.1694552704989,644.1759033203125,0
2014-08-08,644.16943359375,644.182329692943,644.16943359375,644.1758816433465,0
2014-08-11,644.16943359375,644.182329692943,644.16943359375,644.16943359375,0
2014-08-12,644.16943359375,644.182329692943,644.16943359375,644.1758816433465,0
2014-08-13,644.1759033203125,644.182351370126,644.1694552704989,644.1759033203125,0
2014-08-14,644.16943359375,644.182329692943,644.16943359375,644.1758816433465,0
2014-08-18,644.16943359375,644.182329692943,644.16943359375,644.1758816433465,0
2014-08-19,644.1759033203125,644.182351370126,644.1694552704989,644.1694552704989,0
2014-08-20,644.16943359375,644.182329692943,644.16943359375,644.1758816433465,0
2014-08-21,644.16943359375,644.182329692943,644.16943359375,644.16943359375,0
2014-08-22,644.1759033203125,644.182351370126,644.1694552704989,644.1759033203125,0
2014-08-25,644.1759033203125,644.182351370126,644.1694552704989,644.1759033203125,0
2014-08-26,644.1759033203125,660.2803009033203,644.1694552704989,660.2803009033203,0
2014-08-27,644.16943359375,644.182329692943,644.16943359375,644.1758816433465,0
2014-08-28,644.1759033203125,644.182351370126,644.1694552704989,644.182351370126,0
2014-09-01,647.3541259765625,647.3670858324425,647.3541259765625,647.3541259765625,0
2014-09-02,647.36083984375,647.3673197740317,647.3543599134684,647.36083984375,0
2014-09-03,647.36083984375,647.3673197740317,647.3543599134684,647.36083984375,0
2014-09-04,647.3541259765625,647.3670858324425,647.3541259765625,647.3606059045026,0
2014-09-05,647.3541259765625,647.3670858324425,647.3541259765625,647.3606059045026,0
2014-09-08,647.3541259765625,647.3670858324425,647.3541259765625,647.3606059045026,0
2014-09-09,647.3541259765625,647.3670858324425,647.3541259765625,647.3606059045026,0
2014-09-10,647.3541259765625,647.3670858324425,647.3541259765625,647.3606059045026,0
2014-09-11,647.36083984375,647.3673197740317,647.3543599134684,647.36083984375,0
2014-09-12,647.36083984375,647.3673197740317,647.3543599134684,647.36083984375,0
2014-09-15,647.3541259765625,647.3670858324425,647.3541259765625,647.3541259765625,0
2014-09-16,647.36083984375,647.3673197740317,647.3543599134684,647.3543599134684,0
2014-09-17,647.3541259765625,647.3670858324425,647.3541259765625,647.3606059045026,0
2014-09-18,647.3541259765625,647.3670858324425,647.3541259765625,647.3606059045026,0
2014-09-19,647.36083984375,647.3673197740317,647.3543599134684,647.36083984375,0
2014-09-22,647.3541259765625,647.3670858324425,647.3541259765625,647.3606059045026,0
2014-09-23,647.36083984375,647.3673197740317,647.3543599134684,647.36083984375,0
2014-09-24,647.3541259765625,647.3670858324425,647.3541259765625,647.3541259765625,0
2014-09-25,647.36083984375,647.3673197740317,647.3543599134684,647.3543599134684,0
2014-09-26,647.36083984375,647.3673197740317,647.3543599134684,647.3543599134684,0
2014-09-29,647.36083984375,647.3673197740317,647.3543599134684,647.3543599134684,0
2014-09-30,650.3614501953125,650.3679601610005,650.3549402296246,650.3614501953125,0
2014-10-01,650.3614501953125,650.3679601610005,650.3549402296246,650.3614501953125,0
2014-10-07,650.3554077148438,666.6209656273415,650.3554077148438,650.3619176852112,0
2014-10-08,650.3554077148438,650.3684276555787,650.3554077148438,650.3619176852112,0
2014-10-09,650.3614501953125,650.3679601610005,650.3549402296246,650.3614501953125,0
2014-10-10,650.3614501953125,650.3679601610005,650.3549402296246,650.3549402296246,0
2014-10-13,650.3554077148438,650.3684276555787,650.3554077148438,650.3554077148438,0
2014-10-14,650.3554077148438,650.3684276555787,650.3554077148438,650.3554077148438,0
2014-10-15,650.3614501953125,650.3614501953125,650.3614501953125,650.3614501953125,0
2014-10-16,650.3554077148438,650.3684276555787,650.3554077148438,650.3554077148438,0
2014-10-17,650.3554077148438,650.3684276555787,650.3554077148438,650.3554077148438,0
2014-10-20,650.3614501953125,650.3679601610005,650.3549402296246,650.3549402296246,0
2014-10-21,650.3614501953125,650.3679601610005,650.3549402296246,650.3549402296246,0
2014-10-22,650.3614501953125,650.3679601610005,650.3549402296246,650.3614501953125,0
2014-10-27,650.3614501953125,650.3679601610005,650.3549402296246,650.3549402296246,0
2014-10-28,650.3614501953125,650.3679601610005,650.3549402296246,650.3549402296246,0
2014-10-29,650.36865234375,652.9570809680016,650.3556323985171,650.3621423711336,0
2014-10-30,650.3614501953125,650.3679601610005,650.3549402296246,650.3614501953125,0
2014-10-31,653.3572387695312,653.3637787223607,653.3506988167018,653.3572387695312,0
2014-11-03,653.3572387695312,653.3637787223607,653.3506988167018,653.3572387695312,0
2014-11-05,653.3572387695312,653.3637787223607,653.3506988167018,653.3572387695312,0
2014-11-07,653.3507080078125,653.3637879136555,653.3507080078125,653.3507080078125,0
2014-11-10,653.3507080078125,653.3637879136555,653.3507080078125,653.3507080078125,0
2014-11-11,653.3507080078125,653.3637879136555,652.7038907127733,652.7038907127733,0
2014-11-12,653.3507080078125,653.3637879136555,653.3507080078125,653.3572479607341,0
2014-11-13,653.3572387695312,653.3637787223607,653.3506988167018,653.3572387695312,0
2014-11-14,653.3572387695312,653.3637787223607,653.3506988167018,653.3572387695312,0
2014-11-17,653.3507080078125,653.3637879136555,653.3507080078125,653.3572479607341,0
2014-11-18,653.3507080078125,653.3637879136555,653.3507080078125,653.3572479607341,0
2014-11-19,653.3572387695312,653.3637787223607,653.3506988167018,653.3572387695312,0
2014-11-20,653.3507080078125,653.3637879136555,653.3507080078125,653.3507080078125,0
2014-11-21,653.3572387695312,653.3637787223607,653.3506988167018,653.3572387695312,0
2014-11-24,653.3572387695312,653.3637787223607,653.3506988167018,653.3572387695312,0
2014-11-25,653.3572387695312,653.3637787223607,653.3506988167018,653.3572387695312,0
2014-11-26,653.3507080078125,653.3637879136555,653.3507080078125,653.3572479607341,0
2014-11-27,653.3572387695312,653.3637787223607,653.3506988167018,653.3506988167018,0
2014-11-28,653.3507080078125,653.3637879136555,653.3507080078125,653.3572479607341,0
2014-12-01,656.1842041015625,656.1907723516524,656.1776358514727,656.1776358514727,0
2014-12-02,656.1778564453125,656.1909929499085,656.1778564453125,656.1844246976106,0
2014-12-03,656.1778564453125,656.1909929499085,656.1778564453125,656.1844246976106,0
2014-12-04,656.1778564453125,656.1909929499085,656.1778564453125,656.1844246976106,0
2014-12-05,656.1778564453125,656.1909929499085,656.1778564453125,656.1844246976106,0
2014-12-08,656.1778564453125,656.1909929499085,656.1778564453125,656.1844246976106,0
2014-12-09,656.1778564453125,656.1909929499085,656.1778564453125,656.1778564453125,0
2014-12-10,656.1778564453125,656.1909929499085,656.1778564453125,656.1778564453125,0
2014-12-11,656.1778564453125,656.1909929499085,656.1778564453125,656.1778564453125,0
2014-12-12,656.1778564453125,656.1909929499085,656.1778564453125,656.1844246976106,0
2014-12-15,656.1778564453125,656.1909929499085,656.1778564453125,656.1844246976106,0
2014-12-16,656.1778564453125,656.1909929499085,656.1778564453125,656.1778564453125,0
2014-12-17,656.1842041015625,656.1907723516524,656.1776358514727,656.1776358514727,0
2014-12-18,656.1842041015625,656.1907723516524,656.1776358514727,656.1776358514727,0
2014-12-19,656.1842041015625,656.1907723516524,656.1776358514727,656.1776358514727,0
2014-12-22,656.1778564453125,656.1909929499085,656.1778564453125,656.1844246976106,0
2014-12-23,656.1842041015625,656.1907723516524,656.1776358514727,656.1842041015625,0
2014-12-24,656.1778564453125,656.1909929499085,656.1778564453125,656.1909929499085,0
2014-12-26,656.1842041015625,656.1907723516524,656.1776358514727,656.1842041015625,0
2014-12-29,656.1842041015625,656.1907723516524,656.1776358514727,656.1842041015625,0
2014-12-30,656.1842041015625,656.1907723516524,656.1776358514727,656.1842041015625,0
2014-12-31,659.2573852539062,659.2639842658191,659.2507862419933,659.2573852539062,0
2015-01-01,659.25048828125,659.2570872901804,659.25048828125,659.25048828125,0
2015-01-02,659.2573852539062,659.2639842658191,659.2507862419933,659.2507862419933,0
2015-01-05,659.25048828125,659.2636862991108,659.25048828125,659.2570872901804,0
2015-01-06,659.2573852539062,659.2639842658191,659.2507862419933,659.2573852539062,0
2015-01-07,659.25048828125,659.2636862991108,659.25048828125,659.2570872901804,0
2015-01-08,659.2573852539062,659.2639842658191,659.2507862419933,659.2639842658191,0
2015-01-09,659.2573852539062,659.2639842658191,659.2507862419933,659.2507862419933,0
2015-01-12,659.25048828125,659.2636862991108,659.25048828125,659.25048828125,0
2015-01-13,659.2573852539062,659.2639842658191,659.2507862419933,659.2573852539062,0
2015-01-14,659.25048828125,659.2636862991108,659.25048828125,659.2570872901804,0
2015-01-15,659.25048828125,659.2636862991108,659.25048828125,659.25048828125,0
2015-01-16,659.2573852539062,659.2639842658191,659.2507862419933,659.2573852539062,0
2015-01-19,659.25048828125,659.2636862991108,659.25048828125,659.2570872901804,0
2015-01-20,659.2573852539062,659.2639842658191,659.2507862419933,659.2507862419933,0
2015-01-21,659.2573852539062,659.2639842658191,659.2507862419933,659.2573852539062,0
2015-01-22,659.25048828125,659.2636862991108,659.25048828125,659.2570872901804,0
2015-01-23,659.2573852539062,659.2639842658191,659.2507862419933,659.2573852539062,0
2015-01-27,659.2573852539062,659.2639842658191,659.2507862419933,659.2573852539062,0
2015-01-28,659.2573852539062,659.2639842658191,659.2507862419933,659.2573852539062,0
2015-01-29,659.2573852539062,659.2639842658191,659.2507862419933,659.2573852539062,0
2015-01-30,662.1886596679688,662.2019165072322,662.1886596679688,662.1886596679688,0
2015-02-02,662.1886596679688,662.2019165072322,662.1886596679688,662.1886596679688,0
2015-02-03,662.1886596679688,662.2019165072322,662.1886596679688,662.1952880876005,0
2015-02-04,662.1886596679688,662.2019165072322,662.1886596679688,662.1952880876005,0
2015-02-05,662.1954956054688,662.2021240271777,662.1888671837598,662.1954956054688,0
2015-02-06,662.1886596679688,662.2019165072322,662.1886596679688,662.1952880876005,0
2015-02-09,662.1886596679688,662.2019165072322,662.1886596679688,662.1886596679688,0
2015-02-10,662.1886596679688,662.1952880876005,662.1886596679688,662.1886596679688,0
2015-02-11,662.1886596679688,662.2019165072322,662.1886596679688,662.1952880876005,0
2015-02-12,662.1886596679688,662.2019165072322,662.1886596679688,662.1952880876005,0
2015-02-13,662.1954956054688,662.2021240271777,662.1888671837598,662.1954956054688,0
2015-02-16,662.1954956054688,662.2021240271777,662.1888671837598,662.1954956054688,0
2015-02-18,662.1954956054688,662.2021240271777,662.1888671837598,662.1954956054688,0
2015-02-19,662.1954956054688,662.2021240271777,662.1888671837598,662.1954956054688,0
2015-02-20,662.1954956054688,662.2021240271777,662.1888671837598,662.1954956054688,0
2015-02-23,662.1954956054688,662.2021240271777,662.1888671837598,662.1954956054688,0
2015-02-24,662.1886596679688,662.2019165072322,662.1886596679688,662.1952880876005,0
2015-02-25,662.1886596679688,662.2019165072322,662.1886596679688,662.1952880876005,0
2015-02-26,662.1954956054688,662.2021240271777,662.1888671837598,662.1954956054688,0
2015-02-27,664.8380126953125,664.8446675679982,664.8313578226268,664.8313578226268,0
2015-03-02,664.8311767578125,664.8444864995589,664.8311767578125,664.8378316286856,0
2015-03-03,664.8311767578125,664.8444864995589,664.8311767578125,664.8378316286856,0
2015-03-04,664.8380126953125,664.8446675679982,664.8313578226268,664.8380126953125,0
2015-03-05,664.8311767578125,664.8444864995589,664.8311767578125,664.8378316286856,0
2015-03-09,664.8380126953125,664.8446675679982,664.8313578226268,664.8380126953125,0
2015-03-10,664.8380126953125,664.8446675679982,664.8313578226268,664.8313578226268,0
2015-03-11,664.8311767578125,664.8444864995589,664.8311767578125,664.8378316286856,0
2015-03-12,664.8380126953125,664.8446675679982,664.8313578226268,664.8313578226268,0
2015-03-13,664.8380126953125,664.8446675679982,664.8313578226268,664.8313578226268,0
2015-03-16,664.8311767578125,664.8444864995589,664.8311767578125,664.8378316286856,0
2015-03-17,664.8311767578125,664.8444864995589,664.8311767578125,664.8311767578125,0
2015-03-18,664.8311767578125,664.8444864995589,664.8311767578125,664.8311767578125,0
2015-03-19,664.8380126953125,664.8446675679982,664.8313578226268,664.8380126953125,0
2015-03-20,664.8380126953125,664.8446675679982,664.1731746826172,664.8313578226268,0
2015-03-23,664.8311767578125,664.8444864995589,664.8311767578125,664.8311767578125,0
2015-03-24,664.8380126953125,664.8446675679982,664.8313578226268,664.8313578226268,0
2015-03-25,664.8380126953125,664.8446675679982,664.8313578226268,664.8313578226268,0
2015-03-26,664.8311767578125,664.8444864995589,664.8311767578125,664.8378316286856,0
2015-03-27,664.8380126953125,664.8446675679982,664.8313578226268,664.8380126953125,0
2015-03-30,664.8380126953125,664.8446675679982,664.1731746826172,664.1731746826172,0
2015-03-31,667.744873046875,667.7515570165515,667.7381890771985,667.744873046875,0
2015-04-01,667.7383422851562,667.7517102275764,667.7383422851562,667.7383422851562,0
2015-04-06,667.744873046875,667.7515570165515,667.7381890771985,667.7381890771985,0
2015-04-07,667.7383422851562,667.7517102275764,667.7383422851562,667.7450262563664,0
2015-04-08,667.7383422851562,667.7517102275764,667.7383422851562,667.7450262563664,0
2015-04-09,667.7383422851562,667.7517102275764,667.7383422851562,667.7383422851562,0
2015-04-10,667.744873046875,667.7515570165515,667.744873046875,667.744873046875,0
2015-04-13,667.7383422851562,667.7517102275764,667.7383422851562,667.7450262563664,0
2015-04-15,667.7383422851562,667.7517102275764,667.7383422851562,667.7450262563664,0
2015-04-16,667.744873046875,667.7515570165515,667.7381890771985,667.744873046875,0
2015-04-17,667.7383422851562,667.7517102275764,667.7383422851562,667.7450262563664,0
2015-04-20,667.744873046875,667.7515570165515,667.7381890771985,667.7381890771985,0
2015-04-21,667.7383422851562,667.7517102275764,667.7383422851562,667.7450262563664,0
2015-04-22,667.7383422851562,667.7517102275764,667.7383422851562,667.7383422851562,0
2015-04-23,667.744873046875,667.7515570165515,667.7381890771985,667.7381890771985,0
2015-04-24,667.744873046875,667.7515570165515,667.7381890771985,667.744873046875,0
2015-04-27,667.7383422851562,667.7517102275764,667.07728123011,667.7383422851562,0
2015-04-28,667.7383422851562,667.7517102275764,667.7383422851562,667.7383422851562,0
2015-04-29,670.5608520507812,670.5675642077475,670.5541398938149,670.5541398938149,0
2015-04-30,670.5545043945312,670.5679287157611,670.5545043945312,670.5545043945312,0
2015-05-04,670.5608520507812,670.5675642077475,670.5541398938149,670.5608520507812,0
2015-05-05,670.5608520507812,670.5675642077475,670.5541398938149,670.5541398938149,0
2015-05-06,670.5608520507812,670.5675642077475,670.5541398938149,670.5541398938149,0
2015-05-07,670.5608520507812,670.5675642077475,670.5541398938149,670.5608520507812,0
2015-05-08,670.5608520507812,670.5675642077475,670.5541398938149,670.5608520507812,0
2015-05-11,670.5608520507812,670.5675642077475,670.5541398938149,670.5541398938149,0
2015-05-12,670.5608520507812,670.5675642077475,670.5541398938149,670.5541398938149,0
2015-05-13,670.5608520507812,670.5675642077475,670.5541398938149,670.5541398938149,0
2015-05-14,670.5608520507812,670.5675642077475,670.5541398938149,670.5608520507812,0
2015-05-15,670.5608520507812,670.5675642077475,670.5541398938149,670.5608520507812,0
2015-05-18,670.5608520507812,670.5675642077475,670.5541398938149,670.5608520507812,0
2015-05-19,670.5608520507812,670.5675642077475,670.5541398938149,670.5541398938149,0
2015-05-20,670.5608520507812,670.5675642077475,670.5541398938149,670.5541398938149,0
2015-05-21,670.5608520507812,670.5675642077475,670.5541398938149,670.5608520507812,0
2015-05-22,670.5608520507812,670.5675642077475,670.5541398938149,670.5541398938149,0
2015-05-25,670.5608520507812,670.5675642077475,670.5541398938149,670.5608520507812,0
2015-05-26,670.5608520507812,670.5675642077475,670.5541398938149,670.5541398938149,0
2015-05-27,670.5608520507812,670.5675642077475,670.5541398938149,670.5608520507812,0
2015-05-28,670.5608520507812,670.5675642077475,670.5541398938149,670.5541398938149,0
2015-05-29,673.3609619140625,673.3744424198188,673.3609619140625,673.3677021669406,0
2015-06-01,673.3671264648438,673.3738667119593,673.3603862177283,673.3671264648438,0
2015-06-02,673.3671264648438,673.3738667119593,673.3603862177283,673.3671264648438,0
2015-06-03,673.3671264648438,673.3738667119593,673.3603862177283,673.3603862177283,0
2015-06-04,673.3609619140625,673.3744424198188,673.3609619140625,673.3609619140625,0
2015-06-05,673.3671264648438,673.3738667119593,673.3603862177283,673.3603862177283,0
2015-06-08,673.3671264648438,673.3738667119593,673.3603862177283,673.3671264648438,0
2015-06-09,673.3671264648438,673.3738667119593,673.3603862177283,673.3671264648438,0
2015-06-10,673.3671264648438,673.3738667119593,673.3603862177283,673.3603862177283,0
2015-06-11,673.3671264648438,673.3738667119593,654.5128469238281,673.3603862177283,0
2015-06-12,673.3671264648438,673.3738667119593,673.3603862177283,673.3603862177283,0
2015-06-15,673.3671264648438,673.3738667119593,673.3603862177283,673.3603862177283,0
2015-06-16,673.3671264648438,673.3738667119593,673.3603862177283,673.3671264648438,0
2015-06-17,673.3671264648438,673.3738667119593,673.3603862177283,673.3671264648438,0
2015-06-18,673.3671264648438,673.3738667119593,673.3603862177283,673.3603862177283,0
2015-06-19,673.3671264648438,673.3738667119593,673.3603862177283,673.3603862177283,0
2015-06-22,673.3609619140625,673.3744424198188,673.3609619140625,673.3609619140625,0
2015-06-23,673.3609619140625,673.3744424198188,673.3609619140625,673.3677021669406,0
2015-06-24,673.3671264648438,673.3738667119593,673.3603862177283,673.3671264648438,0
2015-06-25,673.3671264648438,673.3738667119593,673.3603862177283,673.3671264648438,0
2015-06-26,673.3671264648438,673.3738667119593,673.3603862177283,673.3671264648438,0
2015-06-29,673.3671264648438,673.3738667119593,673.3603862177283,673.3603862177283,0
2015-06-30,675.9797973632812,675.9865637626201,675.9730309639424,675.9730309639424,0
2015-07-01,675.9797973632812,675.9865637626201,675.9730309639424,675.9730309639424,0
2015-07-02,675.9735107421875,675.9870435504703,675.9735107421875,675.980277146329,0
2015-07-03,675.9797973632812,675.9865637626201,675.9730309639424,675.9730309639424,0
2015-07-06,675.9735107421875,675.9870435504703,675.9735107421875,675.980277146329,0
2015-07-07,675.9735107421875,675.9870435504703,675.9667443380462,675.9667443380462,0
2015-07-08,675.9797973632812,675.9865637626201,675.9730309639424,675.9797973632812,0
2015-07-09,675.9735107421875,675.9870435504703,675.9735107421875,675.9735107421875,0
2015-07-10,675.9797973632812,675.9865637626201,675.9730309639424,675.9797973632812,0
2015-07-13,675.9735107421875,675.9870435504703,675.9735107421875,675.9735107421875,0
2015-07-14,675.9797973632812,675.9865637626201,675.9730309639424,675.9797973632812,0
2015-07-15,675.9797973632812,675.9865637626201,675.9730309639424,675.9797973632812,0
2015-07-16,675.9797973632812,675.9865637626201,675.9730309639424,675.9797973632812,0
2015-07-17,675.9797973632812,675.9865637626201,675.9730309639424,675.9797973632812,0
2015-07-20,675.9797973632812,675.9865637626201,675.9730309639424,675.9865637626201,0
2015-07-21,675.9797973632812,675.9865637626201,675.9730309639424,675.9730309639424,0
2015-07-22,675.9735107421875,675.9870435504703,675.9735107421875,675.9735107421875,0
2015-07-23,675.9797973632812,675.9865637626201,675.9730309639424,675.9797973632812,0
2015-07-24,675.9797973632812,675.9865637626201,675.9730309639424,675.9797973632812,0
2015-07-27,675.9735107421875,675.9870435504703,675.9735107421875,675.9735107421875,0
2015-07-28,675.9735107421875,675.9870435504703,675.3042968691826,675.3042968691826,0
2015-07-29,675.9797973632812,675.9865637626201,675.9730309639424,675.9730309639424,0
2015-07-30,675.9735107421875,675.9870435504703,675.9735107421875,675.9735107421875,0
2015-07-31,678.6732788085938,678.6868656655087,678.6732788085938,678.6800722370511,0
2015-08-03,678.6798095703125,678.6866029961407,678.6730161444842,678.6798095703125,0
2015-08-04,678.6732788085938,678.6868656655087,678.6732788085938,678.6800722370511,0
2015-08-05,678.6798095703125,678.6866029961407,678.6730161444842,678.6798095703125,0
2015-08-06,678.6732788085938,678.6868656655087,678.6732788085938,678.6732788085938,0
2015-08-07,678.6798095703125,678.6866029961407,678.6730161444842,678.6798095703125,0
2015-08-10,678.6732788085938,678.6868656655087,678.6732788085938,678.6800722370511,0
2015-08-11,678.6732788085938,678.6868656655087,678.6732788085938,678.6732788085938,0
2015-08-12,678.6732788085938,678.6868656655087,678.6732788085938,678.6868656655087,0
2015-08-13,678.6798095703125,678.6866029961407,678.6730161444842,678.6730161444842,0
2015-08-14,678.6798095703125,678.6866029961407,678.6730161444842,678.6798095703125,0
2015-08-17,678.6798095703125,678.6866029961407,678.6730161444842,678.6798095703125,0
2015-08-18,678.6798095703125,678.6866029961407,678.6730161444842,678.6798095703125,0
2015-08-19,678.6798095703125,678.6866029961407,678.6730161444842,678.6798095703125,0
2015-08-20,678.6798095703125,678.6866029961407,678.6730161444842,678.6798095703125,0
2015-08-21,678.6798095703125,678.6866029961407,678.6730161444842,678.6730161444842,0
2015-08-24,678.6732788085938,678.6868656655087,678.6732788085938,678.6732788085938,0
2015-08-25,678.6732788085938,678.6868656655087,678.6732788085938,678.6732788085938,0
2015-08-26,678.6798095703125,678.6866029961407,678.6730161444842,678.6730161444842,0
2015-08-27,678.6732788085938,678.6868656655087,678.6461465181081,678.6461465181081,0
2015-08-28,678.6798095703125,678.6866029961407,678.6730161444842,678.6730161444842,0
2015-08-31,681.3809814453125,681.3878019092381,681.3741609813868,681.3809814453125,0
2015-09-01,681.3876953125,681.3876953125,681.3740543867827,681.3808748496414,0
2015-09-02,681.374267578125,681.3879085081102,681.374267578125,681.374267578125,0
2015-09-03,681.3809814453125,681.3878019092381,681.3741609813868,681.3741609813868,0
2015-09-04,681.3809814453125,681.3878019092381,681.3741609813868,681.3809814453125,0
2015-09-07,681.374267578125,681.3879085081102,681.374267578125,681.374267578125,0
2015-09-08,681.374267578125,681.3879085081102,681.374267578125,681.374267578125,0
2015-09-09,681.3809814453125,681.3878019092381,681.3741609813868,681.3741609813868,0
2015-09-10,681.3809814453125,681.3878019092381,681.3741609813868,681.3809814453125,0
2015-09-11,681.3809814453125,681.3878019092381,681.3741609813868,681.3809814453125,0
2015-09-14,681.3809814453125,681.3878019092381,681.3741609813868,681.3741609813868,0
2015-09-15,681.3809814453125,681.3878019092381,681.3741609813868,681.3809814453125,0
2015-09-16,681.3809814453125,681.3878019092381,681.3741609813868,681.3809814453125,0
2015-09-18,681.374267578125,681.3879085081102,681.374267578125,681.3810880431176,0
2015-09-21,681.374267578125,681.3879085081102,681.374267578125,681.3810880431176,0
2015-09-22,681.3809814453125,681.3878019092381,681.3741609813868,681.3741609813868,0
2015-09-23,681.374267578125,681.3879085081102,681.374267578125,681.3810880431176,0
2015-09-24,681.374267578125,681.3879085081102,681.374267578125,681.3810880431176,0
2015-09-28,681.3809814453125,681.3878019092381,680.6996004638671,680.6996004638671,0
2015-09-29,681.3809814453125,681.3878019092381,681.3741609813868,681.3741609813868,0
2015-09-30,684.0274658203125,684.0411598666145,684.0274658203125,684.0274658203125,0
2015-10-01,684.0343017578125,684.0411487808526,684.0274547347725,684.0343017578125,0
2015-10-05,684.0343017578125,684.0411487808526,684.0274547347725,684.0343017578125,0
2015-10-06,684.0343017578125,684.0411487808526,684.0274547347725,684.0343017578125,0
2015-10-07,684.0274658203125,684.0411598666145,684.0274658203125,684.0343128434635,0
2015-10-08,684.0343017578125,684.0411487808526,684.0274547347725,684.0343017578125,0
2015-10-09,684.0343017578125,684.0411487808526,684.0274547347725,684.0343017578125,0
2015-10-12,684.0343017578125,684.0411487808526,684.0274547347725,684.0343017578125,0
2015-10-13,684.0343017578125,684.0411487808526,684.0274547347725,684.0343017578125,0
2015-10-14,684.0274658203125,684.0411598666145,684.0274658203125,684.0274658203125,0
2015-10-15,684.0343017578125,684.0411487808526,684.0274547347725,684.0343017578125,0
2015-10-16,684.0274658203125,684.0411598666145,684.0274658203125,684.0343128434635,0
2015-10-19,684.0343017578125,684.0411487808526,684.0274547347725,684.0343017578125,0
2015-10-20,684.0343017578125,684.0411487808526,684.0274547347725,684.0343017578125,0
2015-10-21,684.0343017578125,684.0411487808526,684.0274547347725,684.0274547347725,0
2015-10-23,684.0343017578125,684.0411487808526,684.0274547347725,684.0274547347725,0
2015-10-26,684.0343017578125,684.0411487808526,684.0274547347725,684.0274547347725,0
2015-10-27,684.0274658203125,684.0411598666145,684.0274658203125,684.0274658203125,0
2015-10-28,684.0274658203125,684.0411598666145,684.0274658203125,684.0343128434635,0
2015-10-29,684.0343017578125,684.0411487808526,684.0274547347725,684.0343017578125,0
2015-10-30,686.5593872070312,686.5662595055849,686.5525149084776,686.5525149084776,0
2015-11-02,686.5529174804688,686.5666620856352,672.7942743787586,672.7942743787586,0
2015-11-03,686.5593872070312,686.5662595055849,686.5525149084776,686.5525149084776,0
2015-11-04,686.5529174804688,686.5666620856352,686.5529174804688,686.559789783052,0
2015-11-05,686.5529174804688,686.5666620856352,686.5529174804688,686.5529174804688,0
2015-11-06,686.5593872070312,686.5662595055849,686.5525149084776,686.5525149084776,0
2015-11-09,686.5529174804688,686.559789783052,686.5529174804688,686.5529174804688,0
2015-11-10,686.5593872070312,686.5662595055849,685.8728278198242,685.8728278198242,0
2015-11-13,686.5593872070312,686.5662595055849,686.5525149084776,686.5525149084776,0
2015-11-16,686.5529174804688,686.5666620856352,686.5529174804688,686.559789783052,0
2015-11-17,686.5593872070312,686.5662595055849,686.5525149084776,686.5593872070312,0
2015-11-18,686.5593872070312,686.5662595055849,686.5525149084776,686.5593872070312,0
2015-11-19,686.5593872070312,686.5662595055849,686.5525149084776,686.5525149084776,0
2015-11-20,686.5529174804688,686.5666620856352,686.5529174804688,686.5529174804688,0
2015-11-23,686.5529174804688,686.5666620856352,686.5529174804688,686.5529174804688,0
2015-11-24,686.5529174804688,686.5666620856352,686.5529174804688,686.559789783052,0
2015-11-26,686.5593872070312,686.5662595055849,686.5525149084776,686.5525149084776,0
2015-11-27,686.5529174804688,686.5666620856352,686.5529174804688,686.5529174804688,0
2015-11-30,689.185791015625,689.1926896038652,689.1788924273849,689.185791015625,0
2015-12-01,689.185791015625,689.1926896038652,689.1788924273849,689.185791015625,0
2015-12-02,689.185791015625,689.1926896038652,689.1788924273849,689.185791015625,0
2015-12-03,689.17919921875,689.1929964013722,689.17919921875,689.17919921875,0
2015-12-04,689.185791015625,689.1926896038652,689.1788924273849,689.185791015625,0
2015-12-07,689.17919921875,689.1929964013722,689.17919921875,689.1860978100611,0
2015-12-08,689.185791015625,689.1926896038652,689.1788924273849,689.185791015625,0
2015-12-09,689.185791015625,689.1926896038652,689.1788924273849,689.1788924273849,0
2015-12-10,689.17919921875,689.1929964013722,689.17919921875,689.17919921875,0
2015-12-11,689.185791015625,689.1926896038652,689.1788924273849,689.1788924273849,0
2015-12-14,689.185791015625,689.1926896038652,689.1788924273849,689.1788924273849,0
2015-12-15,689.185791015625,689.1926896038652,689.1788924273849,689.1788924273849,0
2015-12-16,689.185791015625,689.1926896038652,689.1788924273849,689.185791015625,0
2015-12-17,689.185791015625,689.1926896038652,689.1788924273849,689.185791015625,0
2015-12-18,689.185791015625,689.1926896038652,689.1788924273849,689.185791015625,0
2015-12-21,689.185791015625,689.1926896038652,689.1788924273849,689.185791015625,0
2015-12-22,689.185791015625,689.1926896038652,689.1788924273849,689.185791015625,0
2015-12-23,689.17919921875,689.1929964013722,689.17919921875,689.1860978100611,0
2015-12-24,689.17919921875,689.1929964013722,689.17919921875,689.1860978100611,0
2015-12-28,689.185791015625,689.1926896038652,689.1788924273849,689.1788924273849,0
2015-12-29,689.185791015625,689.1926896038652,689.1788924273849,689.185791015625,0
2015-12-30,689.185791015625,689.1926896038652,689.1788924273849,689.185791015625,0
2015-12-31,691.8033447265625,691.8102695159017,691.7964199372232,691.7964199372232,0
2016-01-01,691.7969970703125,691.8108466605452,691.7969970703125,691.7969970703125,0
2016-01-04,691.8033447265625,691.8102695159017,691.7964199372232,691.7964199372232,0
2016-01-05,691.7969970703125,691.8108466605452,691.7969970703125,691.7969970703125,0
2016-01-06,691.8033447265625,691.8102695159017,691.7964199372232,691.8033447265625,0
2016-01-07,691.8033447265625,691.8102695159017,691.7964199372232,691.7964199372232,0
2016-01-08,691.7969970703125,691.8108466605452,691.7969970703125,691.7969970703125,0
2016-01-11,691.7969970703125,691.8108466605452,691.7969970703125,691.7969970703125,0
2016-01-12,691.8033447265625,691.8102695159017,691.7964199372232,691.7964199372232,0
2016-01-13,691.7969970703125,691.8108466605452,691.7969970703125,691.7969970703125,0
2016-01-14,691.8033447265625,691.8102695159017,691.7964199372232,691.8033447265625,0
2016-01-15,691.8033447265625,691.8102695159017,691.7964199372232,691.8033447265625,0
2016-01-18,691.7969970703125,691.8108466605452,691.7969970703125,691.8039218654288,0
2016-01-19,691.7969970703125,691.8108466605452,691.7969970703125,691.8039218654288,0
2016-01-20,691.8033447265625,691.8102695159017,691.7964199372232,691.7964199372232,0
2016-01-21,691.8033447265625,691.8102695159017,691.7964199372232,691.8033447265625,0
2016-01-22,691.7969970703125,691.8108466605452,691.7969970703125,691.7969970703125,0
2016-01-25,691.8033447265625,691.8102695159017,691.7964199372232,691.8033447265625,0
2016-01-27,691.8033447265625,691.8102695159017,691.7964199372232,691.7964199372232,0
2016-01-28,691.8033447265625,691.8102695159017,691.7964199372232,691.7964199372232,0
2016-01-29,691.7969970703125,691.8108466605452,657.8363661915805,691.7969970703125,0
2016-02-01,694.4827880859375,694.4897396958769,694.4758364759982,694.4827880859375,0
2016-02-02,694.4761352539062,694.4900384797664,694.4761352539062,694.4830868668364,0
2016-02-03,694.4761352539062,694.4900384797664,694.4761352539062,694.4761352539062,0
2016-02-04,694.4827880859375,694.4897396958769,694.4758364759982,694.4758364759982,0
2016-02-05,694.4761352539062,694.4900384797664,694.4761352539062,694.4761352539062,0
2016-02-08,694.4827880859375,694.4897396958769,694.4133567622752,694.4133567622752,0
2016-02-09,694.4761352539062,694.4900384797664,694.4761352539062,694.4830868668364,0
2016-02-10,694.4761352539062,694.4900384797664,694.4761352539062,694.4761352539062,0
2016-02-11,694.4827880859375,694.4897396958769,694.4758364759982,694.4758364759982,0
2016-02-12,694.4827880859375,694.4897396958769,694.4758364759982,694.4827880859375,0
2016-02-15,694.4827880859375,694.4897396958769,694.4758364759982,694.4827880859375,0
2016-02-16,694.4827880859375,694.4897396958769,694.4758364759982,694.4827880859375,0
2016-02-17,694.4761352539062,694.4900384797664,694.4761352539062,694.4830868668364,0
2016-02-18,694.4827880859375,694.4897396958769,694.4758364759982,694.4758364759982,0
2016-02-19,694.4761352539062,695.1775699537031,694.4761352539062,695.1775699537031,0
2016-02-22,694.4827880859375,694.4897396958769,694.4758364759982,694.4758364759982,0
2016-02-23,694.4827880859375,694.4897396958769,694.4758364759982,694.4758364759982,0
2016-02-24,694.4761352539062,694.4900384797664,694.4761352539062,694.4830868668364,0
2016-02-25,694.4761352539062,694.4900384797664,694.4761352539062,694.4830868668364,0
2016-02-26,694.4827880859375,694.4897396958769,694.4758364759982,694.4758364759982,0
2016-02-29,696.8857421875,696.8996936530443,696.8857421875,696.8857421875,0
2016-03-01,696.8857421875,696.8996936530443,696.8857421875,696.8927179202722,0
2016-03-02,696.8922119140625,696.8991876417696,696.8852361863553,696.8922119140625,0
2016-03-03,696.8922119140625,696.8991876417696,696.8852361863553,696.8852361863553,0
2016-03-04,696.8857421875,696.8996936530443,696.8857421875,696.8927179202722,0
2016-03-08,696.8922119140625,696.8991876417696,696.8852361863553,696.8852361863553,0
2016-03-09,696.8857421875,696.8996936530443,696.8857421875,696.8927179202722,0
2016-03-10,696.8922119140625,696.8991876417696,696.8852361863553,696.8852361863553,0
2016-03-11,696.8922119140625,696.8991876417696,696.8852361863553,696.8852361863553,0
2016-03-14,696.8922119140625,696.8991876417696,696.8852361863553,696.8922119140625,0
2016-03-15,696.8922119140625,696.8991876417696,696.8782604586481,696.8852361863553,0
2016-03-16,696.8922119140625,696.8991876417696,696.8852361863553,696.8991876417696,0
2016-03-17,696.8922119140625,696.8991876417696,696.8852361863553,696.8922119140625,0
2016-03-18,696.8857421875,696.8996936530443,696.8857421875,696.8927179202722,0
2016-03-21,696.8922119140625,696.8991876417696,696.8852361863553,696.8852361863553,0
2016-03-22,696.8922119140625,696.8991876417696,696.8852361863553,696.8922119140625,0
2016-03-23,696.8922119140625,696.8991876417696,696.8852361863553,696.8922119140625,0
2016-03-28,696.8922119140625,696.8991876417696,696.8852361863553,696.8852361863553,0
2016-03-29,696.8922119140625,696.8991876417696,696.8852361863553,696.8852361863553,0
2016-03-30,696.8922119140625,696.8991876417696,696.8852361863553,696.8852361863553,0
2016-03-31,699.4891967773438,699.4961985002608,699.4821950544268,699.4891967773438,0
2016-04-01,699.4824829101562,699.496486361753,699.4824829101562,699.4894846359546,0
2016-04-04,699.4824829101562,699.496486361753,699.4824829101562,699.4824829101562,0
2016-04-05,699.4891967773438,699.4961985002608,699.4821950544268,699.4891967773438,0
2016-04-06,699.4824829101562,699.496486361753,699.4824829101562,699.4824829101562,0
2016-04-07,699.4891967773438,699.4961985002608,699.4821950544268,699.4821950544268,0
2016-04-08,699.4824829101562,699.496486361753,699.4824829101562,699.4894846359546,0
2016-04-11,699.4891967773438,699.4961985002608,699.4751933315099,699.4751933315099,0
2016-04-12,699.4891967773438,699.4961985002608,699.4821950544268,699.4821950544268,0
2016-04-13,699.4891967773438,699.4961985002608,699.4821950544268,699.4891967773438,0
2016-04-18,699.4891967773438,699.4961985002608,699.4821950544268,699.4821950544268,0
2016-04-20,699.4891967773438,699.4961985002608,699.4821950544268,699.4891967773438,0
2016-04-21,699.4891967773438,699.4961985002608,699.4821950544268,699.4891967773438,0
2016-04-22,699.4891967773438,699.4961985002608,699.4821950544268,699.4891967773438,0
2016-04-25,699.4891967773438,699.4961985002608,699.4821950544268,699.4891967773438,0
2016-04-26,699.4891967773438,699.4961985002608,699.4821950544268,699.4891967773438,0
2016-04-27,699.4891967773438,712.080002319336,699.4821950544268,699.4891967773438,0
2016-04-28,699.4824829101562,699.496486361753,699.4824829101562,699.4824829101562,0
2016-04-29,701.77099609375,701.7780206569433,701.7639715305568,701.7639715305568,0
2016-05-02,701.77099609375,701.7780206569433,701.7639715305568,701.77099609375,0
2016-05-03,701.77099609375,701.7780206569433,701.7639715305568,701.77099609375,0
2016-05-04,701.77099609375,701.7780206569433,701.7639715305568,701.7639715305568,0
2016-05-05,701.77099609375,701.7780206569433,701.7639715305568,701.7639715305568,0
2016-05-06,701.7634887695312,701.7775378862532,701.7634887695312,701.7705133278922,0
2016-05-09,701.77099609375,701.7780206569433,701.7639715305568,701.77099609375,0
2016-05-10,701.77099609375,701.7780206569433,701.7639715305568,701.77099609375,0
2016-05-11,701.77099609375,701.7780206569433,701.7639715305568,701.77099609375,0
2016-05-12,701.77099609375,701.7780206569433,701.7639715305568,701.77099609375,0
2016-05-13,701.77099609375,701.7780206569433,701.7639715305568,701.7639715305568,0
2016-05-16,701.7634887695312,701.7775378862532,701.7634887695312,701.7705133278922,0
2016-05-17,701.77099609375,701.7780206569433,701.7639715305568,701.77099609375,0
2016-05-18,701.77099609375,701.7780206569433,701.7639715305568,701.77099609375,0
2016-05-19,701.77099609375,701.7780206569433,701.7639715305568,701.7639715305568,0
2016-05-20,701.7634887695312,701.7775378862532,701.7634887695312,701.7634887695312,0
2016-05-23,701.77099609375,701.7780206569433,701.7639715305568,701.7639715305568,0
2016-05-24,701.7634887695312,701.7775378862532,701.7634887695312,701.7634887695312,0
2016-05-25,701.7634887695312,701.7775378862532,701.7634887695312,701.7634887695312,0
2016-05-26,701.77099609375,701.7780206569433,701.7639715305568,701.77099609375,0
2016-05-27,701.77099609375,701.7780206569433,701.7639715305568,701.77099609375,0
2016-05-30,701.77099609375,701.7780206569433,701.7639715305568,701.77099609375,0
2016-05-31,704.2755737304688,704.2826233638972,704.2685240970403,704.2755737304688,0
2016-06-01,704.2755737304688,704.2826233638972,703.5712981567383,704.2755737304688,0
2016-06-02,704.2755737304688,704.2826233638972,704.2685240970403,704.2755737304688,0
2016-06-03,704.2755737304688,704.2826233638972,704.2685240970403,704.2685240970403,0
2016-06-06,704.2682495117188,704.2823487730785,704.2682495117188,704.2752991423986,0
2016-06-07,704.2755737304688,704.2826233638972,704.2685240970403,704.2755737304688,0
2016-06-08,704.2682495117188,704.2823487730785,704.2682495117188,704.2752991423986,0
2016-06-09,704.2755737304688,704.2826233638972,704.2685240970403,704.2685240970403,0
2016-06-10,704.2755737304688,704.2826233638972,704.2685240970403,704.2755737304688,0
2016-06-13,704.2755737304688,704.2826233638972,704.2685240970403,704.2685240970403,0
2016-06-14,704.2755737304688,704.2826233638972,704.2685240970403,704.2755737304688,0
2016-06-15,704.2755737304688,704.2826233638972,704.2685240970403,704.2755737304688,0
2016-06-16,704.2755737304688,704.2826233638972,702.8670225830078,704.2755737304688,0
2016-06-17,704.2755737304688,704.2826233638972,704.2685240970403,704.2755737304688,0
2016-06-20,704.2755737304688,704.2826233638972,704.2685240970403,704.2755737304688,0
2016-06-21,704.2755737304688,704.2826233638972,704.2685240970403,704.2755737304688,0
2016-06-22,704.2755737304688,704.2826233638972,704.2685240970403,704.2755737304688,0
2016-06-23,704.2755737304688,704.2826233638972,704.2685240970403,704.2755737304688,0
2016-06-24,704.2755737304688,704.2826233638972,703.9234359436035,703.9234359436035,0
2016-06-27,704.2755737304688,704.2826233638972,704.2685240970403,704.2755737304688,0
2016-06-28,704.2755737304688,704.2826233638972,704.2685240970403,704.2685240970403,0
2016-06-29,704.2755737304688,704.2826233638972,704.2685240970403,704.2685240970403,0
2016-06-30,706.9306030273438,706.9376792369932,706.9235268176943,706.9306030273438,0
2016-07-01,706.9306030273438,706.9376792369932,706.9235268176943,706.9306030273438,0
2016-07-04,706.9306030273438,706.9376792369932,706.9235268176943,706.9306030273438,0
2016-07-05,706.9306030273438,706.9376792369932,706.9235268176943,706.9306030273438,0
2016-07-07,706.9306030273438,706.9376792369932,706.9235268176943,706.9306030273438,0
2016-07-08,706.9306030273438,706.9376792369932,706.9235268176943,706.9235268176943,0
2016-07-11,706.9306030273438,706.9376792369932,706.9235268176943,706.9306030273438,0
2016-07-12,706.9306030273438,706.9376792369932,706.9235268176943,706.9306030273438,0
2016-07-13,706.9306030273438,706.9376792369932,706.9235268176943,706.9306030273438,0
2016-07-14,706.9306030273438,706.9376792369932,706.9235268176943,706.9306030273438,0
2016-07-15,706.9306030273438,706.9376792369932,706.9235268176943,706.9306030273438,0
2016-07-18,706.9306030273438,706.9376792369932,706.9235268176943,706.9306030273438,0
2016-07-19,706.9237670898438,706.9379195139528,706.9237670898438,706.9237670898438,0
2016-07-20,706.9306030273438,706.9376792369932,706.9235268176943,706.9306030273438,0
2016-07-21,706.9306030273438,706.9376792369932,706.9235268176943,706.9235268176943,0
2016-07-22,706.9306030273438,706.9376792369932,706.9235268176943,706.9306030273438,0
2016-07-25,706.9306030273438,706.9376792369932,706.9235268176943,706.9306030273438,0
2016-07-26,706.9306030273438,706.9376792369932,706.9235268176943,706.9306030273438,0
2016-07-27,706.9306030273438,706.9376792369932,706.9235268176943,706.9306030273438,0
2016-07-28,706.9306030273438,706.9376792369932,706.9235268176943,706.9306030273438,0
2016-07-29,706.9306030273438,706.9376792369932,706.9235268176943,706.9306030273438,0
2016-08-01,709.3844604492188,711.5126138305665,709.3773596770317,709.3773596770317,0
2016-08-02,709.3844604492188,709.3915612214059,675.3340063476562,709.3844604492188,0
2016-08-03,709.3844604492188,709.3915612214059,709.3773596770317,709.3844604492188,0
2016-08-04,709.3776245117188,709.3918260613949,709.3776245117188,709.3847252865568,0
2016-08-05,709.3844604492188,709.3915612214059,709.3773596770317,709.3844604492188,0
2016-08-08,709.3844604492188,709.3915612214059,709.3773596770317,709.3844604492188,0
2016-08-09,709.3844604492188,709.3915612214059,709.3773596770317,709.3773596770317,0
2016-08-10,709.3844604492188,709.3915612214059,709.3773596770317,709.3844604492188,0
2016-08-11,709.3844604492188,709.3915612214059,709.3773596770317,709.3773596770317,0
2016-08-12,709.3844604492188,709.3915612214059,709.3773596770317,709.3844604492188,0
2016-08-16,709.3844604492188,709.3915612214059,709.3773596770317,709.3844604492188,0
2016-08-17,709.3844604492188,709.3915612214059,709.3773596770317,709.3844604492188,0
2016-08-18,709.3844604492188,709.3915612214059,709.3773596770317,709.3844604492188,0
2016-08-19,709.3844604492188,709.3915612214059,709.3773596770317,709.3844604492188,0
2016-08-22,709.3776245117188,709.3918260613949,709.3776245117188,709.3847252865568,0
2016-08-23,709.3776245117188,709.3918260613949,709.3776245117188,709.3847252865568,0
2016-08-24,709.3776245117188,709.3918260613949,709.3776245117188,709.3847252865568,0
2016-08-25,709.3844604492188,709.3915612214059,709.3773596770317,709.3844604492188,0
2016-08-26,709.3776245117188,709.3918260613949,702.2908780336912,702.2908780336912,0
2016-08-29,709.3844604492188,709.3915612214059,709.3773596770317,709.3844604492188,0
2016-08-30,709.3844604492188,709.3915612214059,709.3773596770317,709.3844604492188,0
2016-08-31,711.8175048828125,711.8246300092042,711.8103797564208,711.8175048828125,0
2016-09-01,711.8175048828125,714.6291927162781,711.8103797564208,711.8175048828125,0
2016-09-02,711.8175048828125,711.8246300092042,711.8103797564208,711.8175048828125,0
2016-09-06,711.8175048828125,711.8246300092042,711.8103797564208,711.8175048828125,0
2016-09-07,711.8175048828125,711.8246300092042,711.8103797564208,711.8175048828125,0
2016-09-08,711.8103637695312,711.8246140219945,711.8103637695312,711.8103637695312,0
2016-09-09,711.8175048828125,711.8246300092042,711.8103797564208,711.8175048828125,0
2016-09-12,711.8175048828125,711.8246300092042,711.8103797564208,711.8175048828125,0
2016-09-14,711.8175048828125,711.8246300092042,697.5811547851563,711.8175048828125,0
2016-09-15,711.8103637695312,711.8246140219945,711.8103637695312,711.8103637695312,0
2016-09-16,711.8175048828125,711.8246300092042,711.8103797564208,711.8175048828125,0
2016-09-19,711.8175048828125,711.8246300092042,711.8103797564208,711.8175048828125,0
2016-09-20,711.8175048828125,711.8246300092042,711.1056873779297,711.8103797564208,0
2016-09-21,711.8103637695312,711.8246140219945,711.8103637695312,711.8103637695312,0
2016-09-22,711.8175048828125,711.8246300092042,704.6993298339844,704.6993298339844,0
2016-09-23,711.8175048828125,711.8246300092042,711.8103797564208,711.8103797564208,0
2016-09-26,711.8103637695312,711.8246140219945,711.8103637695312,711.817488895763,0
2016-09-27,711.8103637695312,711.8246140219945,711.8103637695312,711.817488895763,0
2016-09-28,711.8103637695312,711.8246140219945,711.8103637695312,711.817488895763,0
2016-09-29,711.8175048828125,711.8246300092042,711.8103797564208,711.8175048828125,0
2016-09-30,714.1683349609375,714.1754836185872,714.1611863032876,714.1683349609375,0
2016-10-03,714.1610717773438,714.1682204338471,714.1610717773438,714.1682204338471,0
2016-10-04,714.1610717773438,714.1753690903505,714.1610717773438,714.1682204338471,0
2016-10-05,714.1610717773438,714.1753690903505,714.1610717773438,714.1682204338471,0
2016-10-06,714.1683349609375,714.1754836185872,714.1540376456379,714.1683349609375,0
2016-10-07,714.1683349609375,714.1754836185872,714.1611863032876,714.1683349609375,0
2016-10-10,714.1610717773438,714.1753690903505,714.1610717773438,714.1682204338471,0
2016-10-13,714.1683349609375,714.1754836185872,714.1611863032876,714.1683349609375,0
2016-10-14,714.1610717773438,714.1753690903505,710.7402216936384,714.1682204338471,0
2016-10-17,714.1683349609375,714.1754836185872,714.1611863032876,714.1683349609375,0
2016-10-18,714.1610717773438,714.1753690903505,714.1610717773438,714.1682204338471,0
2016-10-19,714.1610717773438,714.1753690903505,685.6014916164931,714.1682204338471,0
2016-10-20,714.1683349609375,714.1754836185872,714.1611863032876,714.1611863032876,0
2016-10-21,714.1683349609375,714.1754836185872,712.7399982910156,714.1683349609375,0
2016-10-24,714.1683349609375,714.1754836185872,713.5184609554484,714.1683349609375,0
2016-10-25,714.1610717773438,714.1753690903505,714.1610717773438,714.1682204338471,0
2016-10-26,714.1683349609375,714.1754836185872,714.1611863032876,714.1683349609375,0
2016-10-27,714.1610717773438,714.1753690903505,714.1610717773438,714.1610717773438,0
2016-10-28,714.1683349609375,714.1754836185872,714.1611863032876,714.1683349609375,0
2016-11-01,716.6432495117188,716.6504229426831,716.6360760807544,716.6432495117188,0
2016-11-02,716.6432495117188,716.6504229426831,716.6360760807544,716.6360760807544,0
2016-11-03,716.6432495117188,716.6504229426831,716.6360760807544,716.6360760807544,0
2016-11-04,716.6432495117188,716.6504229426831,716.6360760807544,716.6432495117188,0
2016-11-07,716.6432495117188,716.6504229426831,714.9232882167175,716.6360760807544,0
2016-11-08,716.6432495117188,716.6504229426831,716.6360760807544,716.6432495117188,0
2016-11-09,716.6359252929688,716.6502721518787,716.6359252929688,716.6430987224237,0
2016-11-10,716.6432495117188,716.6504229426831,716.6360760807544,716.6432495117188,0
2016-11-11,716.6432495117188,716.6504229426831,716.6360760807544,716.6432495117188,0
2016-11-15,716.6359252929688,716.6502721518787,716.6359252929688,716.6359252929688,0
2016-11-16,716.6359252929688,716.6502721518787,716.6359252929688,716.6430987224237,0
2016-11-17,716.6432495117188,716.6504229426831,716.6360760807544,716.6432495117188,0
2016-11-18,716.6432495117188,716.6504229426831,716.6360760807544,716.6432495117188,0
2016-11-21,716.6432495117188,716.6504229426831,716.6360760807544,716.6360760807544,0
2016-11-22,716.6432495117188,716.6504229426831,716.6360760807544,716.6432495117188,0
2016-11-23,716.6359252929688,716.6502721518787,716.6359252929688,716.6359252929688,0
2016-11-24,716.6432495117188,716.6504229426831,716.6360760807544,716.6432495117188,0
2016-11-25,716.6432495117188,716.6504229426831,716.6360760807544,716.6360760807544,0
2016-11-28,716.6432495117188,716.6504229426831,716.6360760807544,716.6360760807544,0
2016-11-29,716.6359252929688,716.6502721518787,716.6359252929688,716.6430987224237,0
2016-11-30,718.9734497070312,718.9878433625527,718.9734497070312,718.9734497070312,0
2016-12-01,718.98095703125,718.9881538621187,718.9737602003812,718.98095703125,0
2016-12-02,718.98095703125,718.9881538621187,718.9737602003812,718.9737602003812,0
2016-12-05,718.9734497070312,718.9878433625527,718.9734497070312,718.980646534792,0
2016-12-06,718.98095703125,718.9881538621187,718.9737602003812,718.9737602003812,0
2016-12-07,718.98095703125,718.9881538621187,718.9737602003812,718.98095703125,0
2016-12-08,718.98095703125,718.9881538621187,718.9737602003812,718.9737602003812,0
2016-12-09,718.98095703125,718.9881538621187,718.9737602003812,718.98095703125,0
2016-12-12,718.98095703125,718.9881538621187,718.9737602003812,718.9737602003812,0
2016-12-13,718.98095703125,718.9881538621187,718.2619760742188,718.2619760742188,0
2016-12-14,718.98095703125,718.9881538621187,718.9737602003812,718.98095703125,0
2016-12-15,718.9734497070312,718.9878433625527,718.9734497070312,718.9734497070312,0
2016-12-16,718.98095703125,718.9881538621187,718.9737602003812,718.9737602003812,0
2016-12-19,718.98095703125,718.9881538621187,718.2619760742188,718.9737602003812,0
2016-12-20,718.98095703125,718.9881538621187,718.2619760742188,718.98095703125,0
2016-12-21,718.98095703125,718.9881538621187,718.9737602003812,718.9737602003812,0
2016-12-22,718.98095703125,718.9881538621187,718.9737602003812,718.98095703125,0
2016-12-23,718.9734497070312,718.9878433625527,718.9734497070312,718.980646534792,0
2016-12-26,718.98095703125,718.9881538621187,718.9737602003812,718.9737602003812,0
2016-12-27,718.98095703125,718.9881538621187,718.9737602003812,718.9737602003812,0
2016-12-28,719.00244140625,721.1305966397744,718.9664572572173,718.9736540870239,0
2016-12-29,718.98095703125,718.9881538621187,718.9737602003812,718.98095703125,0
2016-12-30,721.315673828125,721.3228940289616,721.3084536272884,721.315673828125,0
2017-01-02,721.3082885742188,721.3227289725877,721.3082885742188,721.3155087734033,0
2017-01-03,721.315673828125,721.3228940289616,721.3084536272884,721.3084536272884,0
2017-01-04,721.3082885742188,721.3227289725877,721.3082885742188,721.3082885742188,0
2017-01-05,721.315673828125,721.3228940289616,721.3084536272884,721.3084536272884,0
2017-01-06,721.3082885742188,721.3227289725877,721.3082885742188,721.3155087734033,0
2017-01-09,721.3082885742188,721.3227289725877,720.9548510190165,721.3155087734033,0
2017-01-10,721.3082885742188,721.3227289725877,721.3082885742188,721.3082885742188,0
2017-01-11,721.3082885742188,721.3227289725877,721.3082885742188,721.3082885742188,0
2017-01-12,721.315673828125,721.3228940289616,721.3084536272884,721.3084536272884,0
2017-01-13,721.315673828125,721.3228940289616,721.3084536272884,721.315673828125,0
2017-01-16,721.3082885742188,721.3227289725877,721.3082885742188,721.3082885742188,0
2017-01-17,721.315673828125,721.3228940289616,721.3084536272884,721.3084536272884,0
2017-01-18,721.315673828125,721.3228940289616,721.3084536272884,721.315673828125,0
2017-01-19,721.315673828125,721.3228940289616,721.3084536272884,721.3084536272884,0
2017-01-20,721.315673828125,721.3228940289616,721.3084536272884,721.3084536272884,0
2017-01-23,721.315673828125,721.3228940289616,721.3084536272884,721.3084536272884,0
2017-01-24,721.315673828125,721.3228940289616,721.3084536272884,721.315673828125,0
2017-01-25,721.315673828125,721.3228940289616,721.3084536272884,721.3084536272884,0
2017-01-27,721.3082885742188,721.3227289725877,719.8728777558564,721.3082885742188,0
2017-01-30,721.315673828125,721.3228940289616,721.3084536272884,721.3084536272884,0
2017-01-31,723.7969970703125,723.8042421086133,723.7897520320117,723.7969970703125,0
2017-02-01,723.7899780273438,723.8044681084697,702.0833063758695,702.0833063758695,0
2017-02-02,723.7969970703125,723.8042421086133,723.7897520320117,723.7897520320117,0
2017-02-03,723.7969970703125,723.8042421086133,723.7897520320117,723.7897520320117,0
2017-02-06,723.7969970703125,723.8042421086133,723.7897520320117,723.7969970703125,0
2017-02-07,723.7969970703125,723.8042421086133,723.7897520320117,723.7969970703125,0
2017-02-08,723.7969970703125,723.8042421086133,723.7897520320117,723.7897520320117,0
2017-02-09,723.7969970703125,723.8042421086133,723.7969970703125,723.7969970703125,0
2017-02-10,723.7969970703125,723.8042421086133,723.7897520320117,723.7969970703125,0
2017-02-13,723.7969970703125,723.8042421086133,723.7897520320117,723.7897520320117,0
2017-02-14,723.7899780273438,723.7972230679068,723.7899780273438,723.7899780273438,0
2017-02-15,723.7969970703125,723.8042421086133,723.7897520320117,723.7969970703125,0
2017-02-16,723.7899780273438,723.8044681084697,723.7899780273438,723.7972230679068,0
2017-02-17,723.7969970703125,723.8042421086133,723.7897520320117,723.7969970703125,0
2017-02-20,723.7899780273438,723.8044681084697,723.7899780273438,723.7972230679068,0
2017-02-21,723.7899780273438,723.8044681084697,723.7899780273438,723.7972230679068,0
2017-02-22,723.7899780273438,723.8044681084697,723.7899780273438,723.7972230679068,0
2017-02-23,723.7969970703125,723.8042421086133,723.7246350414306,723.7969970703125,0
2017-02-27,723.7969970703125,723.8042421086133,723.7897520320117,723.7969970703125,0
2017-02-28,725.8906860351562,725.8979520307929,725.8834200395197,725.8906860351562,0
2017-03-01,725.8906860351562,725.8979520307929,725.8834200395197,725.8906860351562,0
2017-03-02,725.8906860351562,725.8979520307929,725.8834200395197,725.8834200395197,0
2017-03-03,725.8906860351562,725.8979520307929,725.8834200395197,725.8906860351562,0
2017-03-06,725.8906860351562,725.8979520307929,725.8834200395197,725.8906860351562,0
2017-03-07,725.8833618164062,725.8978938065138,725.8833618164062,725.89062781146,0
2017-03-08,725.8906860351562,725.8979520307929,725.8834200395197,725.8834200395197,0
2017-03-09,725.8833618164062,725.8978938065138,725.8833618164062,725.89062781146,0
2017-03-10,725.8906860351562,725.8979520307929,725.8834200395197,725.8906860351562,0
2017-03-14,725.8906860351562,725.8979520307929,725.8834200395197,725.8906860351562,0
2017-03-15,725.8906860351562,725.8979520307929,725.8834200395197,725.8834200395197,0
2017-03-16,725.8906860351562,725.8979520307929,725.8834200395197,725.8834200395197,0
2017-03-17,725.8906860351562,725.8979520307929,725.8834200395197,725.8906860351562,0
2017-03-20,725.8833618164062,726.6165184392715,725.8833618164062,726.6165184392715,0
2017-03-21,725.8906860351562,725.8979520307929,722.6604636213295,725.1647953491212,0
2017-03-22,725.8833618164062,725.8978938065138,725.8833618164062,725.8833618164062,0
2017-03-23,725.8906860351562,725.8979520307929,725.8834200395197,725.8979520307929,0
2017-03-24,725.8833618164062,725.8978938065138,725.8833618164062,725.89062781146,0
2017-03-27,725.8833618164062,725.89062781146,725.8833618164062,725.89062781146,0
2017-03-28,725.8833618164062,725.8978938065138,725.8833618164062,725.8833618164062,0
2017-03-29,725.8833618164062,725.8978938065138,725.8833618164062,725.8833618164062,0
2017-03-30,725.8906860351562,725.8979520307929,725.8834200395197,725.8834200395197,0
2017-03-31,728.167236328125,728.1745251114965,728.1599475447535,728.167236328125,0
2017-04-03,728.167236328125,728.1745251114965,728.1599475447535,728.167236328125,0
2017-04-05,728.167236328125,728.1745251114965,728.1599475447535,728.1599475447535,0
2017-04-06,728.159912109375,728.1744896754085,728.159912109375,728.159912109375,0
2017-04-07,728.167236328125,728.1745251114965,728.1599475447535,728.167236328125,0
2017-04-10,728.167236328125,728.1745251114965,727.4390690917968,728.1599475447535,0
2017-04-11,728.167236328125,728.1745251114965,728.1599475447535,728.1599475447535,0
2017-04-12,728.159912109375,728.1744896754085,728.159912109375,728.159912109375,0
2017-04-13,728.159912109375,728.1744896754085,728.159912109375,728.1672008923917,0
2017-04-17,728.167236328125,728.1745251114965,728.1599475447535,728.1599475447535,0
2017-04-18,728.167236328125,728.1745251114965,728.1599475447535,728.167236328125,0
2017-04-19,728.159912109375,728.1744896754085,728.159912109375,728.1672008923917,0
2017-04-20,728.159912109375,728.1744896754085,728.159912109375,728.1672008923917,0
2017-04-21,728.167236328125,728.1745251114965,728.1599475447535,728.167236328125,0
2017-04-24,728.167236328125,728.1745251114965,728.1599475447535,728.1599475447535,0
2017-04-25,728.167236328125,728.1745251114965,712.1475571289062,728.167236328125,0
2017-04-26,728.159912109375,728.1744896754085,728.159912109375,728.1672008923917,0
2017-04-27,728.167236328125,728.1745251114965,728.1599475447535,728.1599475447535,0
2017-04-28,730.2686157226562,730.2832355043702,730.2686157226562,730.2686157226562,0
2017-05-02,730.2686157226562,730.2832355043702,730.2686157226562,730.2686157226562,0
2017-05-03,730.2763671875,730.283677082777,730.269057292223,730.2763671875,0
2017-05-04,730.2763671875,730.283677082777,730.269057292223,730.2763671875,0
2017-05-05,730.2763671875,730.283677082777,730.269057292223,730.2763671875,0
2017-05-08,730.2686157226562,730.2832355043702,715.6704071012429,722.9731663573781,0
2017-05-09,730.2763671875,730.283677082777,716.0797928264737,722.973603515625,0
2017-05-10,730.2763671875,730.283677082777,730.269057292223,730.2763671875,0
2017-05-11,730.2763671875,730.283677082777,730.269057292223,730.2763671875,0
2017-05-12,730.2763671875,730.283677082777,730.269057292223,730.2763671875,0
2017-05-15,730.2763671875,730.283677082777,730.269057292223,730.2763671875,0
2017-05-16,730.2763671875,730.283677082777,730.269057292223,730.2763671875,0
2017-05-17,730.2763671875,730.283677082777,730.2617473969459,730.2617473969459,0
2017-05-18,730.2763671875,730.283677082777,730.269057292223,730.2763671875,0
2017-05-19,730.2686157226562,730.2832355043702,730.2686157226562,730.2686157226562,0
2017-05-22,730.2763671875,730.283677082777,716.0797928264737,716.0797928264737,0
2017-05-23,730.2763671875,730.283677082777,730.269057292223,730.269057292223,0
2017-05-24,730.2686157226562,730.2832355043702,730.2686157226562,730.2759256135132,0
2017-05-25,730.2686157226562,730.2832355043702,730.2686157226562,730.2759256135132,0
2017-05-26,730.2686157226562,730.2832355043702,730.2686157226562,730.2759256135132,0
2017-05-29,730.2763671875,730.283677082777,730.269057292223,730.269057292223,0
2017-05-30,730.2686157226562,730.2832355043702,730.2686157226562,730.2759256135132,0
2017-05-31,732.794921875,732.8095922326852,732.794921875,732.8022570538426,0
2017-06-01,732.802490234375,732.8098254155517,732.7951550531984,732.7951550531984,0
2017-06-02,732.802490234375,732.8098254155517,732.7951550531984,732.802490234375,0
2017-06-05,732.802490234375,732.8098254155517,732.7951550531984,732.802490234375,0
2017-06-06,732.802490234375,732.8098254155517,732.7951550531984,732.802490234375,0
2017-06-07,732.802490234375,732.8098254155517,732.7951550531984,732.802490234375,0
2017-06-08,732.802490234375,732.8098254155517,732.7951550531984,732.7951550531984,0
2017-06-09,732.802490234375,732.8098254155517,732.7951550531984,732.802490234375,0
2017-06-12,732.802490234375,732.8098254155517,732.7951550531984,732.802490234375,0
2017-06-13,732.802490234375,732.8098254155517,732.7951550531984,732.7951550531984,0
2017-06-14,732.794921875,732.8095922326852,732.794921875,732.794921875,0
2017-06-15,732.802490234375,732.8098254155517,732.7951550531984,732.7951550531984,0
2017-06-16,732.802490234375,747.0481724335999,732.7951550531984,732.802490234375,0
2017-06-19,732.794921875,732.8095922326852,732.794921875,732.794921875,0
2017-06-20,732.802490234375,732.8098254155517,732.7951550531984,732.802490234375,0
2017-06-21,732.802490234375,732.8098254155517,732.780484690845,732.7951550531984,0
2017-06-22,732.802490234375,732.8098254155517,732.7951550531984,732.7951550531984,0
2017-06-23,732.802490234375,732.8098254155517,732.7951550531984,732.802490234375,0
2017-06-27,732.802490234375,732.8098254155517,732.0696877441407,732.802490234375,0
2017-06-28,732.802490234375,732.8098254155517,732.7951550531984,732.802490234375,0
2017-06-29,732.794921875,732.8095922326852,732.794921875,732.8022570538426,0
2017-06-30,735.1527099609375,735.1600686672627,735.1453512546123,735.1527099609375,0
2017-07-03,735.1527099609375,735.1600686672627,727.8011828613281,727.8011828613281,0
2017-07-04,735.1444091796875,735.159126573478,735.1444091796875,735.1444091796875,0
2017-07-05,735.1527099609375,735.1600686672627,735.1453512546123,735.1453512546123,0
2017-07-06,735.1527099609375,735.1600686672627,735.1453512546123,735.1527099609375,0
2017-07-07,735.1527099609375,735.1600686672627,735.1453512546123,735.1527099609375,0
2017-07-10,735.1527099609375,735.1600686672627,735.1453512546123,735.1453512546123,0
2017-07-11,735.1527099609375,735.1600686672627,734.4175572509765,734.4175572509765,0
2017-07-12,735.1444091796875,735.159126573478,735.1444091796875,735.1517678765828,0
2017-07-13,735.1527099609375,735.1600686672627,735.1453512546123,735.1527099609375,0
2017-07-14,735.1527099609375,735.1600686672627,735.1453512546123,735.1527099609375,0
2017-07-17,735.1527099609375,735.1600686672627,735.1453512546123,735.1527099609375,0
2017-07-18,735.1527099609375,735.1600686672627,735.1453512546123,735.1453512546123,0
2017-07-19,735.1527099609375,735.1600686672627,735.1453512546123,735.1527099609375,0
2017-07-20,735.1527099609375,735.1600686672627,734.086729557462,735.1527099609375,0
2017-07-21,735.1527099609375,735.1600686672627,735.1453512546123,735.1527099609375,0
2017-07-24,735.1527099609375,735.1600686672627,735.1453512546123,735.1453512546123,0
2017-07-25,735.1527099609375,735.1600686672627,735.1453512546123,735.1527099609375,0
2017-07-26,735.1527099609375,735.1600686672627,735.1453512546123,735.1527099609375,0
2017-07-27,735.1527099609375,735.1600686672627,733.792695395574,735.1453512546123,0
2017-07-28,735.1527099609375,735.1600686672627,735.1453512546123,735.1453512546123,0
2017-07-31,737.6034545898438,737.6108378275484,737.5960713521391,737.6034545898438,0
2017-08-01,737.6034545898438,737.6108378275484,737.5960713521391,737.6034545898438,0
2017-08-02,737.6034545898438,737.6108378275484,737.5960713521391,737.5960713521391,0
2017-08-03,737.6034545898438,737.6108378275484,737.5960713521391,737.6034545898438,0
2017-08-04,737.6034545898438,737.6108378275484,737.5960713521391,737.6034545898438,0
2017-08-07,737.6034545898438,737.6108378275484,737.5960713521391,737.6034545898438,0
2017-08-08,737.6034545898438,737.6108378275484,737.5960713521391,737.5960713521391,0
2017-08-09,737.6034545898438,737.6108378275484,737.5960713521391,737.6034545898438,0
2017-08-10,737.6034545898438,737.6108378275484,737.5960713521391,737.6034545898438,0
2017-08-11,737.6034545898438,737.6108378275484,737.5960713521391,737.5960713521391,0
2017-08-14,737.6034545898438,737.6108378275484,737.5960713521391,737.5960713521391,0
2017-08-16,737.6034545898438,737.6108378275484,737.5960713521391,737.5960713521391,0
2017-08-17,737.6034545898438,737.6108378275484,737.5960713521391,737.5960713521391,0
2017-08-18,737.6034545898438,737.6108378275484,726.9524589047768,726.9524589047768,0
2017-08-21,737.6034545898438,737.6108378275484,737.5960713521391,737.5960713521391,0
2017-08-22,737.6034545898438,737.6108378275484,736.5339205767401,736.8658511352539,0
2017-08-23,737.5953369140625,737.6101033747685,737.5953369140625,737.6027201444156,0
2017-08-24,737.6034545898438,737.6108378275484,737.5960713521391,737.6034545898438,0
2017-08-28,737.5953369140625,737.6101033747685,726.9517350647423,726.9517350647423,0
2017-08-29,737.5953369140625,737.6101033747685,737.5953369140625,737.5953369140625,0
2017-08-30,737.6034545898438,737.6108378275484,731.5182260894776,731.5182260894776,0
2017-08-31,739.9520263671875,739.9594331135452,739.9446196208298,739.9520263671875,0
2017-09-01,739.9439086914062,739.958722169889,739.9439086914062,739.9513154306476,0
2017-09-04,739.9520263671875,739.9594331135452,739.9446196208298,739.9446196208298,0
2017-09-05,739.9439086914062,739.958722169889,739.9439086914062,739.9513154306476,0
2017-09-06,739.9520263671875,739.9594331135452,739.2120743408203,739.9520263671875,0
2017-09-07,739.9520263671875,739.9594331135452,739.9446196208298,739.9446196208298,0
2017-09-08,739.9520263671875,739.9594331135452,739.9446196208298,739.9520263671875,0
2017-09-11,739.9520263671875,739.9594331135452,739.9446196208298,739.9446196208298,0
2017-09-12,739.9439086914062,739.9513154306476,739.9439086914062,739.9439086914062,0
2017-09-13,739.9520263671875,739.9594331135452,739.9446196208298,739.9446196208298,0
2017-09-14,739.9520263671875,739.9594331135452,739.9446196208298,739.9446196208298,0
2017-09-15,739.9520263671875,739.9594331135452,739.9446196208298,739.9520263671875,0
2017-09-18,739.9439086914062,739.958722169889,737.9164493132133,739.9439086914062,0
2017-09-19,739.9520263671875,739.9594331135452,739.9446196208298,739.9446196208298,0
2017-09-20,739.9439086914062,739.958722169889,739.9439086914062,739.9439086914062,0
2017-09-21,739.9520263671875,739.9594331135452,739.9446196208298,739.9520263671875,0
2017-09-22,739.9520263671875,739.9594331135452,739.9446196208298,739.9520263671875,0
2017-09-25,739.9520263671875,739.9594331135452,739.9446196208298,739.9520263671875,0
2017-09-26,739.9520263671875,739.9594331135452,738.8790868963375,739.9520263671875,0
2017-09-27,739.9520263671875,739.9594331135452,739.9446196208298,739.9520263671875,0
2017-09-28,739.9439086914062,739.958722169889,739.9439086914062,739.9439086914062,0
2017-09-29,742.1492309570312,742.1566596968919,742.1418022171706,742.1492309570312,0
2017-10-03,742.1492309570312,742.1566596968919,742.1418022171706,742.1492309570312,0
2017-10-04,742.1492309570312,742.1566596968919,742.1418022171706,742.1492309570312,0
2017-10-05,742.1492309570312,742.1566596968919,742.1418022171706,742.1492309570312,0
2017-10-06,742.1414184570312,742.1562759290698,742.1414184570312,742.1414184570312,0
2017-10-09,742.1492309570312,742.1566596968919,742.1418022171706,742.1418022171706,0
2017-10-10,742.1492309570312,742.1566596968919,742.1418022171706,742.1418022171706,0
2017-10-11,742.1492309570312,742.1566596968919,742.1418022171706,742.1492309570312,0
2017-10-12,742.1414184570312,742.1562759290698,742.1414184570312,742.1488471930505,0
2017-10-13,742.1414184570312,742.1562759290698,742.1414184570312,742.1414184570312,0
2017-10-16,742.1492309570312,742.1566596968919,742.1418022171706,742.1492309570312,0
2017-10-17,742.1492309570312,742.1566596968919,742.1418022171706,742.1418022171706,0
2017-10-18,742.1492309570312,742.1566596968919,740.3309562817476,742.1492309570312,0
2017-10-19,742.8021240234375,745.859774400189,731.4323954596056,731.4323954596056,0
2017-10-23,742.1492309570312,742.1566596968919,742.1418022171706,742.1492309570312,0
2017-10-24,742.1414184570312,742.1562759290698,742.1414184570312,742.1488471930505,0
2017-10-25,742.1492309570312,742.1566596968919,742.1418022171706,742.1418022171706,0
2017-10-26,742.1414184570312,742.1562759290698,742.1414184570312,742.1414184570312,0
2017-10-27,742.1414184570312,742.1562759290698,742.1414184570312,742.1488471930505,0
2017-10-30,742.1492309570312,742.1566596968919,742.1418022171706,742.1418022171706,0
2017-10-31,744.5538330078125,744.5612858171761,744.5463801984489,744.5463801984489,0
2017-11-01,744.5538330078125,744.5612858171761,743.8167319841683,743.8167319841683,0
2017-11-02,744.5538330078125,744.5612858171761,743.8092791748047,743.8092791748047,0
2017-11-03,744.5538330078125,744.5612858171761,744.5463801984489,744.5538330078125,0
2017-11-06,744.5538330078125,744.5612858171761,743.9209804273397,744.2559932970256,0
2017-11-07,744.5538330078125,744.5612858171761,744.5463801984489,744.5463801984489,0
2017-11-08,744.5462646484375,744.5611702648514,744.5462646484375,744.5537174566444,0
2017-11-09,744.5538330078125,744.5612858171761,744.5463801984489,744.5463801984489,0
2017-11-10,744.5538330078125,744.5612858171761,744.5463801984489,744.5463801984489,0
2017-11-13,744.5538330078125,744.5612858171761,744.5463801984489,744.5463801984489,0
2017-11-14,744.5538330078125,744.5612858171761,744.5463801984489,744.5538330078125,0
2017-11-15,744.5538330078125,744.5612858171761,744.5463801984489,744.5463801984489,0
2017-11-16,744.5538330078125,744.5612858171761,744.5463801984489,744.5463801984489,0
2017-11-17,744.5538330078125,744.5612858171761,743.4742208611593,744.5463801984489,0
2017-11-20,744.5538330078125,744.5612858171761,744.516614404954,744.516614404954,0
2017-11-21,744.5538330078125,744.5612858171761,744.5463801984489,744.5463801984489,0
2017-11-22,744.5538330078125,744.5612858171761,744.5463801984489,744.5463801984489,0
2017-11-23,744.5538330078125,744.5612858171761,744.5463801984489,744.5538330078125,0
2017-11-24,744.5538330078125,744.5612858171761,744.5463801984489,744.5538330078125,0
2017-11-27,744.5538330078125,744.5612858171761,744.5463801984489,744.5463801984489,0
2017-11-28,744.5462646484375,744.5611702648514,744.4792802624797,744.5462646484375,0
2017-11-29,744.5538330078125,744.5612858171761,744.5463801984489,744.5538330078125,0
2017-11-30,746.8937377929688,746.9012140242309,746.8862615617066,746.8937377929688,0
2017-12-01,746.8937377929688,746.9012140242309,746.8862615617066,746.8937377929688,0
2017-12-04,746.885986328125,746.900938785139,746.885986328125,746.885986328125,0
2017-12-05,746.8937377929688,746.9012140242309,746.8564022234343,746.8564022234343,0
2017-12-06,746.8937377929688,746.9012140242309,736.1085903957672,746.5949620631411,0
2017-12-07,746.8937377929688,746.9012140242309,746.8862615617066,746.8937377929688,0
2017-12-08,746.8937377929688,746.9012140242309,746.8862615617066,746.8937377929688,0
2017-12-11,746.8937377929688,746.9012140242309,746.8862615617066,746.8937377929688,0
2017-12-12,746.8937377929688,746.9012140242309,746.1543202864378,746.8937377929688,0
2017-12-13,746.8937377929688,746.9012140242309,746.8862615617066,746.8937377929688,0
2017-12-14,746.8937377929688,746.9012140242309,746.8862615617066,746.8862615617066,0
2017-12-15,746.8937377929688,746.9012140242309,746.8862615617066,746.8937377929688,0
2017-12-18,746.8937377929688,746.9012140242309,746.8862615617066,746.8937377929688,0
2017-12-19,746.8937377929688,746.9012140242309,746.1543202864378,746.8937377929688,0
2017-12-20,746.8937377929688,746.9012140242309,746.8862615617066,746.8862615617066,0
2017-12-21,746.8937377929688,746.9012140242309,746.8862615617066,746.8862615617066,0
2017-12-22,746.8937377929688,746.9012140242309,746.8862615617066,746.8937377929688,0
2017-12-26,746.885986328125,746.900938785139,746.885986328125,746.885986328125,0
2017-12-27,746.8937377929688,746.9012140242309,746.8862615617066,746.8862615617066,0
2017-12-28,746.8937377929688,746.9012140242309,746.8862615617066,746.8937377929688,0
2017-12-29,746.8937377929688,746.9012140242309,746.5949620631411,746.8862615617066,0
2018-01-01,749.34912109375,749.3566219028235,738.5285179556906,738.5285179556906,0
2018-01-02,749.34912109375,749.3566219028235,749.3416202846765,749.34912109375,0
2018-01-03,749.34912109375,749.3566219028235,749.3416202846765,749.34912109375,0
2018-01-04,749.34912109375,749.3566219028235,749.3416202846765,749.3416202846765,0
2018-01-05,749.34912109375,749.3566219028235,749.3416202846765,749.34912109375,0
2018-01-08,749.3413696289062,749.3563712420352,749.3413696289062,749.3413696289062,0
2018-01-09,749.34912109375,749.3566219028235,749.3416202846765,749.3416202846765,0
2018-01-10,749.34912109375,749.3566219028235,749.3416202846765,749.3416202846765,0
2018-01-11,749.34912109375,749.3566219028235,749.3416202846765,749.34912109375,0
2018-01-12,749.34912109375,749.3566219028235,749.3416202846765,749.3416202846765,0
2018-01-15,749.34912109375,749.3566219028235,749.3416202846765,749.3416202846765,0
2018-01-16,749.34912109375,749.3566219028235,739.6075825195312,739.6075825195312,0
2018-01-17,749.3413696289062,749.3563712420352,748.9816968068174,749.1615332178618,0
2018-01-18,749.34912109375,749.3566219028235,749.3416202846765,749.3416202846765,0
2018-01-19,749.34912109375,749.3566219028235,749.3416202846765,749.34912109375,0
2018-01-22,749.34912109375,749.3566219028235,749.3416202846765,749.34912109375,0
2018-01-23,749.34912109375,749.3566219028235,749.3416202846765,749.3416202846765,0
2018-01-24,749.3413696289062,749.3563712420352,749.3413696289062,749.3413696289062,0
2018-01-25,749.34912109375,749.3566219028235,749.3416202846765,749.3416202846765,0
2018-01-29,749.3413696289062,760.169469954024,749.3413696289062,760.169469954024,0
2018-01-30,749.34912109375,749.3566219028235,749.3416202846765,749.3416202846765,0
2018-01-31,751.7698974609375,751.777422501415,751.76237242046,751.7698974609375,0
2018-02-01,751.7698974609375,751.777422501415,751.5819549865722,751.5819549865722,0
2018-02-02,751.7698974609375,751.777422501415,751.76237242046,751.76237242046,0
2018-02-05,751.7698974609375,751.777422501415,751.76237242046,751.76237242046,0
2018-02-06,751.7698974609375,751.777422501415,751.76237242046,751.76237242046,0
2018-02-07,751.7698974609375,751.777422501415,751.76237242046,751.7698974609375,0
2018-02-08,751.7698974609375,751.777422501415,751.4691711481959,751.76237242046,0
2018-02-09,751.7698974609375,751.777422501415,751.76237242046,751.76237242046,0
2018-02-12,751.7698974609375,751.777422501415,751.76237242046,751.76237242046,0
2018-02-14,751.7698974609375,751.777422501415,751.76237242046,751.76237242046,0
2018-02-15,751.7698974609375,762.6254566156491,751.76237242046,751.7698974609375,0
2018-02-16,751.7698974609375,751.777422501415,751.76237242046,751.76237242046,0
2018-02-19,751.7698974609375,751.777422501415,751.76237242046,751.76237242046,0
2018-02-20,751.7620239257812,751.7770739997595,751.7620239257812,751.7695489627704,0
2018-02-21,751.7698974609375,751.777422501415,751.76237242046,751.76237242046,0
2018-02-22,751.7698974609375,751.777422501415,751.76237242046,751.7698974609375,0
2018-02-23,751.7620239257812,751.7770739997595,751.7620239257812,751.7695489627704,0
2018-02-26,751.7620239257812,751.7770739997595,751.7620239257812,751.7620239257812,0
2018-02-27,751.7698974609375,751.777422501415,751.7323181429431,751.7323181429431,0
2018-02-28,753.9765625,753.9841096286774,753.9690153713226,753.9690153713226,0
2018-03-01,753.9765625,753.9841096286774,753.9690153713226,753.9765625,0
2018-03-05,753.9765625,753.9841096286774,753.9690153713226,753.9690153713226,0
2018-03-06,753.9765625,753.9841096286774,753.9690153713226,753.9765625,0
2018-03-07,753.9688720703125,753.9839663247984,753.9688720703125,753.9688720703125,0
2018-03-08,753.9992065429688,764.863988598485,753.9690180281528,753.9765651568569,0
2018-03-09,753.9765625,753.9841096286774,753.788068359375,753.9690153713226,0
2018-03-12,753.9688720703125,753.9839663247984,753.9688720703125,753.9764191975554,0
2018-03-13,753.96142578125,753.984067166007,752.883244879885,753.9689729095023,0
2018-03-14,753.9688720703125,753.9839663247984,753.9688720703125,753.9688720703125,0
2018-03-15,753.9765625,753.9841096286774,753.9690153713226,753.9765625,0
2018-03-16,753.9688720703125,753.9839663247984,753.9688720703125,753.9764191975554,0
2018-03-19,753.9765625,753.9841096286774,753.9690153713226,753.9765625,0
2018-03-20,753.9765625,753.9841096286774,753.9690153713226,753.9765625,0
2018-03-21,753.9765625,753.9841096286774,753.9690153713226,753.9690153713226,0
2018-03-22,753.9765625,753.9841096286774,753.9690153713226,753.9690153713226,0
2018-03-23,753.9765625,753.9841096286774,753.9011832513809,753.9011832513809,0
2018-03-26,753.9688720703125,753.9839663247984,753.2224427783578,753.9688720703125,0
2018-03-27,753.9765625,754.35355078125,752.8832872805596,753.9765625,0
2018-03-28,753.9765625,754.3158611569405,753.2602755618095,753.9765625,0
2018-04-02,756.482421875,756.4899940867424,756.2933012695313,756.482421875,0
2018-04-03,756.4746704101562,756.4898148300524,745.5586371897896,745.5586371897896,0
2018-04-04,756.482421875,756.4899940867424,756.4748496632576,756.4748496632576,0
2018-04-05,756.4746704101562,756.4898148300524,756.4746704101562,756.4822426201043,0
2018-04-06,756.482421875,756.4899940867424,756.4748496632576,756.482421875,0
2018-04-09,756.482421875,756.4899940867424,756.4748496632576,756.482421875,0
2018-04-10,756.482421875,756.4899940867424,756.4748496632576,756.482421875,0
2018-04-11,756.482421875,756.4899940867424,755.8772451719046,756.482421875,0
2018-04-12,756.482421875,756.4899940867424,756.4748496632576,756.482421875,0
2018-04-13,756.482421875,756.4899940867424,756.4748496632576,756.482421875,0
2018-04-16,756.4746704101562,756.4898148300524,756.4746704101562,756.4746704101562,0
2018-04-17,756.4746704101562,756.4898148300524,756.4746704101562,756.4746704101562,0
2018-04-18,756.482421875,756.4899940867424,756.4748496632576,756.482421875,0
2018-04-19,756.4746704101562,756.4898148300524,755.3853341339028,756.4746704101562,0
2018-04-20,756.482421875,756.4899940867424,756.4748496632576,756.4748496632576,0
2018-04-23,756.482421875,756.4899940867424,754.6290307070017,756.482421875,0
2018-04-24,756.4746704101562,756.4898148300524,755.3853341339028,756.4746704101562,0
2018-04-25,756.482421875,756.4899940867424,756.4748496632576,756.4748496632576,0
2018-04-26,756.482421875,756.4899940867424,756.4748496632576,756.482421875,0
2018-04-27,756.482421875,756.4899940867424,756.4748496632576,756.4748496632576,0
2018-04-30,758.8021850585938,758.8173760747086,758.8021850585938,758.8021850585938,0
2018-05-02,758.8098754882812,758.8174709972889,758.8022799792737,758.8098754882812,0
2018-05-03,758.8098754882812,758.8174709972889,758.8022799792737,758.8098754882812,0
2018-05-04,758.8098754882812,758.8174709972889,758.8022799792737,758.8098754882812,0
2018-05-07,758.8021850585938,758.8173760747086,749.7799256522786,749.7799256522786,0
2018-05-08,758.8098754882812,758.8174709972889,758.8022799792737,758.8022799792737,0
2018-05-09,758.8098754882812,758.8174709972889,758.8022799792737,758.8098754882812,0
2018-05-10,758.8098754882812,758.8174709972889,758.8022799792737,758.8098754882812,0
2018-05-11,758.8098754882812,758.8174709972889,758.7340130263642,758.7340130263642,0
2018-05-14,758.8098754882812,758.8174709972889,758.8022799792737,758.8022799792737,0
2018-05-15,758.8021850585938,758.8173760747086,749.7799256522786,749.7799256522786,0
2018-05-16,758.8098754882812,758.8174709972889,758.8022799792737,758.8098754882812,0
2018-05-17,758.8098754882812,758.8174709972889,758.1269280747101,758.8098754882812,0
2018-05-18,758.8098754882812,758.8174709972889,758.8022799792737,758.8098754882812,0
2018-05-21,758.8098754882812,758.8174709972889,758.1269280747101,758.1269280747101,0
2018-05-22,758.8021850585938,758.8173760747086,757.7854058885156,758.7718493404375,0
2018-05-23,758.8098754882812,758.8174709972889,758.8022799792737,758.8022799792737,0
2018-05-24,758.8098754882812,758.8174709972889,758.8022799792737,758.8022799792737,0
2018-05-25,758.8098754882812,758.8174709972889,758.8022799792737,758.8098754882812,0
2018-05-28,758.8098754882812,758.8174709972889,758.8022799792737,758.8098754882812,0
2018-05-29,758.8098754882812,758.8174709972889,758.8022799792737,758.8174709972889,0
2018-05-30,758.8098754882812,758.8174709972889,758.8022799792737,758.8098754882812,0
2018-05-31,761.3712158203125,761.3788369677366,761.3635946728886,761.3712158203125,0
2018-06-01,761.3712158203125,761.3788369677366,761.3635946728886,761.3712158203125,0
2018-06-04,761.3712158203125,761.3788369677366,761.3635946728886,761.3712158203125,0
2018-06-05,761.3712158203125,761.3788369677366,761.3635946728886,761.3712158203125,0
2018-06-06,761.363525390625,761.3787676840859,761.363525390625,761.3711465373555,0
2018-06-07,761.3712158203125,761.3788369677366,761.3635946728886,761.3635946728886,0
2018-06-08,761.3712158203125,772.3654180355743,761.3635946728886,772.3654180355743,0
2018-06-11,761.3712158203125,761.3788369677366,760.6098446044922,761.3712158203125,0
2018-06-12,761.3712158203125,772.3654180355743,761.3635946728886,772.3654180355743,0
2018-06-13,761.3712158203125,761.3788369677366,761.3635946728886,761.3712158203125,0
2018-06-14,761.363525390625,761.3787676840859,761.363525390625,761.3711465373555,0
2018-06-15,761.3712158203125,761.3788369677366,761.3635946728886,761.3635946728886,0
2018-06-18,761.3712158203125,761.3788369677366,761.3635946728886,761.3635946728886,0
2018-06-19,761.3712158203125,761.3788369677366,761.3635946728886,761.3635946728886,0
2018-06-20,761.3712158203125,761.3788369677366,761.3635946728886,761.3635946728886,0
2018-06-21,761.363525390625,761.3787676840859,761.363525390625,761.3711465373555,0
2018-06-22,761.363525390625,761.3787676840859,761.363525390625,761.3711465373555,0
2018-06-25,761.3712158203125,761.3788369677366,753.7575036621095,753.7575036621095,0
2018-06-26,761.3712158203125,761.3788369677366,761.3635946728886,761.3712158203125,0
2018-06-27,761.3712158203125,761.3788369677366,761.3635946728886,761.3635946728886,0
2018-06-28,761.3712158203125,761.3788369677366,760.6098446044922,760.6098446044922,0
2018-06-29,763.7610473632812,763.7686924323589,763.7534022942036,763.7610473632812,0
2018-07-02,763.7610473632812,763.7686924323589,763.7534022942036,763.7534022942036,0
2018-07-03,763.7533569335938,763.7686470708409,762.9972410002151,762.9972410002151,0
2018-07-04,763.7533569335938,763.7686470708409,756.1233919821951,756.1233919821951,0
2018-07-05,763.7610473632812,763.7686924323589,763.7534022942036,763.7610473632812,0
2018-07-06,763.7533569335938,763.7686470708409,763.7533569335938,763.7533569335938,0
2018-07-09,763.7533569335938,763.7686470708409,763.7533569335938,763.7610020022173,0
2018-07-10,763.7610473632812,763.7686924323589,763.7534022942036,763.7610473632812,0
2018-07-11,763.7610473632812,763.7686924323589,763.7534022942036,763.7534022942036,0
2018-07-12,763.7610473632812,763.7686924323589,756.3525558806024,756.3525558806024,0
2018-07-13,763.7610473632812,763.7686924323589,763.7534022942036,763.7534022942036,0
2018-07-16,763.7610473632812,763.7686924323589,763.7534022942036,763.7534022942036,0
2018-07-17,763.7610473632812,763.7686924323589,763.7534022942036,763.7534022942036,0
2018-07-18,763.7610473632812,763.7686924323589,756.5053174133301,756.5053174133301,0
2018-07-19,763.7533569335938,763.7686470708409,763.7533569335938,763.7533569335938,0
2018-07-20,763.7533569335938,763.7686470708409,763.7533569335938,763.7610020022173,0
2018-07-23,763.7533569335938,763.7686470708409,763.7533569335938,763.7610020022173,0
2018-07-24,763.7533569335938,763.7686470708409,757.3836162820077,757.3836162820077,0
2018-07-25,763.7610473632812,763.7686924323589,763.7534022942036,763.7534022942036,0
2018-07-26,763.7610473632812,763.7686924323589,763.7534022942036,763.7534022942036,0
2018-07-27,763.7610473632812,763.7686924323589,763.7534022942036,763.7610473632812,0
2018-07-30,763.7610473632812,763.7686924323589,763.7534022942036,763.7534022942036,0
2018-07-31,766.4675903320312,766.4752624929697,766.4599181710929,766.4675903320312,0
2018-08-01,766.4675903320312,766.4752624929697,766.4599181710929,766.4599181710929,0
2018-08-02,766.4597778320312,777.5352418407015,766.4597778320312,777.5352418407015,0
2018-08-03,766.4675903320312,774.2855691097118,766.4599181710929,766.4599181710929,0
2018-08-06,766.4675903320312,766.4752624929697,763.1334750266745,766.4675903320312,0
2018-08-07,766.4675903320312,766.4752624929697,766.4599181710929,766.4675903320312,0
2018-08-08,766.4675903320312,766.4752624929697,766.4599181710929,766.4599181710929,0
2018-08-09,766.4675903320312,766.4752624929697,766.4599181710929,766.4599181710929,0
2018-08-10,766.4675903320312,766.4752624929697,766.4599181710929,766.4675903320312,0
2018-08-13,766.4675903320312,766.4752624929697,766.4599181710929,766.4599181710929,0
2018-08-14,766.4675903320312,766.4752624929697,766.4599181710929,766.4599181710929,0
2018-08-16,766.4675903320312,766.4752624929697,766.4599181710929,766.4675903320312,0
2018-08-17,766.4597778320312,766.4751221510985,766.4597778320312,766.4674499915649,0
2018-08-20,766.4675903320312,766.4752624929697,766.4599181710929,766.4675903320312,0
2018-08-21,766.4675903320312,766.4752624929697,766.4599181710929,766.4599181710929,0
2018-08-23,766.4675903320312,766.4752624929697,766.4599181710929,766.4675903320312,0
2018-08-24,766.4675903320312,766.4752624929697,766.4599181710929,766.4675903320312,0
2018-08-27,766.4675903320312,766.4752624929697,766.3909622855857,766.3909622855857,0
2018-08-28,766.4675903320312,766.4752624929697,765.7011227416992,765.7011227416992,0
2018-08-29,766.4675903320312,766.4752624929697,766.4599181710929,766.4599181710929,0
2018-08-30,766.4675903320312,766.4752624929697,766.4599181710929,766.4599181710929,0
2018-08-31,769.18505859375,769.2004574722067,769.18505859375,769.1927580329784,0
2018-09-03,769.1931762695312,769.2008757129461,769.1854768261164,769.1931762695312,0
2018-09-04,769.1931762695312,769.2008757129461,769.1854768261164,769.1854768261164,0
2018-09-05,769.1931762695312,769.2008757129461,769.1854768261164,769.1854768261164,0
2018-09-06,769.1931762695312,769.2008757129461,769.1854768261164,769.1931762695312,0
2018-09-07,769.1931762695312,769.2008757129461,769.1854768261164,769.1931762695312,0
2018-09-10,769.1931762695312,769.2008757129461,769.1854768261164,769.1854768261164,0
2018-09-11,769.1931762695312,769.2008757129461,762.7704320268109,762.7704320268109,0
2018-09-12,769.1931762695312,769.2008757129461,768.4239830932617,769.1854768261164,0
2018-09-14,769.1931762695312,769.2008757129461,769.1854768261164,769.1931762695312,0
2018-09-17,769.1931762695312,769.2008757129461,769.1854768261164,769.1931762695312,0
2018-09-18,769.18505859375,769.2004574722067,769.18505859375,769.1927580329784,0
2018-09-19,769.1931762695312,769.2008757129461,769.1854768261164,769.1854768261164,0
2018-09-21,769.1931762695312,769.2008757129461,769.1854768261164,769.1854768261164,0
2018-09-24,769.1931762695312,769.2008757129461,769.1854768261164,769.1854768261164,0
2018-09-25,769.1931762695312,769.2008757129461,769.1854768261164,769.1931762695312,0
2018-09-26,769.1931762695312,769.2008757129461,769.1854768261164,769.1854768261164,0
2018-09-27,769.1931762695312,769.2008757129461,769.1854768261164,769.1931762695312,0
2018-09-28,769.1931762695312,769.2008757129461,768.4239830932617,769.1931762695312,0
2018-10-01,771.8098754882812,771.8253269148678,771.8098754882812,771.8098754882812,0
2018-10-03,771.8098754882812,771.8253269148678,765.3034587631129,767.9585131955666,0
2018-10-04,771.8179321289062,771.8256578455121,771.0461141967774,771.8179321289062,0
2018-10-05,771.8179321289062,771.8256578455121,771.8102064123004,771.8179321289062,0
2018-10-08,771.8179321289062,771.8256578455121,771.8102064123004,771.8179321289062,0
2018-10-09,771.8179321289062,771.8256578455121,771.8102064123004,771.8179321289062,0
2018-10-10,771.8179321289062,771.8256578455121,771.8102064123004,771.8179321289062,0
2018-10-11,771.8179321289062,771.8256578455121,765.3037868974171,771.8179321289062,0
2018-10-12,771.8179321289062,771.8256578455121,771.8102064123004,771.8102064123004,0
2018-10-15,771.8179321289062,771.8256578455121,771.8102064123004,771.8102064123004,0
2018-10-16,771.8179321289062,771.8256578455121,771.8102064123004,771.8102064123004,0
2018-10-17,771.8179321289062,771.8256578455121,771.8102064123004,771.8102064123004,0
2018-10-19,771.8098754882812,775.6766892075824,771.8098754882812,771.8176012015745,0
2018-10-22,771.8179321289062,771.8256578455121,770.0813417816162,771.8179321289062,0
2018-10-23,771.8098754882812,771.8253269148678,771.8098754882812,771.8098754882812,0
2018-10-24,771.8098754882812,771.8253269148678,771.8098754882812,771.8098754882812,0
2018-10-25,771.8179321289062,771.8256578455121,771.8102064123004,771.8179321289062,0
2018-10-26,771.8179321289062,771.8256578455121,771.7793506539055,771.7793506539055,0
2018-10-29,771.8098754882812,771.8253269148678,771.8098754882812,771.8176012015745,0
2018-10-30,771.8179321289062,771.8256578455121,771.8102064123004,771.8179321289062,0
2018-10-31,774.52587890625,774.5336317287683,774.5181260837317,774.52587890625,0
2018-11-01,774.517822265625,774.5333279045794,768.3293704844214,768.3293704844214,0
2018-11-02,774.52587890625,774.5336317287683,774.5181260837317,774.52587890625,0
2018-11-05,774.517822265625,774.5333279045794,771.1951245668942,774.5255750851022,0
2018-11-06,774.52587890625,774.5336317287683,774.5181260837317,774.5181260837317,0
2018-11-07,774.5413818359375,776.074927943337,773.7513503147642,774.518123368464,0
2018-11-09,774.517822265625,774.5333279045794,771.776018748208,774.5255750851022,0
2018-11-12,774.52587890625,774.5336317287683,773.7591058498621,773.7591058498621,0
2018-11-13,774.517822265625,774.5333279045794,774.517822265625,774.5255750851022,0
2018-11-14,774.52587890625,774.5336317287683,774.5181260837317,774.52587890625,0
2018-11-15,774.52587890625,774.5336317287683,774.5181260837317,774.52587890625,0
2018-11-16,774.52587890625,774.5336317287683,774.479409244448,774.5103732612133,0
2018-11-19,774.52587890625,774.5336317287683,774.5181260837317,774.52587890625,0
2018-11-20,774.52587890625,774.5336317287683,774.5181260837317,774.5181260837317,0
2018-11-21,774.517822265625,774.5333279045794,774.517822265625,774.517822265625,0
2018-11-22,774.52587890625,774.5336317287683,774.5181260837317,774.5181260837317,0
2018-11-26,774.517822265625,774.5333279045794,773.7588023294943,774.5255750851022,0
2018-11-27,774.517822265625,774.5333279045794,774.517822265625,774.5255750851022,0
2018-11-28,774.52587890625,774.5336317287683,774.5181260837317,774.5181260837317,0
2018-11-29,774.52587890625,774.5336317287683,774.5181260837317,774.5181260837317,0
2018-11-30,777.1822509765625,777.1900303887427,777.1744715643823,777.1822509765625,0
2018-12-03,777.1744384765625,777.1899973002604,777.1744384765625,777.1822178884115,0
2018-12-04,777.1744384765625,777.1899973002604,777.1744384765625,777.1744384765625,0
2018-12-05,777.1744384765625,777.1899973002604,776.412815082372,777.1744384765625,0
2018-12-06,777.1822509765625,777.1900303887427,777.1744715643823,777.1744715643823,0
2018-12-07,777.1744384765625,777.1899973002604,777.1744384765625,777.1744384765625,0
2018-12-10,777.1822509765625,777.1900303887427,777.1744715643823,777.1822509765625,0
2018-12-11,777.1744384765625,777.1899973002604,777.1744384765625,777.1744384765625,0
2018-12-12,777.1744384765625,777.1899973002604,776.412815082372,776.412815082372,0
2018-12-13,777.1822509765625,777.1900303887427,777.1744715643823,777.1822509765625,0
2018-12-14,777.1822509765625,777.1900303887427,777.1744715643823,777.1822509765625,0
2018-12-17,777.1822509765625,777.1900303887427,777.1744715643823,777.1744715643823,0
2018-12-18,777.1822509765625,777.1900303887427,777.1744715643823,777.1822509765625,0
2018-12-19,777.1822509765625,777.1900303887427,777.1744715643823,777.1744715643823,0
2018-12-20,777.1822509765625,777.1900303887427,776.4050687255859,776.4050687255859,0
2018-12-21,777.1822509765625,777.1900303887427,776.4050687255859,777.1822509765625,0
2018-12-24,777.1822509765625,777.1900303887427,776.4128481377661,776.4128481377661,0
2018-12-26,777.1822509765625,777.1900303887427,776.4128481377661,777.1822509765625,0
2018-12-27,777.1822509765625,777.1900303887427,777.1744715643823,777.1822509765625,0
2018-12-28,777.1744384765625,777.1899973002604,777.1744384765625,777.1744384765625,0
2018-12-31,779.9398193359375,779.9554335218181,779.9398193359375,779.9476264288778,0
2019-01-01,779.9478759765625,779.9556830720007,779.9400688811243,779.9478759765625,0
2019-01-02,779.9478759765625,779.9556830720007,779.9400688811243,779.9400688811243,0
2019-01-03,779.9478759765625,779.9556830720007,779.9400688811243,779.9478759765625,0
2019-01-04,779.9478759765625,779.9556830720007,779.9400688811243,779.9478759765625,0
2019-01-07,779.9398193359375,779.9554335218181,779.1754858953893,779.9476264288778,0
2019-01-08,779.9478759765625,779.9556830720007,779.9400688811243,779.9478759765625,0
2019-01-09,779.9478759765625,779.9556830720007,779.2537109419256,779.9478759765625,0
2019-01-10,779.9478759765625,779.9556830720007,779.869900230661,779.9478759765625,0
2019-01-11,779.9478759765625,779.9556830720007,779.91669519905,779.9478759765625,0
2019-01-14,779.9398193359375,779.9554335218181,779.1754858953893,779.1754858953893,0
2019-01-15,779.9478759765625,779.9556830720007,779.9400688811243,779.9400688811243,0
2019-01-16,779.9478759765625,779.9556830720007,779.9400688811243,779.9400688811243,0
2019-01-17,779.9478759765625,779.9556830720007,779.9400688811243,779.9478759765625,0
2019-01-18,779.9478759765625,779.9556830720007,779.9400688811243,779.9478759765625,0
2019-01-21,779.9478759765625,779.9556830720007,779.2926988148763,779.36291506958,0
2019-01-22,779.9398193359375,779.9554335218181,779.9398193359375,779.9476264288778,0
2019-01-23,779.9398193359375,779.9554335218181,779.5654597086037,779.9476264288778,0
2019-01-24,779.9478759765625,779.9556830720007,779.5657091340124,779.9400688811243,0
2019-01-25,779.9478759765625,779.9556830720007,779.3707221650183,779.9478759765625,0
2019-01-28,779.9398193359375,779.9554335218181,779.5654597086037,779.9476264288778,0
2019-01-29,779.9398193359375,779.9554335218181,779.4484485229493,779.4484485229493,0
2019-01-30,779.9478759765625,779.9556830720007,779.9400688811243,779.9478759765625,0
2019-01-31,782.7010498046875,782.7088844587505,782.6932151506245,782.7010498046875,0
2019-02-01,782.7010498046875,782.7088844587505,782.6932151506245,782.7010498046875,0
2019-02-04,782.6931762695312,782.7088455768787,782.6618854271145,782.6618854271145,0
2019-02-05,782.7010498046875,782.7088844587505,782.6932151506245,782.7010498046875,0
2019-02-06,782.7010498046875,782.7088844587505,782.6932151506245,782.7010498046875,0
2019-02-07,782.7010498046875,782.7088844587505,782.176653477557,782.6932151506245,0
2019-02-08,782.7010498046875,782.7088844587505,782.6932151506245,782.7010498046875,0
2019-02-11,782.6931762695312,782.7088455768787,782.1922361571935,782.6931762695312,0
2019-02-12,782.7010498046875,782.7088844587505,782.3488247778192,782.3488247778192,0
2019-02-14,782.6931762695312,782.7088455768787,782.6931762695312,782.6931762695312,0
2019-02-15,782.7010498046875,782.7088844587505,782.3488247778192,782.6932151506245,0
2019-02-18,782.6931762695312,782.7088455768787,776.095012480122,776.095012480122,0
2019-02-19,782.7010498046875,782.7088844587505,782.3566594318821,782.7010498046875,0
2019-02-20,782.7010498046875,782.7088844587505,782.3723287400081,782.6932151506245,0
2019-02-21,782.7010498046875,782.7088844587505,782.3644940859451,782.6932151506245,0
2019-02-22,782.7010498046875,782.7088844587505,782.6932151506245,782.6932151506245,0
2019-02-25,782.6931762695312,782.7088455768787,782.3566205675077,782.701010923205,0
2019-02-26,782.7010498046875,782.7088844587505,782.6932151506245,782.6932151506245,0
2019-02-27,782.7010498046875,782.9749760632068,782.3957849299162,782.9749760632068,0
2019-02-28,785.1688842773438,785.1767436338514,785.1610249208361,785.1688842773438,0
2019-03-01,785.1688842773438,785.1767436338514,785.1610249208361,785.1688842773438,0
2019-03-05,785.160888671875,785.1766073821627,785.090250321375,785.129499174197,0
2019-03-06,785.1688842773438,785.1767436338514,785.1610249208361,785.1610249208361,0
2019-03-07,785.1688842773438,785.1767436338514,785.1610249208361,785.1688842773438,0
2019-03-08,785.160888671875,785.1766073821627,785.160888671875,785.160888671875,0
2019-03-11,785.160888671875,785.1766073821627,784.5798714659986,784.8154125058272,0
2019-03-12,785.160888671875,785.1766073821627,785.160888671875,785.1687480270189,0
2019-03-13,785.1688842773438,785.1767436338514,785.1610249208361,785.1610249208361,0
2019-03-14,785.1688842773438,785.1767436338514,784.5015098948702,785.1688842773438,0
2019-03-15,785.1688842773438,785.1767436338514,785.1610249208361,785.1688842773438,0
2019-03-18,785.160888671875,785.1766073821627,785.160888671875,785.160888671875,0
2019-03-19,785.160888671875,785.1766073821627,785.160888671875,785.1687480270189,0
2019-03-20,785.1688842773438,785.1767436338514,785.1610249208361,785.1688842773438,0
2019-03-22,785.1688842773438,785.1767436338514,785.1610249208361,785.1688842773438,0
2019-03-25,785.1688842773438,785.1767436338514,784.8155486948378,785.1688842773438,0
2019-03-26,785.160888671875,785.1766073821627,785.160888671875,785.160888671875,0
2019-03-27,785.160888671875,785.1766073821627,785.160888671875,785.1687480270189,0
2019-03-28,785.1688842773438,785.1767436338514,784.8234080513455,785.1688842773438,0
2019-04-01,787.8593139648438,787.867200251922,787.8514276777655,787.8514276777655,0
2019-04-02,787.851318359375,787.867090931343,787.851318359375,787.851318359375,0
2019-04-03,787.851318359375,787.867090931343,787.851318359375,787.859204645359,0
2019-04-04,787.851318359375,787.867090931343,787.3076935846852,787.851318359375,0
2019-04-05,787.851318359375,787.867090931343,787.851318359375,787.859204645359,0
2019-04-08,787.851318359375,787.867090931343,787.851318359375,787.851318359375,0
2019-04-09,787.8593139648438,787.867200251922,787.2684194793701,787.5047676561363,0
2019-04-10,787.8593139648438,787.867200251922,787.2999165405669,787.8593139648438,0
2019-04-11,787.8593139648438,787.867200251922,787.3078028276451,787.8514276777655,0
2019-04-12,787.8593139648438,787.867200251922,787.8514276777655,787.867200251922,0
2019-04-15,787.851318359375,787.867090931343,787.3155798706692,787.3155798706692,0
2019-04-16,787.8593139648438,787.867200251922,781.5643257402032,781.5643257402032,0
2019-04-18,787.8593139648438,787.9380806613938,786.2048286403641,787.8514276777655,0
2019-04-22,787.8593139648438,787.867200251922,787.0714546508789,787.8593139648438,0
2019-04-23,787.8593139648438,787.867200251922,783.9279036820978,783.9279036820978,0
2019-04-24,787.8593139648438,787.867200251922,787.8514276777655,787.8593139648438,0
2019-04-25,787.851318359375,787.867090931343,787.851318359375,787.851318359375,0
2019-04-26,787.8593139648438,787.867200251922,787.8514276777655,787.8593139648438,0
2019-04-30,790.3789672851562,790.3868787933736,789.8415153763108,790.3789672851562,0
2019-05-02,790.3789672851562,790.3868787933736,790.3710557769388,790.3710557769388,0
2019-05-03,790.3789672851562,790.3868787933736,789.8415153763108,790.3789672851562,0
2019-05-06,790.37109375,790.3869167671952,790.37109375,790.37109375,0
2019-05-07,790.3789672851562,790.3868787933736,790.3710557769388,790.3789672851562,0
2019-05-08,790.3789672851562,790.3868787933736,789.8415153763108,790.3789672851562,0
2019-05-09,790.3789672851562,790.3868787933736,790.2999486847892,790.2999486847892,0
2019-05-10,790.3789672851562,790.3868787933736,790.3710557769388,790.3789672851562,0
2019-05-13,790.3789672851562,790.3868787933736,783.7081668716334,783.7081668716334,0
2019-05-14,790.3789672851562,790.3868787933736,789.9047592011466,790.3789672851562,0
2019-05-15,790.3789672851562,790.3868787933736,786.0713922652714,786.4270724487304,0
2019-05-16,790.3789672851562,790.3868787933736,789.9916893097311,789.9916893097311,0
2019-05-17,790.3789672851562,790.3868787933736,790.0232871016972,790.0232871016972,0
2019-05-20,790.37109375,790.3869167671952,790.37109375,790.37109375,0
2019-05-21,790.3789672851562,790.3868787933736,790.3710557769388,790.3789672851562,0
2019-05-22,790.3789672851562,790.3868787933736,790.3710557769388,790.3710557769388,0
2019-05-23,790.3789672851562,790.3868787933736,789.8731131682769,790.0232871016972,0
2019-05-24,790.3789672851562,790.3868787933736,790.3710557769388,790.3789672851562,0
2019-05-27,790.3789672851562,790.3868787933736,789.8810246764942,789.8810246764942,0
2019-05-28,790.37109375,790.3869167671952,790.37109375,790.3790052585977,0
2019-05-29,790.3789672851562,790.3868787933736,790.3710557769388,790.3789672851562,0
2019-05-30,790.3789672851562,790.3868787933736,789.5885883178711,789.5885883178711,0
2019-05-31,793.030517578125,793.0384556277395,792.681582214281,793.030517578125,0
2019-06-03,793.022705078125,793.0385811798674,792.7372256632584,793.0306431289962,0
2019-06-04,793.030517578125,793.0384556277395,792.7529762580693,793.030517578125,0
2019-06-06,793.022705078125,793.0385811798674,793.022705078125,793.0306431289962,0
2019-06-07,793.030517578125,793.0384556277395,793.0225795285106,793.0225795285106,0
2019-06-10,793.030517578125,793.0384556277395,793.0225795285106,793.030517578125,0
2019-06-11,793.030517578125,793.0384556277395,793.0225795285106,793.0225795285106,0
2019-06-12,793.030517578125,793.0384556277395,792.9988137824089,793.030517578125,0
2019-06-13,793.030517578125,793.0384556277395,792.2533631597757,793.030517578125,0
2019-06-14,793.030517578125,793.0384556277395,793.0146414788961,793.0146414788961,0
2019-06-17,793.022705078125,793.0385811798674,792.5230919007338,793.0306431289962,0
2019-06-18,793.030517578125,793.0384556277395,793.0225795285106,793.0225795285106,0
2019-06-19,793.022705078125,793.0385811798674,793.022705078125,793.022705078125,0
2019-06-20,793.022705078125,793.0385811798674,792.3962282950429,793.0306431289962,0
2019-06-21,793.030517578125,793.0384556277395,792.681582214281,792.681582214281,0
2019-06-24,793.022705078125,793.0385811798674,793.022705078125,793.0306431289962,0
2019-06-25,793.030517578125,793.0384556277395,792.9988137824089,793.030517578125,0
2019-06-26,793.030517578125,793.0384556277395,793.0225795285106,793.030517578125,0
2019-06-27,793.022705078125,793.0306431289962,792.6817077099095,793.0306431289962,0
2019-06-28,793.022705078125,793.0385811798674,793.022705078125,793.022705078125,0
2019-07-01,795.4330444335938,795.7909990134649,795.4250823352486,795.4330444335938,0
2019-07-02,795.4330444335938,795.4410065319389,795.0830519520678,795.4330444335938,0
2019-07-03,795.4330444335938,795.4410065319389,795.273948114831,795.4330444335938,0
2019-07-04,795.4330444335938,795.4410065319389,795.4250823352486,795.4330444335938,0
2019-07-05,795.4330444335938,795.4410065319389,795.4250823352486,795.4330444335938,0
2019-07-08,795.4330444335938,795.4410065319389,795.4250823352486,795.4330444335938,0
2019-07-09,795.4330444335938,795.4410065319389,795.1148517960683,795.4250823352486,0
2019-07-10,795.4330444335938,795.4410065319389,795.3535205489025,795.4410065319389,0
2019-07-11,795.4252319335938,795.441156133279,795.1945737851042,795.4331940334364,0
2019-07-12,795.4252319335938,795.441156133279,795.3536701337888,795.3536701337888,0
2019-07-15,795.4330444335938,795.4410065319389,795.3853203929029,795.4330444335938,0
2019-07-16,795.4252319335938,795.441156133279,794.7570952382637,795.4252319335938,0
2019-07-17,795.4330444335938,795.4410065319389,795.273948114831,795.4250823352486,0
2019-07-18,795.4330444335938,795.4410065319389,795.4250823352486,795.4330444335938,0
2019-07-19,795.4330444335938,795.4410065319389,795.4250823352486,795.4330444335938,0
2019-07-22,795.4252319335938,795.441156133279,794.8206949382261,795.4331940334364,0
2019-07-23,795.4330444335938,795.4410065319389,795.3932824912481,795.4250823352486,0
2019-07-24,795.4330444335938,795.4410065319389,794.8921557893045,794.8921557893045,0
2019-07-25,795.4330444335938,795.4410065319389,794.8921557893045,794.8921557893045,0
2019-07-26,795.4330444335938,795.4410065319389,795.1387380911037,795.4330444335938,0
2019-07-29,795.4330444335938,795.4410065319389,794.8921557893045,795.4330444335938,0
2019-07-30,795.4330444335938,795.4410065319389,795.4250823352486,795.4330444335938,0
2019-07-31,797.8535766601562,797.8615629874616,797.3110420716814,797.3110420716814,0
2019-08-01,797.8535766601562,797.8615629874616,797.3190283989869,797.8535766601562,0
2019-08-02,797.8535766601562,797.8615629874616,797.33495235648,797.8455903328507,0
2019-08-05,797.845458984375,797.8614316363563,797.5342844533976,797.8534453103656,0
2019-08-06,797.8535766601562,797.8615629874616,797.8057073934414,797.8535766601562,0
2019-08-07,797.861328125,799.8878580822148,797.4544151291454,797.8453554750909,0
2019-08-08,797.8535766601562,798.6514302368164,797.3908079505004,797.8535766601562,0
2019-08-09,797.8773803710938,805.8319556077784,797.0555679724462,797.85342139384,0
2019-08-13,797.8535766601562,797.8615629874616,796.0584061126708,797.8455903328507,0
2019-08-14,797.8535766601562,797.8615629874616,797.8057073934414,797.8455903328507,0
2019-08-16,797.8535766601562,797.8615629874616,797.4945328112356,797.4945328112356,0
2019-08-19,797.8535766601562,797.8615629874616,797.7738107813373,797.8535766601562,0
2019-08-20,797.8535766601562,797.8615629874616,797.534415750645,797.8057073934414,0
2019-08-21,797.845458984375,797.8614316363563,794.9013778232953,794.9013778232953,0
2019-08-22,797.8535766601562,797.8615629874616,797.4945328112356,797.4945328112356,0
2019-08-23,797.845458984375,797.8614316363563,797.8215487035127,797.845458984375,0
2019-08-26,797.845458984375,797.8614316363563,797.6140990161945,797.8534453103656,0
2019-08-27,797.845458984375,797.8614316363563,797.845458984375,797.8534453103656,0
2019-08-28,797.8535766601562,797.8615629874616,797.8455903328507,797.8455903328507,0
2019-08-29,797.845458984375,797.8614316363563,797.6938648818816,797.845458984375,0
2019-08-30,800.0851440429688,800.0931527077406,800.037140887659,800.0851440429688,0
2019-09-03,800.0851440429688,800.0931527077406,799.54910066979,800.0851440429688,0
2019-09-04,800.0770263671875,800.093043694549,800.037031882099,800.037031882099,0
2019-09-05,800.0770263671875,800.093043694549,796.5246468583179,796.5246468583179,0
2019-09-06,800.0770263671875,800.093043694549,799.7649814835298,800.0850350308682,0
2019-09-09,800.0851440429688,800.0931527077406,799.5410920050181,800.037140887659,0
2019-09-11,800.0770263671875,800.093043694549,799.6930011770336,800.0770263671875,0
2019-09-12,800.0851440429688,800.0931527077406,799.573077830784,800.0771353781968,0
2019-09-13,800.0851440429688,800.0931527077406,800.0771353781968,800.0851440429688,0
2019-09-16,800.0851440429688,800.0931527077406,799.573077830784,800.0771353781968,0
2019-09-17,800.0851440429688,800.0931527077406,800.0451495524309,800.0851440429688,0
2019-09-18,800.0770263671875,800.093043694549,800.0770263671875,800.0850350308682,0
2019-09-19,800.0851440429688,800.0931527077406,800.0771353781968,800.0771353781968,0
2019-09-20,800.0770263671875,800.093043694549,799.7809988108913,800.0850350308682,0
2019-09-23,800.0770263671875,800.093043694549,799.6849925133528,799.6849925133528,0
2019-09-24,800.0689697265625,800.092995716164,796.5245990939154,796.5245990939154,0
2019-09-25,800.0851440429688,800.0931527077406,798.6849950408936,799.2850588989257,0
2019-09-26,800.0851440429688,800.0931527077406,799.6851014709472,800.0851440429688,0
2019-09-27,800.0851440429688,800.0931527077406,799.3890738743171,800.0851440429688,0
2019-09-30,802.3543701171875,802.3624014963806,802.3463387379944,802.3543701171875,0
2019-10-01,802.3543701171875,802.3624014963806,801.969255690515,802.3543701171875,0
2019-10-03,802.3462524414062,802.3623151980647,801.9531066778256,801.9531066778256,0
2019-10-04,802.3543701171875,802.3624014963806,801.969255690515,802.3463387379944,0
2019-10-07,802.3543701171875,802.3624014963806,802.2741542689055,802.3543701171875,0
2019-10-09,802.3462524414062,803.1566381035552,801.5519295359157,801.5519295359157,0
2019-10-10,802.3543701171875,802.3624014963806,802.0334087804108,802.3142621930465,0
2019-10-11,802.3462524414062,802.3783779547233,802.03332251748,802.3542838197355,0
2019-10-14,802.3543701171875,802.3624014963806,801.5680785054565,801.5680785054565,0
2019-10-15,802.3462524414062,802.3623151980647,802.03332251748,802.3542838197355,0
2019-10-16,802.3462524414062,802.3623151980647,802.0493852741384,802.3542838197355,0
2019-10-17,802.3462524414062,808.7731180902933,802.3462524414062,808.7731180902933,0
2019-10-18,802.3462524414062,802.3623151980647,802.2740679800812,802.3542838197355,0
2019-10-22,802.3462524414062,802.3623151980647,801.7525181068708,802.3542838197355,0
2019-10-23,802.3543701171875,802.3624014963806,801.8087750221267,802.0815480837449,0
2019-10-24,802.3543701171875,802.3624014963806,802.3383073588013,802.3383073588013,0
2019-10-25,802.3543701171875,802.3624014963806,801.6322315953522,802.3624014963806,0
2019-10-27,802.3864135742188,810.3778804008995,801.7926792003077,802.3543370305936,0
2019-10-29,802.3543701171875,802.3624014963806,802.3463387379944,802.3543701171875,0
2019-10-30,802.3543701171875,802.3624014963806,801.8328201878816,802.2741542689055,0
2019-10-31,804.430419921875,804.43847208184,800.8506947335154,800.8506947335154,0
2019-11-01,804.430419921875,804.43847208184,803.8834131281525,804.1166802744567,0
2019-11-04,804.4219360351562,804.4380403464434,804.1243008674065,804.4299881907998,0
2019-11-05,804.4219360351562,804.4380403464434,804.4219360351562,804.4299881907998,0
2019-11-06,804.430419921875,804.43847208184,804.42236776191,804.430419921875,0
2019-11-07,804.430419921875,804.43847208184,804.1488889143169,804.430419921875,0
2019-11-08,804.430419921875,804.43847208184,804.42236776191,804.43847208184,0
2019-11-11,804.430419921875,804.43847208184,804.2132079969645,804.430419921875,0
2019-11-13,804.430419921875,804.43847208184,800.8506947335154,800.8506947335154,0
2019-11-14,804.4219360351562,804.4380403464434,804.3093040531671,804.4299881907998,0
2019-11-15,804.4219360351562,810.8654280963262,804.4219360351562,810.8654280963262,0
2019-11-18,804.4219360351562,806.2399556642291,804.1886690140445,804.4299881907998,0
2019-11-19,804.4219360351562,804.4380403464434,804.3173562088107,804.3173562088107,0
2019-11-20,804.4219360351562,804.4380403464434,802.4591249000304,802.4591249000304,0
2019-11-21,804.4219360351562,804.4380403464434,804.1886690140445,804.4299881907998,0
2019-11-22,804.430419921875,804.43847208184,804.42236776191,804.430419921875,0
2019-11-25,804.430419921875,804.43847208184,804.3741039006561,804.430419921875,0
2019-11-26,804.4219360351562,804.4380403464434,804.4138838795128,804.4380403464434,0
2019-11-27,804.4219360351562,804.4380403464434,804.3978286667358,804.4219360351562,0
2019-11-28,804.430419921875,804.43847208184,804.42236776191,804.430419921875,0
2019-11-29,806.4161376953125,806.4242097318471,802.8275760386214,802.8275760386214,0
2019-12-02,806.4078369140625,806.4239809825523,806.1094669653294,806.4159089483074,0
2019-12-03,806.4078369140625,806.4239809825523,802.8273483095433,802.8273483095433,0
2019-12-04,806.4078369140625,806.4239809825523,806.3997648798177,806.4078369140625,0
2019-12-05,806.4161376953125,806.4242097318471,806.3355157694369,806.4242097318471,0
2019-12-06,806.4161376953125,806.4242097318471,806.3355157694369,806.4161376953125,0
2019-12-09,806.4078369140625,806.4159089483074,806.1094669653294,806.4159089483074,0
2019-12-10,806.4078369140625,806.4239809825523,806.1336830680639,806.4159089483074,0
2019-12-11,806.4161376953125,806.4242097318471,806.1339117350132,806.1742226979509,0
2019-12-12,806.4078369140625,806.4239809825523,806.1417058825878,806.4159089483074,0
2019-12-13,806.4078369140625,806.4239809825523,806.4078369140625,806.4078369140625,0
2019-12-16,806.4161376953125,814.3996771463901,806.0935515523404,814.3996771463901,0
2019-12-17,806.4161376953125,806.4242097318471,806.408065658778,806.4161376953125,0
2019-12-18,806.4161376953125,806.4242097318471,806.408065658778,806.4242097318471,0
2019-12-19,806.4161376953125,806.4242097318471,806.408065658778,806.4242097318471,0
2019-12-20,806.4078369140625,806.4239809825523,806.2626879568184,806.4159089483074,0
2019-12-23,806.4161376953125,806.4242097318471,805.811325592041,805.811325592041,0
2019-12-24,806.4161376953125,806.4242097318471,806.0935515523404,806.2871327699646,0
2019-12-26,806.4161376953125,807.2225538330079,806.3677546958402,806.4161376953125,0
2019-12-27,806.4161376953125,806.4242097318471,806.408065658778,806.4161376953125,0
2019-12-30,806.4078369140625,806.4239809825523,806.4078369140625,806.4159089483074,0
2019-12-31,808.5233154296875,808.5395018494893,808.5233154296875,808.5314086395883,0
2020-01-01,808.5233154296875,809.339940048228,808.5233154296875,809.339940048228,0
2020-01-02,808.53173828125,808.5398314944506,807.9253394775391,808.5236450680494,0
2020-01-03,808.53173828125,808.5398314944506,807.9415259039403,808.53173828125,0
2020-01-06,808.53173828125,809.3402700195313,806.5508256526888,806.5508256526888,0
2020-01-07,808.53173828125,808.5398314944506,808.2083058463932,808.53173828125,0
2020-01-08,808.5233154296875,808.5395018494893,808.4909919389246,808.5314086395883,0
2020-01-09,808.5233154296875,808.5395018494893,808.5233154296875,808.5314086395883,0
2020-01-10,808.53173828125,808.5398314944506,808.2083058463932,808.53173828125,0
2020-01-13,808.5233154296875,808.5395018494893,808.5233154296875,808.5314086395883,0
2020-01-14,808.53173828125,808.5398314944506,808.4509048469663,808.53173828125,0
2020-01-15,808.5233154296875,808.9356743439082,808.5233154296875,808.5314086395883,0
2020-01-16,808.53173828125,808.5398314944506,807.9819426210821,808.53173828125,0
2020-01-17,808.53173828125,808.5398314944506,808.0466389778256,808.53173828125,0
2020-01-20,808.5233154296875,808.5395018494893,807.9250100831086,808.5233154296875,0
2020-01-21,808.53173828125,808.5398314944506,808.5236450680494,808.53173828125,0
2020-01-22,808.53173828125,808.5398314944506,807.9253394775391,808.53173828125,0
2020-01-23,808.5233154296875,808.5395018494893,807.9250100831086,808.5314086395883,0
2020-01-24,808.53173828125,808.5398314944506,808.4832283509076,808.53173828125,0
2020-01-27,808.53173828125,809.3402700195313,808.4832283509076,809.3402700195313,0
2020-01-28,808.5233154296875,808.5395018494893,807.9816132035744,808.5233154296875,0
2020-01-29,808.53173828125,808.5398314944506,807.9253394775391,807.9253394775391,0
2020-01-30,808.53173828125,808.5398314944506,807.9253394775391,807.9253394775391,0
2020-01-31,810.5357666015625,810.5438798746168,810.1953554315194,810.5357666015625,0
2020-02-03,810.5357666015625,810.5438798746168,809.9278647766113,810.5357666015625,0
2020-02-04,810.5357666015625,811.3463023681641,810.4952497074678,811.3463023681641,0
2020-02-05,810.5357666015625,810.5438798746168,810.2520988717228,810.5357666015625,0
2020-02-06,810.5357666015625,810.5438798746168,810.5276533285081,810.5357666015625,0
2020-02-07,810.5357666015625,810.5438798746168,810.4871364344134,810.5357666015625,0
2020-02-10,810.52734375,810.543570289911,810.2517893984618,810.5354570199555,0
2020-02-11,810.52734375,810.543570289911,810.2598531972591,810.5354570199555,0
2020-02-12,810.52734375,810.543570289911,810.52734375,810.5354570199555,0
2020-02-13,810.5357666015625,810.5438798746168,808.5499440791532,808.5499440791532,0
2020-02-14,810.5357666015625,810.5438798746168,810.1304987182617,810.5357666015625,0
2020-02-17,810.52734375,810.543570289911,810.52734375,810.52734375,0
2020-02-18,810.52734375,810.543570289911,809.96807230581,810.52734375,0
2020-02-19,810.52734375,810.543570289911,810.4868268713807,810.5354570199555,0
2020-02-20,810.5357666015625,810.5438798746168,810.4547328133732,810.5438798746168,0
2020-02-24,810.5357666015625,811.3463023681641,810.5276533285081,810.5357666015625,0
2020-02-25,810.52734375,810.5354570199555,810.2598531972591,810.5354570199555,0
2020-02-26,810.5357666015625,810.5438798746168,810.4871364344134,810.5276533285081,0
2020-02-27,810.5357666015625,810.5438798746168,810.5276533285081,810.5357666015625,0
2020-02-28,812.1124877929688,812.2505551240831,810.2524209120309,812.2424247677806,0
2020-03-02,812.2423095703125,812.250439925462,811.6331278381348,812.2423095703125,0
2020-03-03,812.2423095703125,812.250439925462,811.7955862151161,812.2423095703125,0
2020-03-04,812.2423095703125,812.250439925462,811.7549840147049,812.2423095703125,0
2020-03-05,812.2423095703125,812.250439925462,811.8524491258264,812.2423095703125,0
2020-03-06,812.2423095703125,813.0545518798829,811.8767906159386,812.2423095703125,0
2020-03-09,812.2341918945312,812.2504526050841,812.0392616692452,812.2341918945312,0
2020-03-11,812.2423095703125,812.250439925462,811.9661253719106,812.234179215163,0
2020-03-12,812.2423095703125,812.250439925462,811.8361884155273,812.2423095703125,0
2020-03-13,812.2423095703125,815.1257598542198,811.4300672607422,815.1257598542198,0
2020-03-16,812.2423095703125,812.250439925462,811.6331278381348,812.250439925462,0
2020-03-17,812.2423095703125,812.250439925462,811.4300672607422,811.4300672607422,0
2020-03-18,812.2341918945312,812.2504526050841,811.511284329648,812.2423222498077,0
2020-03-19,812.2423095703125,812.250439925462,811.8443187706769,812.2423095703125,0
2020-03-20,812.2423095703125,812.250439925462,811.8361884155273,812.2423095703125,0
2020-03-23,812.2423095703125,812.250439925462,811.4300672607422,812.234179215163,0
2020-03-24,812.2341918945312,816.3035338610566,810.6178376053081,811.4300799275578,0
2020-03-25,812.2341918945312,820.2835410702155,811.958057267155,820.2835410702155,0
2020-03-26,812.2341918945312,812.2504526050841,811.9661380470944,812.2423222498077,0
2020-03-27,812.2423095703125,812.2829117707238,812.234179215163,812.2423095703125,0
2020-03-30,812.2423095703125,812.250439925462,811.8361884155273,812.2423095703125,0
2020-03-31,813.563232421875,813.5713759991527,813.5550888445973,813.563232421875,0
2020-04-01,813.563232421875,813.5713759991527,813.2865990742296,813.563232421875,0
2020-04-03,813.563232421875,813.5713759991527,813.5144206141681,813.5550888445973,0
2020-04-07,813.5552978515625,813.5715850103021,813.4821049491779,813.5634414309322,0
2020-04-08,813.563232421875,813.5713759991527,813.1564508056641,813.5550888445973,0
2020-04-09,813.563232421875,813.5713759991527,813.5550888445973,813.563232421875,0
2020-04-13,813.563232421875,813.5713759991527,813.1564508056641,813.563232421875,0
2020-04-15,813.563232421875,821.6175282852352,813.5550888445973,813.563232421875,0
2020-04-16,813.5552978515625,814.3770048723633,813.5146296106853,813.5634414309322,0
2020-04-17,813.5877075195312,820.071783000657,813.2866434236356,813.5714203640878,0
2020-04-20,813.563232421875,813.5713759991527,813.2865990742296,813.563232421875,0
2020-04-21,813.563232421875,813.5713759991527,813.1564508056641,813.563232421875,0
2020-04-22,813.5552978515625,814.3770048723633,813.5552978515625,814.3770048723633,0
2020-04-23,813.563232421875,813.5713759991527,813.1564508056641,813.1564508056641,0
2020-04-24,813.563232421875,813.5713759991527,813.180881537497,813.563232421875,0
2020-04-27,813.5552978515625,813.5715850103021,813.197327951094,813.5552978515625,0
2020-04-28,813.5552978515625,814.9953210328063,813.5552978515625,814.9953210328063,0
2020-04-29,813.563232421875,814.3605084997415,813.5550888445973,814.3605084997415,0
2020-04-30,814.7728881835938,814.781043869242,814.4143861236013,814.7321594851427,0
2020-05-04,814.7728881835938,814.781043869242,814.365501739502,814.7728881835938,0
2020-05-05,814.7728881835938,815.5876610717773,814.7647324979454,814.7728881835938,0
2020-05-06,814.7728881835938,815.5631940148323,814.7240037994943,815.5631940148323,0
2020-05-07,814.7728881835938,817.6653219906874,814.6914307866916,817.6653219906874,0
2020-05-08,814.7728881835938,814.781043869242,814.365501739502,814.7728881835938,0
2020-05-11,814.7650146484375,814.7813260253827,814.3657837517417,814.7731703369101,0
2020-05-12,814.7728881835938,814.781043869242,814.7647324979454,814.7728881835938,0
2020-05-13,814.7650146484375,814.7813260253827,814.1620904591574,814.7731703369101,0
2020-05-14,814.7728881835938,817.6653219906874,814.7647324979454,817.6653219906874,0
2020-05-15,814.7728881835938,815.4573192907758,814.406230437953,815.4573192907758,0
2020-05-18,814.7728881835938,814.781043869242,814.406230437953,814.7728881835938,0
2020-05-19,814.7728881835938,814.781043869242,814.406230437953,814.7728881835938,0
2020-05-20,814.7650146484375,814.7813260253827,814.7650146484375,814.7731703369101,0
2020-05-21,814.7728881835938,815.5713497004807,814.5284662630968,814.7728881835938,0
2020-05-22,814.7650146484375,814.7813260253827,814.406512464297,814.7731703369101,0
2020-05-26,814.7728881835938,814.781043869242,814.365501739502,814.7728881835938,0
2020-05-27,814.7650146484375,814.7813260253827,814.4146681527695,814.7731703369101,0
2020-05-28,814.7728881835938,815.5876610717773,814.4469591364041,815.5876610717773,0
2020-05-29,814.7728881835938,814.781043869242,814.7647324979454,814.7728881835938,0
2020-06-01,816.2671508789062,816.2753215217739,815.9406240901574,816.2671508789062,0
2020-06-02,816.2591552734375,816.2754965626771,816.0224556844827,816.2673259180573,0
2020-06-03,816.2671508789062,816.2753215217739,816.2589802360385,816.2671508789062,0
2020-06-04,816.2591552734375,817.0427898418802,816.2591552734375,817.0427898418802,0
2020-06-05,816.2591552734375,816.2754965626771,816.2591552734375,816.2673259180573,0
2020-06-08,816.2671508789062,816.2753215217739,814.0632196073345,816.2671508789062,0
2020-06-09,816.2671508789062,816.2753215217739,815.9487947330251,816.2671508789062,0
2020-06-10,816.2671508789062,817.0507852793074,815.8998206968121,817.0507852793074,0
2020-06-11,816.2671508789062,816.2753215217739,815.9406240901574,816.2671508789062,0
2020-06-12,816.2671508789062,816.2753215217739,815.7447279453054,816.2589802360385,0
2020-06-15,816.2671508789062,817.0834180297851,815.532490514718,816.2671508789062,0
2020-06-16,816.2671508789062,816.9528372068814,816.2589802360385,816.2753215217739,0
2020-06-17,816.2591552734375,816.2754965626771,815.5571773301889,816.2673259180573,0
2020-06-18,816.2591552734375,816.2754965626771,815.8999956571934,816.2673259180573,0
2020-06-19,816.2671508789062,817.7853958225027,816.2589802360385,817.7853958225027,0
2020-06-22,816.2671508789062,816.2753215217739,815.7447279453054,816.2671508789062,0
2020-06-23,816.2591552734375,816.2754965626771,815.8591922550983,816.2754965626771,0
2020-06-24,816.2671508789062,817.0018112430945,816.2589802360385,816.2589802360385,0
2020-06-25,816.2671508789062,819.2873493013568,816.2589802360385,819.2873493013568,0
2020-06-26,816.2671508789062,816.2753215217739,815.4508837280273,815.4508837280273,0
2020-06-29,816.2591552734375,816.2754965626771,815.7449028724288,816.2673259180573,0
2020-06-30,817.7863159179688,817.7945017673225,817.7781300686152,817.7781300686152,0
2020-07-01,817.7863159179688,817.7945017673225,817.0502882681564,817.7945017673225,0
2020-07-02,817.7863159179688,817.7945017673225,817.7045572518632,817.7945017673225,0
2020-07-03,817.7863159179688,820.8121352696083,817.745436584916,817.7863159179688,0
2020-07-06,817.7782592773438,817.7946309786379,817.7046864489674,817.7046864489674,0
2020-07-07,817.7863159179688,817.7945017673225,817.3774227600098,817.7863159179688,0
2020-07-08,817.7863159179688,817.7945017673225,817.7045572518632,817.7863159179688,0
2020-07-09,817.7863159179688,817.7945017673225,817.7781300686152,817.7863159179688,0
2020-07-10,817.7863159179688,817.7945017673225,817.7781300686152,817.7863159179688,0
2020-07-13,817.7863159179688,817.7945017673225,817.6636280050949,817.7863159179688,0
2020-07-14,817.7863159179688,817.7945017673225,815.5782828822472,817.7699442192614,0
2020-07-15,817.7863159179688,817.7945017673225,817.7781300686152,817.7863159179688,0
2020-07-16,817.7863159179688,817.7945017673225,817.7781300686152,817.7863159179688,0
2020-07-17,817.7863159179688,817.7945017673225,817.7781300686152,817.7863159179688,0
2020-07-20,817.7782592773438,817.7946309786379,817.3939236067209,817.7864451279908,0
2020-07-21,817.7863159179688,820.8121352696083,817.3937944587171,817.7945017673225,0
2020-07-22,817.7782592773438,817.7946309786379,817.7782592773438,817.7946309786379,0
2020-07-23,817.7782592773438,817.7946309786379,817.7782592773438,817.7864451279908,0
2020-07-24,817.7863159179688,817.7945017673225,817.7781300686152,817.7781300686152,0
2020-07-27,817.7782592773438,817.7946309786379,816.9932162348039,817.7864451279908,0
2020-07-28,817.7782592773438,817.7946309786379,817.7782592773438,817.7782592773438,0
2020-07-29,817.7863159179688,817.7945017673225,815.5782828822472,815.5782828822472,0
2020-07-30,817.7863159179688,817.7945017673225,816.3715615638197,817.7781300686152,0
2020-07-31,819.468994140625,819.4771968331934,817.2564178531617,819.3870672477782,0
2020-08-03,819.4611206054688,819.4775259971949,818.8956847717333,819.4693233013318,0
2020-08-04,819.468994140625,822.3780990665406,819.4198280016333,822.3780990665406,0
2020-08-05,819.468994140625,819.4771968331934,819.4607914480567,819.4771968331934,0
2020-08-06,819.4611206054688,819.4775259971949,817.2567461251306,817.2567461251306,0
2020-08-07,819.4611206054688,819.4775259971949,818.0598600731439,819.4693233013318,0
2020-08-10,819.468994140625,822.3780990665406,819.0756650286913,822.3780990665406,0
2020-08-11,819.468994140625,819.4771968331934,819.4607914480567,819.4771968331934,0
2020-08-12,819.468994140625,822.2552087272704,819.067462336123,822.2552087272704,0
2020-08-13,819.4611206054688,819.4775259971949,819.4611206054688,819.4693233013318,0
2020-08-14,819.468994140625,819.8787286376953,818.6495251464844,818.6495251464844,0
2020-08-17,819.4611206054688,819.4775259971949,817.2567461251306,819.4693233013318,0
2020-08-18,819.4611206054688,819.4775259971949,818.8956847717333,819.4693233013318,0
2020-08-19,819.4611206054688,819.8790579629825,819.4611206054688,819.4611206054688,0
2020-08-20,819.468994140625,819.4771968331934,819.0756650286913,819.468994140625,0
2020-08-21,819.468994140625,821.9191984304786,819.1002230899782,821.9191984304786,0
2020-08-24,819.4611206054688,822.2555390071316,819.2644559705064,822.2555390071316,0
2020-08-25,819.468994140625,821.9191984304786,819.3050903385133,819.4771968331934,0
2020-08-26,819.468994140625,819.4771968331934,817.2564178531617,819.4771968331934,0
2020-08-27,819.468994140625,821.9191984304786,819.4607914480567,821.9191984304786,0
2020-08-28,819.468994140625,819.4771968331934,819.0592596435547,819.0592596435547,0
2020-08-31,820.8385009765625,823.301041128942,820.8385009765625,823.301041128942,0
2020-09-01,820.8385009765625,823.6376163393847,818.6304213025752,823.6376163393847,0
2020-09-02,820.8385009765625,823.301041128942,820.4362941010884,823.301041128942,0
2020-09-03,820.8385009765625,823.301041128942,820.8385009765625,823.301041128942,0
2020-09-04,820.8385009765625,823.301041128942,818.6304213025752,823.301041128942,0
2020-09-07,820.8464965820312,823.3008195907324,820.805464277301,823.3008195907324,0
2020-09-08,820.8464965820312,823.2187549812719,820.805464277301,823.2187549812719,0
2020-09-09,820.8464965820312,820.8547130630761,820.2883269764147,820.8464965820312,0
2020-09-10,820.8385009765625,823.0630136170613,820.8385009765625,823.0630136170613,0
2020-09-11,820.8464965820312,820.8547130630761,820.8382801009864,820.8464965820312,0
2020-09-14,820.8385009765625,820.8549339430741,818.9998123455337,820.8549339430741,0
2020-09-15,820.8464965820312,823.1038244476318,820.271894014325,823.1038244476318,0
2020-09-16,820.8385009765625,820.8549339430741,819.2460563406701,820.8467174598183,0
2020-09-17,820.8385009765625,823.0219813012899,819.6564796994,823.0219813012899,0
2020-09-18,820.8464965820312,822.9806774329469,820.0256500854492,822.9806774329469,0
2020-09-21,820.8464965820312,822.9806774329469,820.0338665664941,822.9806774329469,0
2020-09-22,820.8385009765625,820.8877497755898,820.0258707423585,820.0258707423585,0
2020-09-23,820.8385009765625,820.8549339430741,820.0258707423585,820.8385009765625,0
2020-09-24,820.8385009765625,822.9808988850108,818.6304213025752,818.6304213025752,0
2020-09-25,820.8464965820312,821.5031637591981,819.451047517743,819.861470766034,0
2020-09-28,820.8385009765625,820.8549339430741,819.4512680200351,820.8467174598183,0
2020-09-29,820.8385009765625,820.8549339430741,820.7235704119962,820.8467174598183,0
2020-09-30,822.5394897460938,824.678072337903,822.531256318584,824.678072337903,0
2020-10-01,822.5394897460938,824.678072337903,822.531256318584,824.678072337903,0
2020-10-05,822.5394897460938,824.7192394754513,821.3467974451966,824.7192394754513,0
2020-10-06,822.5394897460938,822.5477231736033,818.4267922973632,818.4267922973632,0
2020-10-07,822.5315551757812,824.5467876986355,821.7337156786785,824.5467876986355,0
2020-10-08,822.5315551757812,824.5467876986355,821.8817668161663,824.5467876986355,0
2020-10-09,822.5394897460938,824.678072337903,821.8897016225717,824.678072337903,0
2020-10-12,822.5315551757812,824.5467876986355,821.1414609248828,824.5467876986355,0
2020-10-13,822.5315551757812,824.5467876986355,822.5315551757812,824.5467876986355,0
2020-10-14,822.5394897460938,824.5464881092272,821.7251836838573,824.5464881092272,0
2020-10-15,822.5394897460938,824.1681018705666,822.531256318584,824.1681018705666,0
2020-10-16,822.5394897460938,824.5464881092272,822.531256318584,824.5464881092272,0
2020-10-19,822.5394897460938,824.7192394754513,821.7991841237917,824.7192394754513,0
2020-10-20,822.5315551757812,824.5467876986355,822.498671657621,824.5467876986355,0
2020-10-21,822.5315551757812,824.1519846653348,822.5315551757812,824.1519846653348,0
2020-10-22,822.5315551757812,822.5480220367835,822.5315551757812,822.5480220367835,0
2020-10-23,822.5315551757812,824.5467876986355,821.7994827149989,824.5467876986355,0
2020-10-26,822.5394897460938,824.1681018705666,821.7991841237917,824.1681018705666,0
2020-10-27,822.5394897460938,822.5477231736033,821.7991841237917,821.7991841237917,0
2020-10-28,822.5394897460938,824.5464881092272,821.1411625727601,824.5464881092272,0
2020-10-29,824.01025390625,825.6582744140626,823.2686245602965,825.6088358105719,0
2020-10-30,824.01025390625,825.9878986330629,823.4746271237732,825.9878986330629,0
2020-11-02,824.01025390625,825.6582744140626,824.0020057567358,825.6582744140626,0
2020-11-03,824.0022583007812,825.5514020764014,823.2853731836561,825.5514020764014,0
2020-11-04,824.0022583007812,826.1529136521567,824.0022583007812,826.1529136521567,0
2020-11-05,824.0022583007812,826.0210941003127,823.2688768795718,826.0210941003127,0
2020-11-06,824.0022583007812,825.9881517857541,823.9693159862227,825.9881517857541,0
2020-11-09,824.01025390625,825.9878986330629,823.2686245602965,825.9878986330629,0
2020-11-10,824.0022583007812,825.3948380684309,824.0022583007812,825.3948380684309,0
2020-11-11,824.0022583007812,824.0187546048655,822.4531145251611,824.0022583007812,0
2020-11-12,824.0022583007812,825.4937153057165,824.0022583007812,825.4937153057165,0
2020-11-13,824.01025390625,825.9384600295723,823.2933690088391,825.9384600295723,0
2020-11-14,824.01025390625,828.0479242678285,822.6094264158905,828.0479242678285,0
2020-11-17,824.01025390625,826.5317232714594,816.6847906785608,826.5317232714594,0
2020-11-18,824.0022583007812,824.8262688072341,823.211240402497,824.8262688072341,0
2020-11-19,824.01025390625,825.6253321096003,822.6918576174379,825.6253321096003,0
2020-11-20,824.01025390625,825.9878986330629,824.0020057567358,825.9878986330629,0
2020-11-23,824.01025390625,825.9878986330629,823.2768727098107,825.9878986330629,0
2020-11-24,824.0022583007812,826.5319765908246,823.3101176397824,826.5319765908246,0
2020-11-25,824.0022583007812,825.9881517857541,822.6096785331316,825.9881517857541,0
2020-11-26,824.01025390625,824.7765774071515,824.0020057567358,824.7765774071515,0
2020-11-27,824.01025390625,825.9878986330629,822.6094264158905,825.9878986330629,0
2020-12-01,825.5609741210938,832.1572642695207,825.4867011073834,832.1572642695207,0
2020-12-02,825.5609741210938,827.5506242020726,825.1564532567343,827.5506242020726,0
2020-12-03,825.5609741210938,827.5506242020726,825.5609741210938,827.5506242020726,0
2020-12-04,825.5691528320312,827.5422752005979,825.5608890783042,827.5422752005979,0
2020-12-07,825.5691528320312,827.756931242533,825.1563682556152,827.756931242533,0
2020-12-08,825.5691528320312,825.5774165857583,824.8674392076209,825.5691528320312,0
2020-12-09,825.5609741210938,826.3287474656684,825.5609741210938,826.3287474656684,0
2020-12-10,825.5691528320312,827.550538954325,825.5608890783042,827.550538954325,0
2020-12-11,825.5691528320312,827.550538954325,824.8509117001668,826.336926097516,0
2020-12-14,825.5691528320312,825.5774165857583,824.8509117001668,825.5691528320312,0
2020-12-15,825.5691528320312,827.5422752005979,825.5608890783042,827.5422752005979,0
2020-12-16,825.5691528320312,827.5422752005979,824.8509117001668,827.5422752005979,0
2020-12-17,825.5691528320312,827.5422752005979,825.5608890783042,827.5422752005979,0
2020-12-18,825.5691528320312,827.4679518057965,825.2389050154015,827.4679518057965,0
2020-12-21,825.5691528320312,826.336926097516,824.8509117001668,826.336926097516,0
2020-12-22,825.5609741210938,826.8075917324855,824.1657600935339,824.826205406085,0
2020-12-23,825.5609741210938,827.4680370450366,825.5609741210938,827.4680370450366,0
2020-12-24,825.5691528320312,826.336926097516,824.8509117001668,826.336926097516,0
2020-12-28,825.5609741210938,827.5506242020726,824.1657600935339,825.569237875672,0
2020-12-29,825.5691528320312,827.550538954325,824.8509117001668,827.550538954325,0
2020-12-30,825.5691528320312,827.4679518057965,824.8509117001668,827.4679518057965,0
2020-12-31,827.1217651367188,829.098598271437,825.5584928845689,829.098598271437,0
2021-01-01,827.1217651367188,829.0241350998319,827.1134858417064,829.0241350998319,0
2021-01-04,827.113525390625,828.7347023018727,826.3856541638206,828.7347023018727,0
2021-01-05,827.113525390625,827.8910219063703,827.113525390625,827.8910219063703,0
2021-01-06,827.113525390625,829.0241747401094,826.4187713454536,829.0241747401094,0
2021-01-07,827.113525390625,828.6933563083402,827.0969667998086,828.6933563083402,0
2021-01-08,827.1217651367188,828.693316683881,826.5593283944465,828.693316683881,0
2021-01-11,827.1217651367188,828.693316683881,826.4600778213106,828.693316683881,0
2021-01-12,827.113525390625,827.8910219063703,827.113525390625,827.8910219063703,0
2021-01-13,827.1217651367188,827.8909823202752,827.1134858417064,827.8909823202752,0
2021-01-14,827.1217651367188,828.693316683881,827.1134858417064,828.693316683881,0
2021-01-15,827.1217651367188,828.693316683881,826.7082042541504,828.693316683881,0
2021-01-18,827.1217651367188,828.693316683881,825.7156480392852,828.693316683881,0
2021-01-19,827.1217651367188,828.693316683881,826.5014238128662,828.693316683881,0
2021-01-20,827.113525390625,828.6933563083402,826.5014633325187,828.6933563083402,0
2021-01-21,827.113525390625,828.6933563083402,827.113525390625,828.6933563083402,0
2021-01-22,827.1217651367188,827.1300444317311,826.5427698044218,827.1217651367188,0
2021-01-25,827.113525390625,828.6933563083402,827.113525390625,828.6933563083402,0
2021-01-27,827.1217651367188,828.5278822341525,825.7156480392852,828.5278822341525,0
2021-01-28,827.1217651367188,828.693316683881,827.1134858417064,828.693316683881,0
2021-01-29,827.113525390625,828.7347023018727,826.5593679168678,828.7347023018727,0
2021-02-01,828.6822509765625,830.8865961532391,828.6822509765625,830.8865961532391,0
2021-02-02,828.6822509765625,830.2650782437581,828.027603653775,830.2650782437581,0
2021-02-03,828.6822509765625,830.2650782437581,828.276200701716,830.2650782437581,0
2021-02-04,828.6904296875,828.6987246844768,827.2816458411812,828.6904296875,0
2021-02-05,828.6904296875,830.2649617356061,827.2816458411812,827.2816458411812,0
2021-02-08,828.6822509765625,829.461222112949,827.969589246046,828.6905459747034,0
2021-02-09,828.6822509765625,830.8865961532391,828.0690280652224,830.8865961532391,0
2021-02-10,828.6904296875,830.2649617356061,827.9694730600119,828.6904296875,0
2021-02-11,828.6904296875,829.3782569063305,827.9694730600119,827.9694730600119,0
2021-02-12,828.6904296875,829.4611057175994,820.403525390625,828.0357824565767,0
2021-02-15,828.6904296875,830.671011953473,827.1241926363706,827.1241926363706,0
2021-02-16,828.6822509765625,829.461222112949,827.8618554287286,828.6905459747034,0
2021-02-17,828.6904296875,830.5964075599312,827.9694730600119,830.5964075599312,0
2021-02-18,828.6822509765625,830.5965241145938,827.281761930695,830.5965241145938,0
2021-02-19,828.6904296875,830.5964075599312,828.1103362708687,830.5964075599312,0
2021-02-22,828.6904296875,829.4611057175994,828.0689118652343,829.4611057175994,0
2021-02-23,828.6822509765625,828.6988409728442,827.281761930695,828.6905459747034,0
2021-02-24,828.6822509765625,830.5965241145938,827.7541216114114,830.5965241145938,0
2021-02-25,828.6822509765625,828.6988409728442,828.6822509765625,828.6822509765625,0
2021-02-26,828.6904296875,828.6987246844768,828.1517606765032,828.6904296875,0
2021-03-01,830.168701171875,832.0864080405993,829.5958770074517,832.0864080405993,0
2021-03-02,830.168701171875,830.1853209264907,829.6124967620674,830.1770110491829,0
2021-03-03,830.168701171875,830.1853209264907,830.0109655129763,830.1770110491829,0
2021-03-04,830.1770629882812,830.185372866109,830.0110174416862,830.1770629882812,0
2021-03-05,830.1770629882812,832.16119832962,830.1687531104534,832.16119832962,0
2021-03-08,830.1770629882812,832.0864600991569,830.1687531104534,832.0864600991569,0
2021-03-09,830.168701171875,832.0864080405993,829.554378290896,832.0864080405993,0
2021-03-10,830.1770629882812,832.0864600991569,830.1687531104534,832.0864600991569,0
2021-03-12,830.1770629882812,832.16119832962,828.6080161784365,832.16119832962,0
2021-03-15,830.1770629882812,832.0864600991569,830.1604432326257,832.0864600991569,0
2021-03-16,830.1770629882812,830.9076228573098,829.5793598245233,830.1770629882812,0
2021-03-17,830.1770629882812,832.0864600991569,830.1687531104534,832.0864600991569,0
2021-03-18,830.1770629882812,830.8661241381577,829.5793598245233,830.8661241381577,0
2021-03-19,830.1770629882812,830.899312979482,829.8117830537669,830.1770629882812,0
2021-03-22,830.1770629882812,832.0864600991569,829.6208585436754,832.0864600991569,0
2021-03-23,830.168701171875,832.717350676194,830.1022728233957,830.1770110491829,0
2021-03-24,830.1770629882812,832.0864600991569,830.094065549977,832.0864600991569,0
2021-03-25,830.1770629882812,830.185372866109,829.595928910192,830.1770629882812,0
2021-03-26,830.1770629882812,832.0864600991569,830.1687531104534,832.0864600991569,0
2021-03-30,830.168701171875,832.0864080405993,829.5958770074517,832.0864080405993,0
2021-03-31,831.9503784179688,833.4478789434768,831.4095903607085,833.4478789434768,0
2021-04-01,831.942138671875,833.8639422179014,830.5361403526972,833.8639422179014,0
2021-04-05,831.9503784179688,833.8638541326858,831.4179179890081,833.8638541326858,0
2021-04-06,831.9503784179688,831.9587060462683,831.4179179890081,831.9503784179688,0
2021-04-07,831.9503784179688,832.7240861765108,831.4179179890081,832.6741711849346,0
2021-04-08,831.9503784179688,833.8638541326858,831.9420507896691,833.8638541326858,0
2021-04-09,831.942138671875,833.8639422179014,831.409678186668,833.8639422179014,0
2021-04-12,831.9503784179688,832.6741711849346,831.9337231613695,832.6741711849346,0
2021-04-13,831.9503784179688,833.8638541326858,831.4179179890081,833.8638541326858,0
2021-04-15,831.9503784179688,833.8638541326858,830.5360526190138,833.8638541326858,0
2021-04-16,831.942138671875,833.8639422179014,831.4263334450264,833.8639422179014,0
2021-04-19,831.9503784179688,833.8638541326858,831.4512285022065,833.8638541326858,0
2021-04-20,831.9503784179688,833.8638541326858,831.9420507896691,833.8638541326858,0
2021-04-22,831.9503784179688,833.8638541326858,831.9420507896691,833.8638541326858,0
2021-04-23,831.9503784179688,831.9587060462683,831.9420507896691,831.9503784179688,0
2021-04-26,831.942138671875,833.8639422179014,831.343158709687,833.8639422179014,0
2021-04-27,831.942138671875,833.8639422179014,831.4513163325644,833.8639422179014,0
2021-04-28,831.942138671875,833.8556145887221,831.4513163325644,833.8556145887221,0
2021-04-29,831.9503784179688,833.8638541326858,830.5360526190138,833.8638541326858,0
2021-04-30,833.57568359375,836.12642315045,833.1588957519531,836.12642315045,0
2021-05-03,833.57568359375,833.5840274909734,832.7421079101563,833.57568359375,0
2021-05-04,833.57568359375,834.3008903682828,833.5673396965266,833.57568359375,0
2021-05-05,833.57568359375,833.5840274909734,833.5673396965266,833.57568359375,0
2021-05-06,833.5675659179688,834.301116788803,832.7423339076392,833.5675659179688,0
2021-05-07,833.57568359375,833.5840274909734,833.5673396965266,833.57568359375,0
2021-05-10,833.57568359375,833.5840274909734,833.083851554364,833.57568359375,0
2021-05-11,833.5675659179688,834.301116788803,833.0757846225406,834.301116788803,0
2021-05-12,833.57568359375,835.2428349609376,833.083851554364,835.2428349609376,0
2021-05-14,833.57568359375,834.3008903682828,829.6828993970454,834.3008903682828,0
2021-05-17,833.57568359375,834.3008903682828,833.0172021314204,834.3008903682828,0
2021-05-18,833.5675659179688,834.301116788803,833.5675659179688,834.301116788803,0
2021-05-19,833.5675659179688,834.301116788803,833.5675659179688,834.301116788803,0
2021-05-20,833.57568359375,834.3008903682828,833.0172021314204,834.3008903682828,0
2021-05-21,833.57568359375,833.5840274909734,831.1582937603592,831.1582937603592,0
2021-05-24,833.5675659179688,834.4094857272742,833.0840776445925,834.4094857272742,0
2021-05-25,833.57568359375,835.4928974905312,831.1582937603592,835.4928974905312,0
2021-05-26,833.5675659179688,833.5842537169445,832.7423339076392,832.7423339076392,0
2021-05-27,833.5675659179688,834.301116788803,833.1674657620358,834.301116788803,0
2021-05-28,833.5841064453125,834.2009443692092,833.4840814240009,834.2009443692092,0
2021-05-31,835.0631103515625,836.9086366472798,834.5119856081122,836.9086366472798,0
2021-06-01,835.0712280273438,837.9104905901179,834.7037946482636,837.9104905901179,0
2021-06-02,835.0712280273438,837.9104905901179,832.0649919939265,837.9104905901179,0
2021-06-03,835.0712280273438,837.9104905901179,832.0649919939265,837.9104905901179,0
2021-06-04,835.0712280273438,836.9918816580661,833.6515967459567,836.9918816580661,0
2021-06-07,835.0712280273438,835.0795868946166,834.5702056780085,835.0712280273438,0
2021-06-08,835.0712280273438,835.0795868946166,834.5785135765784,835.0712280273438,0
2021-06-09,835.0631103515625,837.5349402491958,834.4618833587076,837.5349402491958,0
2021-06-10,835.0631103515625,835.0798280909365,834.5453701181427,835.0714692212496,0
2021-06-11,835.0631103515625,837.0756611348676,835.0631103515625,837.0756611348676,0
2021-06-14,835.0631103515625,835.7979773219746,834.6622923563259,835.7979773219746,0
2021-06-15,835.0712280273438,837.0754193620905,834.5785135765784,837.0754193620905,0
2021-06-16,835.0712280273438,837.9104905901179,833.776877817642,837.9104905901179,0
2021-06-17,835.0712280273438,835.7977359182313,834.4616423408687,835.7977359182313,0
2021-06-18,835.0712280273438,835.0795868946166,834.6954357809909,834.6954357809909,0
2021-06-21,835.0631103515625,835.0798280909365,834.6956768663564,835.0714692212496,0
2021-06-22,835.0712280273438,835.8228125200495,835.062869160071,835.0712280273438,0
2021-06-23,835.0712280273438,837.3259305367582,834.5702056780085,837.3259305367582,0
2021-06-24,835.0712280273438,837.0754193620905,834.6954357809909,837.0754193620905,0
2021-06-25,835.0631103515625,835.0798280909365,833.5266073906772,835.0714692212496,0
2021-06-28,835.0631103515625,837.0756611348676,834.5119856081122,837.0756611348676,0
2021-06-29,835.0631103515625,835.7979773219746,834.2363977520283,834.2363977520283,0
2021-06-30,836.8486938476562,837.2587456398135,835.3089054412824,836.8654473339327,0
2021-07-01,836.8571166992188,836.8654934428184,836.4470648844689,836.8571166992188,0
2021-07-02,836.8571166992188,838.8488407231793,835.5599983838758,838.8488407231793,0
2021-07-05,836.8486938476562,839.7024050618841,833.8444055677485,839.7024050618841,0
2021-07-06,836.8571166992188,838.8320872359797,835.3507841047011,838.8320872359797,0
2021-07-07,836.8571166992188,836.8654934428184,835.3507841047011,836.8571166992188,0
2021-07-08,836.8571166992188,839.7024513270779,836.848739955619,839.7024513270779,0
2021-07-09,836.8571166992188,839.2840227687284,835.3507841047011,839.2840227687284,0
2021-07-12,836.8571166992188,838.5308309326172,836.0202595825194,836.0202595825194,0
2021-07-13,836.8571166992188,838.8488407231793,836.848739955619,838.8488407231793,0
2021-07-14,836.8486938476562,837.2587456398135,836.4470187986374,836.8570705907945,0
2021-07-15,836.8486938476562,836.8654473339327,835.3591148224098,835.3591148224098,0
2021-07-16,836.8571166992188,839.7024513270779,833.8444515101835,839.7024513270779,0
2021-07-19,836.8571166992188,837.5851783045306,836.848739955619,837.5851783045306,0
2021-07-20,836.8571166992188,839.7024513270779,836.4470648844689,839.7024513270779,0
2021-07-22,836.8486938476562,839.7024050618841,836.0202135202037,839.7024050618841,0
2021-07-23,836.8571166992188,839.1668505137413,833.8444515101835,833.8444515101835,0
2021-07-26,836.8486938476562,838.8487945050167,835.3172311067185,835.3172311067185,0
2021-07-27,836.8571166992188,839.7024513270779,833.8444515101835,839.7024513270779,0
2021-07-28,836.8486938476562,838.8655479912933,835.51811970893,835.51811970893,0
2021-07-29,836.8486938476562,838.8320410187403,836.4470187986374,838.8320410187403,0
2021-07-30,838.1500854492188,840.9998162023946,837.5885392158218,840.9998162023946,0
2021-08-02,838.1420288085938,839.8267193348371,836.1472267200376,839.8267193348371,0
2021-08-03,838.1500854492188,840.5639617878422,836.1552841533199,836.1552841533199,0
2021-08-04,838.1500854492188,840.3712036383077,837.5801495299079,840.3712036383077,0
2021-08-05,838.1420288085938,840.3212505906732,838.1420288085938,840.3212505906732,0
2021-08-06,838.1420288085938,839.8183296455894,838.1420288085938,839.8183296455894,0
2021-08-09,838.1500854492188,839.8179959342033,837.5885392158218,839.8179959342033,0
2021-08-10,838.1500854492188,838.988235534668,836.8090657751486,836.8090657751486,0
2021-08-11,838.1420288085938,840.3631478802698,835.8119972466235,840.3631478802698,0
2021-08-12,838.1500854492188,840.9998162023946,836.8509630480968,840.9998162023946,0
2021-08-13,838.1500854492188,839.8263856201172,837.7394000924081,839.8263856201172,0
2021-08-16,838.1500854492188,840.5639617878422,837.5885392158218,840.5639617878422,0
2021-08-17,838.1500854492188,840.6645357055664,837.0186032965108,840.6645357055664,0
2021-08-18,838.1420288085938,840.5642957956466,837.5888720413076,840.5642957956466,0
2021-08-20,838.1500854492188,840.5555721019283,837.7394000924081,840.5555721019283,0
2021-08-23,838.1420288085938,840.245794544086,837.5888720413076,840.245794544086,0
2021-08-24,838.1420288085938,841.0001503833909,838.1420288085938,841.0001503833909,0
2021-08-25,838.1420288085938,838.9047743371463,835.7281515107886,838.9047743371463,0
2021-08-26,838.1420288085938,838.9047743371463,838.1420288085938,838.1420288085938,0
2021-08-27,838.1500854492188,840.8153965821527,835.7697166976295,840.8153965821527,0
2021-08-30,838.1420288085938,840.161999964893,837.5385850624634,840.161999964893,0
2021-08-31,839.8480834960938,842.7035874840841,837.5049257968329,842.7035874840841,0
2021-09-01,839.8394775390625,842.7033875299893,837.4795070348155,842.7033875299893,0
2021-09-02,839.8394775390625,840.6037678194405,839.469942419596,840.6037678194405,0
2021-09-03,839.8394775390625,840.6037678194405,839.8394775390625,839.8478842195442,0
2021-09-06,839.8480834960938,841.5277796630859,839.4365661368221,841.5277796630859,0
2021-09-07,839.8480834960938,842.4852187807336,839.8061013439708,842.4852187807336,0
2021-09-08,839.8480834960938,840.5199517108388,839.8396768136173,840.5199517108388,0
2021-09-09,839.8480834960938,839.8564901785702,839.2853996330239,839.8480834960938,0
2021-09-13,839.8480834960938,839.8564901785702,838.5043470666036,838.5043470666036,0
2021-09-14,839.8394775390625,842.7033875299893,838.168188451105,842.7033875299893,0
2021-09-15,839.8394775390625,839.8562909000258,839.6379222484893,839.8478842195442,0
2021-09-16,839.8480834960938,839.8564901785702,839.2853996330239,839.2853996330239,0
2021-09-17,839.8480834960938,842.1912411953546,837.8324275915995,837.8324275915995,0
2021-09-20,839.8480834960938,842.5187942503802,837.4628923844509,842.5187942503802,0
2021-09-21,839.8394775390625,841.5275799879832,839.4363669579161,841.5275799879832,0
2021-09-22,839.8394775390625,841.8635396457698,838.5041481088916,841.8635396457698,0
2021-09-23,839.8394775390625,842.5185943401327,839.2767938095045,842.5185943401327,0
2021-09-24,839.8563232421875,842.1910737948987,839.2600127677393,842.1910737948987,0
2021-09-27,839.8394775390625,842.1910413628278,837.4626936738521,842.1910413628278,0
2021-09-28,839.8480834960938,841.779723836083,839.8396768136173,841.779723836083,0
2021-09-29,839.8228149414062,839.8564416693697,838.9242226529951,839.8480349873788,0
2021-09-30,841.1827392578125,843.2015983687193,841.1574791316092,843.2015983687193,0
2021-10-01,841.1827392578125,844.042781107977,840.8462456254214,844.042781107977,0
2021-10-04,841.1827392578125,843.1174492897615,839.7527183327303,843.1174492897615,0
2021-10-05,841.17431640625,843.1174464737768,839.7527155279836,843.1174464737768,0
2021-10-06,841.1827392578125,841.9145641336293,841.1743192157447,841.9145641336293,0
2021-10-07,841.17431640625,843.1174464737768,839.7527155279836,843.1174464737768,0
2021-10-08,841.1827392578125,842.6716491356492,841.1743192157447,842.6716491356492,0
2021-10-11,841.1827392578125,843.1174492897615,840.3247164344192,843.1174492897615,0
2021-10-12,841.1827392578125,842.6463890094459,840.5098033347502,842.6463890094459,0
2021-10-13,841.17431640625,843.6221869206776,840.6107383485112,843.6221869206776,0
2021-10-14,841.1827392578125,843.0417715945914,841.1743192157447,843.0417715945914,0
2021-10-18,841.17431640625,842.0239191847379,839.7527155279836,841.1827364482897,0
2021-10-19,841.17431640625,841.5949077744742,840.5686894800327,841.1827364482897,0
2021-10-20,841.17431640625,842.8651019211862,840.5518493959535,842.7052751475923,0
2021-10-21,841.17431640625,848.6692833393673,838.7937548864198,848.6692833393673,0
2021-10-22,841.1827392578125,843.0333515525236,840.7705679302513,843.0333515525236,0
2021-10-25,841.1827392578125,843.6221897383481,840.7705679302513,842.0239219970704,0
2021-10-26,841.17431640625,843.0333487368199,841.17431640625,843.0333487368199,0
2021-10-27,841.1827392578125,842.755746872887,840.7705679302513,841.1827392578125,0
2021-10-28,841.1827392578125,843.857694207646,838.7937576879635,843.857694207646,0
2021-10-29,841.1827392578125,843.0333515525236,839.7527183327303,843.0333515525236,0
2021-11-01,843.0184326171875,843.760300380114,842.4788830706452,843.760300380114,0
2021-11-02,843.0184326171875,844.8815405258993,841.5937151468261,844.8815405258993,0
2021-11-03,843.035400390625,844.5444001288635,841.5938057622543,843.0185233860169,0
2021-11-04,843.0184326171875,848.6751614459329,840.7928293284081,848.6751614459329,0
2021-11-08,843.0184326171875,844.8815405258993,840.7928293284081,844.8815405258993,0
2021-11-09,843.0184326171875,844.8815405258993,842.1838442474644,844.8815405258993,0
2021-11-10,843.0267944335938,843.8698212280274,841.5936385922022,843.8698212280274,0
2021-11-11,843.0267944335938,845.47159271916,835.5322738820538,845.47159271916,0
2021-11-12,843.0184326171875,844.9658226313004,842.6137961844191,844.9658226313004,0
2021-11-15,843.0184326171875,843.8698979897016,840.6326521647244,843.8698979897016,0
2021-11-16,843.0267944335938,845.47159271916,841.5346205420792,843.0183559329658,0
2021-11-17,843.035400390625,843.8699888502092,841.5938057622543,843.8699888502092,0
2021-11-18,843.0267944335938,844.9657457699366,841.5936385922022,844.9657457699366,0
2021-11-22,843.0267944335938,845.70761346538,834.5965264892578,845.70761346538,0
2021-11-23,843.0184326171875,844.9658226313004,841.5937151468261,844.9658226313004,0
2021-11-24,843.0267944335938,844.7128480224609,842.4619808885194,844.7128480224609,0
2021-11-25,843.0267944335938,845.47159271916,840.6325756975226,845.47159271916,0
2021-11-26,843.0267944335938,844.9657457699366,842.4535423878915,844.9657457699366,0
2021-11-29,843.0184326171875,843.4483845541423,842.4873215720406,843.4483845541423,0
2021-11-30,844.79638671875,846.747883843608,843.3686644715391,846.747883843608,0
2021-12-01,844.79638671875,852.323626745199,844.2641555426255,852.323626745199,0
2021-12-02,844.79638671875,846.747883843608,844.5091819472897,846.747883843608,0
2021-12-03,844.79638671875,846.747883843608,844.2303819115112,846.747883843608,0
2021-12-06,844.8047485351562,846.7477891442292,843.3685701500885,846.7477891442292,0
2021-12-07,844.79638671875,846.747883843608,844.79638671875,846.747883843608,0
2021-12-08,844.79638671875,847.4913162304867,842.4055745754284,847.4913162304867,0
2021-12-09,844.79638671875,846.747883843608,844.3908968941963,846.747883843608,0
2021-12-10,844.8047485351562,846.7477891442292,843.3685701500885,846.7477891442292,0
2021-12-13,844.79638671875,846.747883843608,843.2588357169232,846.747883843608,0
2021-12-14,844.8047485351562,846.4436718098261,842.5237654015534,842.5237654015534,0
2021-12-15,844.8047485351562,846.7477891442292,843.115139038086,846.7477891442292,0
2021-12-16,844.79638671875,846.747883843608,844.255699244148,846.747883843608,0
2021-12-17,844.8047485351562,847.5925938927644,844.7962922376246,847.5925938927644,0
2021-12-20,844.8047485351562,846.7477891442292,844.3908024584205,846.7477891442292,0
2021-12-21,844.79638671875,846.747883843608,844.255699244148,846.747883843608,0
2021-12-22,844.79638671875,846.4944527032619,842.5238596285218,846.4944527032619,0
2021-12-23,844.79638671875,846.4437664751927,844.255699244148,846.4437664751927,0
2021-12-24,844.8047485351562,846.7477891442292,844.2302874936872,846.7477891442292,0
2021-12-27,844.79638671875,846.747883843608,843.3686644715391,846.747883843608,0
2021-12-28,844.79638671875,846.747883843608,844.720383158044,846.747883843608,0
2021-12-29,844.8047485351562,846.5788178819643,844.7202886854187,846.5788178819643,0
2021-12-30,844.8047485351562,846.7477891442292,844.7202886854187,846.7477891442292,0
2021-12-31,846.517333984375,848.4643135190755,845.9417083973437,848.4643135190755,0
2022-01-03,846.5089721679688,848.464425400633,845.5439298798163,848.464425400633,0
2022-01-04,846.5089721679688,848.2104805004151,845.0783556181962,846.5428659328808,0
2022-01-05,846.5089721679688,847.7872217776105,845.0783556181962,847.7872217776105,0
2022-01-06,846.5089721679688,848.1681649615996,845.9248730638054,847.3639630548059,0
2022-01-07,846.517333984375,848.4643135190755,846.1025487574935,848.4643135190755,0
2022-01-10,846.5089721679688,846.9322308907733,845.9671886026209,846.5174456091968,0
2022-01-11,846.517333984375,847.3638513183594,845.840130450651,847.3638513183594,0
2022-01-12,846.517333984375,848.4643135190755,845.9670770503581,848.4643135190755,0
2022-01-13,846.5089721679688,848.464425400633,846.5089721679688,848.464425400633,0
2022-01-14,846.5089721679688,849.0146824072087,846.5089721679688,849.0146824072087,0
2022-01-17,846.5089721679688,847.2031226734472,845.0783556181962,846.5174456091968,0
2022-01-18,846.517333984375,848.2103686523437,845.9670770503581,848.2103686523437,0
2022-01-19,846.5089721679688,848.464425400633,846.5089721679688,848.464425400633,0
2022-01-20,846.5089721679688,848.464425400633,845.9671886026209,848.464425400633,0
2022-01-21,846.517333984375,848.2103686523437,845.9670770503581,848.2103686523437,0
2022-01-24,846.517333984375,848.2103686523437,845.9247615171224,848.2103686523437,0
2022-01-25,846.5089721679688,848.464425400633,845.0783556181962,848.464425400633,0
2022-01-27,846.517333984375,846.5258074244857,845.9670770503581,846.517333984375,0
2022-01-28,846.517333984375,848.4558400789648,845.9670770503581,846.517333984375,0
2022-01-31,848.5408935546875,850.4925272516981,847.9893212575466,850.4925272516981,0
2022-02-01,848.5324096679688,850.4925370831054,848.5324096679688,850.4925370831054,0
2022-02-02,848.5324096679688,848.5493970591004,847.9723954597125,848.5409033635347,0
2022-02-03,848.5408935546875,848.5493872501553,848.5323998592198,848.5408935546875,0
2022-02-04,848.5408935546875,856.0929282236547,848.1251168033779,856.0929282236547,0
2022-02-07,848.5408935546875,850.4501105651856,847.0559469909668,850.4501105651856,0
2022-02-08,848.5324096679688,851.5956298993127,847.9893310600177,851.5956298993127,0
2022-02-09,848.5324096679688,851.2222698301997,847.1407901566541,851.2222698301997,0
2022-02-10,848.5324096679688,856.0929381198007,848.5239159724028,856.0929381198007,0
2022-02-11,848.5408935546875,850.4501105651856,847.9893212575466,850.4501105651856,0
2022-02-14,848.5408935546875,851.2562347722277,847.1407803639919,851.2562347722277,0
2022-02-15,848.5324096679688,850.4501203961025,848.5324096679688,850.4501203961025,0
2022-02-16,848.5408935546875,850.4501105651856,846.5043746938259,846.5043746938259,0
2022-02-17,848.5408935546875,851.2562347722277,847.946904571034,851.2562347722277,0
2022-02-18,848.5408935546875,850.2379753417969,847.946904571034,850.2379753417969,0
2022-02-21,848.5408935546875,851.2392473812923,848.1590397944227,851.2392473812923,0
2022-02-22,848.5408935546875,848.5493872501553,848.1251168033779,848.5408935546875,0
2022-02-23,848.5408935546875,850.2379753417969,847.9893212575466,850.2379753417969,0
2022-02-24,848.5324096679688,850.4501203961025,847.7008561557369,847.7008561557369,0
2022-02-25,848.5408935546875,848.5493872501553,847.9893212575466,848.5408935546875,0
2022-02-28,848.6014404296875,848.6099347312153,848.1856340110004,848.6014404296875,0
2022-03-02,848.5928344726562,851.3168633840431,846.3100948264762,851.3168633840431,0
2022-03-03,848.5928344726562,851.2828861824028,848.049717191558,850.5106817628058,0
2022-03-04,848.6014404296875,850.5107936706544,848.2195594225899,850.5107936706544,0
2022-03-07,848.5928344726562,850.8076715100705,847.1162764477135,850.8076715100705,0
2022-03-08,848.5928344726562,849.4499301018394,847.9648777764866,849.4499301018394,0
2022-03-09,848.5928344726562,849.4499301018394,848.5928344726562,848.5928344726562,0
2022-03-10,848.5928344726562,856.1539013169526,846.3525145340119,856.1539013169526,0
2022-03-11,848.6014404296875,851.2829981918559,846.1913895492778,851.2829981918559,0
2022-03-14,848.6014404296875,849.4500418701173,846.3526258947403,849.4500418701173,0
2022-03-15,848.6014404296875,850.8077834569962,846.3102061816231,850.8077834569962,0
2022-03-16,848.5928344726562,850.213692015541,848.049717191558,850.213692015541,0
2022-03-17,848.6014404296875,850.2986433105469,846.1913895492778,847.7528389892578,0
2022-03-21,848.5928344726562,850.8076715100705,848.049717191558,850.8076715100705,0
2022-03-22,848.5928344726562,851.2828861824028,848.049717191558,851.2828861824028,0
2022-03-23,848.6014404296875,850.8077834569962,846.3102061816231,850.8077834569962,0
2022-03-24,848.6014404296875,851.2829981918559,846.1913895492778,846.1913895492778,0
2022-03-25,848.6014404296875,851.2829981918559,846.1913895492778,851.2829981918559,0
2022-03-28,848.6014404296875,850.2647178989574,848.0498287755996,850.2647178989574,0
2022-03-29,848.6014404296875,850.2562235974298,848.5929461281598,850.2562235974298,0
2022-03-30,848.6014404296875,850.2392349943742,848.5929461281598,850.2392349943742,0
2022-03-31,850.5701904296875,853.2579693889842,850.1534193427265,853.2579693889842,0
2022-04-01,850.5701904296875,858.1402858903855,850.0172990400345,858.1402858903855,0
2022-04-04,850.5615844726562,851.4206685784696,848.8689582830297,851.4206685784696,0
2022-04-05,850.5615844726562,853.2578771487277,850.5615844726562,853.2578771487277,0
2022-04-06,850.5701904296875,850.5787044379413,850.2554836124033,850.5787044379413,0
2022-04-07,850.5615844726562,853.2578771487277,850.5615844726562,853.2578771487277,0
2022-04-08,850.5701904296875,853.2579693889842,850.0172990400345,850.0172990400345,0
2022-04-11,850.5701904296875,853.2579693889842,850.0172990400345,853.2579693889842,0
2022-04-12,850.5701904296875,850.5787044379413,850.1534193427265,850.1534193427265,0
2022-04-13,850.5701904296875,852.7816521589309,850.1704473592341,852.7816521589309,0
2022-04-18,850.5615844726562,850.9868695218962,850.5615844726562,850.5700984799896,0
2022-04-19,850.5701904296875,850.5787044379413,850.2384555958956,850.5616764214337,0
2022-04-20,850.5701904296875,850.5787044379413,850.5616764214337,850.5701904296875,0
2022-04-21,850.5615844726562,853.2578771487277,850.0172071501062,853.2578771487277,0
2022-04-22,850.5701904296875,852.2713308105469,850.5616764214337,852.2713308105469,0
2022-04-25,850.5701904296875,852.2713308105469,850.3235437637493,852.2713308105469,0
2022-04-26,850.5615844726562,852.2712386769497,850.0172071501062,852.2712386769497,0
2022-04-27,850.5615844726562,852.2712386769497,850.5615844726562,852.2712386769497,0
2022-04-28,850.5701904296875,850.5787044379413,850.0172990400345,850.0172990400345,0
2022-04-29,852.4215087890625,853.4102948470786,852.4044437100291,853.4102948470786,0
2022-05-02,852.412841796875,852.4299068732166,851.8672796306594,852.4213743350458,0
2022-05-04,852.4215087890625,854.1263518066406,851.8674139972776,854.1263518066406,0
2022-05-05,852.412841796875,855.115002985769,852.0463068492315,855.115002985769,0
2022-05-06,852.4215087890625,855.1151378646567,851.8674139972776,855.1151378646567,0
2022-05-09,852.4215087890625,853.2739302978516,852.4129762495459,853.2739302978516,0
2022-05-10,852.4215087890625,855.1151378646567,851.8674139972776,855.1151378646567,0
2022-05-11,852.412841796875,854.1262170837159,851.8672796306594,851.8672796306594,0
2022-05-12,852.4215087890625,855.1151378646567,852.4129762495459,852.4300413285793,0
2022-05-13,852.4215087890625,855.1151378646567,850.8530303207115,852.4215087890625,0
2022-05-16,852.4215087890625,854.1263518066406,851.8674139972776,854.1263518066406,0
2022-05-17,852.412841796875,855.115002985769,852.0974500505848,855.115002985769,0
2022-05-18,852.4215087890625,854.6377839008421,851.9441548252479,854.1263518066406,0
2022-05-19,852.4215087890625,854.1263518066406,852.0208956532181,854.1263518066406,0
2022-05-20,852.412841796875,852.4299068732166,852.0207612623908,852.0207612623908,0
2022-05-23,852.412841796875,855.115002985769,851.9525529846959,855.115002985769,0
2022-05-24,852.4215087890625,852.4300413285793,851.9526873647645,852.4215087890625,0
2022-05-25,852.4215087890625,854.6377839008421,850.119960309796,854.6377839008421,0
2022-05-26,852.412841796875,852.7623636958485,852.0036961860492,852.7623636958485,0
2022-05-27,852.4215087890625,852.4300413285793,852.4129762495459,852.4215087890625,0
2022-05-30,852.412841796875,854.6376490972483,852.0207612623908,854.6376490972483,0
2022-05-31,854.7807006835938,857.4903680198271,854.7807006835938,857.4903680198271,0
2022-06-01,854.7894897460938,856.4136106454953,854.2338557088747,854.7894897460938,0
2022-06-02,854.7807006835938,856.8835010376166,854.7807006835938,856.8835010376166,0
2022-06-03,854.7807006835938,854.7978131638349,854.7807006835938,854.7892569237143,0
2022-06-06,854.7807006835938,856.4646626492753,854.5328305810764,856.4646626492753,0
2022-06-07,854.7894897460938,857.4906015779189,854.2338557088747,854.2338557088747,0
2022-06-08,854.7894897460938,857.4906015779189,854.7638210187405,857.4906015779189,0
2022-06-09,854.7894897460938,855.5588211557492,853.2166541291884,855.5588211557492,0
2022-06-10,854.7807006835938,855.1995390719351,854.5755596094834,855.1995390719351,0
2022-06-13,854.7894897460938,857.4906015779189,854.4561093237623,857.4906015779189,0
2022-06-14,854.7807006835938,854.7978131638349,854.3447498150114,854.7978131638349,0
2022-06-15,854.7807006835938,854.7978131638349,853.9344676667906,853.9344676667906,0
2022-06-16,854.7894897460938,856.4990687255859,853.0799107666015,856.4990687255859,0
2022-06-17,854.7807006835938,854.7978131638349,854.7807006835938,854.7892569237143,0
2022-06-20,854.7807006835938,856.4988354375618,854.4045913236595,854.7978131638349,0
2022-06-21,854.7807006835938,854.7978131638349,854.7635882033526,854.7892569237143,0
2022-06-22,854.7894897460938,854.7980459885448,854.6185214137025,854.6185214137025,0
2022-06-23,854.7894897460938,857.4906015779189,853.2166541291884,854.7980459885448,0
2022-06-24,854.7807006835938,854.7978131638349,854.7807006835938,854.7978131638349,0
2022-06-27,854.7807006835938,854.7978131638349,853.2164217352085,854.7892569237143,0
2022-06-28,854.7894897460938,857.0119215505496,854.7467607060485,857.0119215505496,0
2022-06-29,854.7894897460938,857.0119215505496,852.4815476893373,852.4815476893373,0
2022-06-30,857.1088256835938,858.8230433349609,857.1002462251334,858.8230433349609,0
2022-07-01,857.1088256835938,858.8230433349609,857.1002462251334,858.8230433349609,0
2022-07-04,857.0999145507812,858.8227109939334,857.0999145507812,858.8227109939334,0
2022-07-05,857.1088256835938,859.8172665546946,856.5516840213909,857.1174051420539,0
2022-07-06,857.0999145507812,858.8227109939334,856.5513525593173,858.8227109939334,0
2022-07-07,857.0999145507812,858.8227109939334,857.0999145507812,857.1170734610616,0
2022-07-08,857.1088256835938,859.8172665546946,855.5317224262766,859.8172665546946,0
2022-07-11,857.0999145507812,858.8227109939334,856.6370947969684,858.8227109939334,0
2022-07-12,857.0999145507812,857.1170734610616,856.5513525593173,857.1170734610616,0
2022-07-13,857.0999145507812,859.8169338289298,856.5513525593173,859.8169338289298,0
2022-07-14,857.1088256835938,858.8058844180405,857.1002462251334,857.1174051420539,0
2022-07-15,857.0999145507812,857.1170734610616,856.5513525593173,857.1084940059214,0
2022-07-18,857.0999145507812,859.3369551648366,856.6885192140587,859.3369551648366,0
2022-07-19,857.0999145507812,858.8227109939334,856.7913680482394,857.1084940059214,0
2022-07-20,857.1088256835938,857.1174051420539,857.1002462251334,857.1174051420539,0
2022-07-21,857.1088256835938,859.8172665546946,856.5516840213909,856.5516840213909,0
2022-07-22,857.1088256835938,858.52307617148,856.8945484771727,858.52307617148,0
2022-07-25,857.0999145507812,857.1170734610616,856.5513525593173,857.1084940059214,0
2022-07-26,857.0999145507812,857.9656024999274,856.6885192140587,857.9656024999274,0
2022-07-27,857.0999145507812,857.9656024999274,857.0999145507812,857.9656024999274,0
2022-07-28,857.0999145507812,857.1170734610616,856.5513525593173,857.1084940059214,0
2022-07-29,857.1088256835938,857.1174051420539,848.5377374267578,857.1088256835938,0
2022-08-01,859.975830078125,859.9930465634625,858.6944616633125,858.6944616633125,0
2022-08-02,859.975830078125,859.9930465634625,859.975830078125,859.9930465634625,0
2022-08-03,859.9847412109375,862.7022698978707,859.9761329652368,862.7022698978707,0
2022-08-04,859.9847412109375,859.993349456638,859.9761329652368,859.9847412109375,0
2022-08-05,859.975830078125,861.7044071974353,859.975830078125,861.7044071974353,0
2022-08-08,859.9847412109375,859.993349456638,859.9761329652368,859.9761329652368,0
2022-08-10,859.9847412109375,859.993349456638,859.9761329652368,859.993349456638,0
2022-08-11,859.9847412109375,859.993349456638,859.9761329652368,859.993349456638,0
2022-08-12,859.9847412109375,859.993349456638,859.9761329652368,859.9847412109375,0
2022-08-16,859.9847412109375,862.7022698978707,859.9761329652368,862.7022698978707,0
2022-08-17,859.9847412109375,862.7022698978707,859.9761329652368,862.7022698978707,0
2022-08-18,859.9847412109375,859.993349456638,859.9761329652368,859.9847412109375,0
2022-08-19,859.9931640625,860.1995519576099,859.9759475748103,859.9931640625,0
2022-08-22,859.9847412109375,859.993349456638,859.9761329652368,859.9761329652368,0
2022-08-23,859.975830078125,859.9930465634625,859.975830078125,859.9844383207937,0
2022-08-24,859.975830078125,859.9930465634625,859.975830078125,859.9844383207937,0
2022-08-25,859.9847412109375,859.993349456638,859.9761329652368,859.993349456638,0
2022-08-26,859.9847412109375,862.4012962341681,859.9761329652368,862.4012962341681,0
2022-08-29,859.9847412109375,859.993349456638,859.9761329652368,859.993349456638,0
2022-08-30,859.975830078125,859.9930465634625,859.563054344302,859.9930465634625,0
2022-09-01,863.228271484375,864.0483488797396,861.5018149414062,863.228271484375,0
2022-09-02,863.228271484375,863.2369121970534,863.2196307716965,863.2369121970534,0
2022-09-05,863.2192993164062,863.2365807351275,862.6668207898492,863.2365807351275,0
2022-09-06,863.2192993164062,863.2365807351275,863.2192993164062,863.2365807351275,0
2022-09-07,863.228271484375,864.9547280273438,862.6671520330011,864.9547280273438,0
2022-09-08,863.2192993164062,863.2365807351275,863.2192993164062,863.2365807351275,0
2022-09-09,863.228271484375,863.2369121970534,863.2196307716965,863.2369121970534,0
2022-09-12,863.2192993164062,863.2365807351275,863.2192993164062,863.2279400257669,0
2022-09-13,863.228271484375,864.0483488797396,862.8052980613112,864.0483488797396,0
2022-09-14,863.228271484375,863.2369121970534,861.5018149414062,863.228271484375,0
2022-09-15,863.228271484375,863.2369121970534,863.2196307716965,863.228271484375,0
2022-09-16,863.228271484375,864.9547280273438,863.2196307716965,863.2196307716965,0
2022-09-19,863.228271484375,863.2369121970534,863.2196307716965,863.2369121970534,0
2022-09-20,863.2192993164062,863.6509132864192,863.2192993164062,863.2279400257669,0
2022-09-21,863.228271484375,863.2369121970534,863.2196307716965,863.2196307716965,0
2022-09-22,863.2192993164062,863.2365807351275,863.2192993164062,863.2279400257669,0
2022-09-23,863.228271484375,863.5649431551992,862.8915998135507,863.5649431551992,0
2022-09-26,863.228271484375,863.2369121970534,863.2196307716965,863.228271484375,0
2022-09-27,863.2192993164062,863.2365807351275,863.2192993164062,863.2365807351275,0
2022-09-28,863.228271484375,863.2369121970534,863.2196307716965,863.2369121970534,0
2022-09-29,863.228271484375,863.2369121970534,863.2196307716965,863.228271484375,0
2022-09-30,866.3329467773438,866.3675810595788,866.159669612635,866.159669612635,0
2022-10-03,866.3329467773438,866.3416185670942,866.3242749875933,866.3329467773438,0
2022-10-04,866.3329467773438,866.3416185670942,866.3242749875933,866.3416185670942,0
2022-10-06,866.341796875,866.5497083647356,866.3244532919294,866.341796875,0
2022-10-07,866.3329467773438,866.3416185670942,866.3242749875933,866.3329467773438,0
2022-10-10,866.3242797851562,866.3416233647532,859.1857047244613,866.3329515749547,0
2022-10-11,866.3329467773438,866.3416185670942,866.3242749875933,866.3416185670942,0
2022-10-12,866.3242797851562,866.3416233647532,866.3242797851562,866.3329515749547,0
2022-10-13,866.3242797851562,866.3416233647532,866.3242797851562,866.3416233647532,0
2022-10-14,866.3242797851562,866.3416233647532,866.3242797851562,866.3416233647532,0
2022-10-17,866.3242797851562,867.1559784543043,866.3242797851562,867.1559784543043,0
2022-10-18,866.3242797851562,866.3416233647532,866.116368337061,866.3416233647532,0
2022-10-19,866.3242797851562,866.3416233647532,866.3242797851562,866.3416233647532,0
2022-10-20,866.3329467773438,866.549530014038,864.6002808837891,866.3329467773438,0
2022-10-21,866.3242797851562,868.0656174781046,866.3242797851562,866.3416233647532,0
2022-10-24,866.3242797851562,868.0656174781046,864.6002856718048,866.3329515749547,0
2022-10-25,866.3242797851562,868.0656174781046,866.3242797851562,868.0656174781046,0
2022-10-27,866.3242797851562,866.3416233647532,866.116368337061,866.3242797851562,0
2022-10-28,866.3329467773438,866.3416185670942,866.3242749875933,866.3416185670942,0
2022-10-31,870.2660522460938,872.0153130194907,870.2660522460938,872.0153130194907,0
2022-11-01,870.2660522460938,870.2834747389176,870.2660522460938,870.2834747389176,0
2022-11-02,870.2747802734375,870.2834915200174,870.2660690268576,870.2834915200174,0
2022-11-03,870.2747802734375,870.2834915200174,869.404505493164,870.2747802734375,0
2022-11-04,870.2747802734375,870.2834915200174,870.2660690268576,870.2834915200174,0
2022-11-07,870.2747802734375,870.2834915200174,870.0572115783691,870.2747802734375,0
2022-11-09,870.2747802734375,870.2834915200174,870.2660690268576,870.2747802734375,0
2022-11-10,870.2747802734375,870.2834915200174,852.8692846679687,870.2834915200174,0
2022-11-11,870.2747802734375,870.2834915200174,870.2660690268576,870.2834915200174,0
2022-11-14,870.2747802734375,870.2834915200174,870.2660690268576,870.2834915200174,0
2022-11-15,870.2747802734375,870.2834915200174,870.2660690268576,870.2747802734375,0
2022-11-16,870.2747802734375,870.7012064169944,870.2660690268576,870.7012064169944,0
2022-11-17,870.2660522460938,870.2834747389176,870.2660522460938,870.2834747389176,0
2022-11-18,870.2747802734375,870.2834915200174,870.2660690268576,870.2834915200174,0
2022-11-21,870.2747802734375,872.0153298339844,870.2660690268576,872.0153298339844,0
2022-11-22,870.2747802734375,872.0153298339844,870.2660690268576,872.0153298339844,0
2022-11-23,870.2747802734375,870.2834915200174,870.2660690268576,870.2834915200174,0
2022-11-24,870.2747802734375,870.2834915200174,870.2660690268576,870.2660690268576,0
2022-11-25,870.2747802734375,872.0153298339844,870.2660690268576,870.2747802734375,0
2022-11-28,870.2747802734375,870.2834915200174,870.2660690268576,870.2834915200174,0
2022-11-29,870.2747802734375,872.0153298339844,870.2660690268576,870.2660690268576,0
2022-11-30,873.7114868164062,873.7202324636131,873.7027411691993,873.7202324636131,0
2022-12-01,873.7114868164062,873.7202324636131,873.7027411691993,873.7202324636131,0
2022-12-02,873.7114868164062,873.7202324636131,873.7027411691993,873.7202324636131,0
2022-12-05,873.7025146484375,873.7200059383165,873.7025146484375,873.7025146484375,0
2022-12-06,873.7114868164062,874.1395969126075,873.7027411691993,874.1395969126075,0
2022-12-07,873.7025146484375,873.7200059383165,873.7025146484375,873.7200059383165,0
2022-12-08,873.7025146484375,873.7200059383165,873.7025146484375,873.711260293377,0
2022-12-09,873.7114868164062,873.7202324636131,873.7027411691993,873.7114868164062,0
2022-12-12,873.7025146484375,874.1393702785842,873.7025146484375,873.7025146484375,0
2022-12-13,873.7114868164062,873.7202324636131,872.8377753295898,873.7202324636131,0
2022-12-14,873.7114868164062,873.7202324636131,873.7027411691993,873.7202324636131,0
2022-12-15,873.7025146484375,873.7200059383165,873.7025146484375,873.7200059383165,0
2022-12-16,873.7114868164062,873.7202324636131,873.7027411691993,873.7202324636131,0
2022-12-19,873.7114868164062,873.7202324636131,873.283376720205,873.7114868164062,0
2022-12-20,873.7025146484375,873.7200059383165,872.8375490330836,872.8375490330836,0
2022-12-21,873.7114868164062,873.7202324636131,873.7027411691993,873.7202324636131,0
2022-12-22,873.7114868164062,874.5851983032226,873.7027411691993,874.5851983032226,0
2022-12-23,873.7025146484375,873.7200059383165,873.7025146484375,873.711260293377,0
2022-12-26,873.7114868164062,875.458909790039,871.5708830082826,875.458909790039,0
2022-12-27,873.7114868164062,873.7202324636131,873.7027411691993,873.7114868164062,0
2022-12-28,873.7114868164062,873.7202324636131,873.7027411691993,873.7202324636131,0
2022-12-29,873.7114868164062,873.7202324636131,873.7027411691993,873.7202324636131,0
2022-12-30,877.61572265625,879.3709541015625,877.6069379285574,877.61572265625,0
2023-01-02,877.61572265625,879.3709541015625,877.396318725586,879.3709541015625,0
2023-01-03,877.61572265625,879.3709541015625,877.6069379285574,879.3709541015625,0
2023-01-04,877.61572265625,877.6245073839426,877.6069379285574,877.61572265625,0
2023-01-05,877.61572265625,877.6245073839426,877.6069379285574,877.6245073839426,0
2023-01-06,877.61572265625,878.0633152452707,877.6069379285574,877.6245073839426,0
2023-01-09,877.60693359375,877.6245030490484,867.0843297015424,877.60693359375,0
2023-01-10,877.60693359375,877.6245030490484,877.60693359375,877.60693359375,0
2023-01-11,877.60693359375,877.6245030490484,877.60693359375,877.6157183213992,0
2023-01-12,877.61572265625,879.3709541015625,851.2872509765625,851.2872509765625,0
2023-01-13,877.61572265625,877.6245073839426,877.6069379285574,877.61572265625,0
2023-01-16,877.61572265625,877.6245073839426,877.5279825101495,877.5279825101495,0
2023-01-17,877.61572265625,877.6245073839426,877.6069379285574,877.6245073839426,0
2023-01-18,877.60693359375,877.6245030490484,877.60693359375,877.6245030490484,0
2023-01-19,877.61572265625,877.6245073839426,877.6069379285574,877.6069379285574,0
2023-01-20,877.60693359375,878.1861899644731,877.60693359375,877.6245030490484,0
2023-01-23,877.60693359375,877.6245030490484,876.746887330727,876.746887330727,0
2023-01-24,877.60693359375,877.6245030490484,877.60693359375,877.6245030490484,0
2023-01-25,877.60693359375,878.449463966887,876.7381026030778,876.7381026030778,0
2023-01-27,877.61572265625,877.6245073839426,877.6069379285574,877.61572265625,0
2023-01-30,877.61572265625,877.6245073839426,877.6069379285574,877.6069379285574,0
2023-01-31,881.31298828125,907.7614644091897,881.31298828125,907.7614644091897,0
2023-02-01,881.32177734375,881.3305991681814,879.5591337890625,881.3305991681814,0
2023-02-02,881.32177734375,881.3305991681814,881.3129555193185,881.32177734375,0
2023-02-03,881.32177734375,907.7614306640625,879.5591337890625,907.7614306640625,0
2023-02-06,881.32177734375,882.2030991210937,881.3129555193185,882.2030991210937,0
2023-02-07,881.32177734375,881.8946580156684,881.3129555193185,881.8946580156684,0
2023-02-08,881.32177734375,881.3305991681814,881.3129555193185,881.3305991681814,0
2023-02-09,881.32177734375,881.3305991681814,881.3129555193185,881.32177734375,0
2023-02-10,881.32177734375,881.3305991681814,854.8821240234374,854.8821240234374,0
2023-02-13,881.32177734375,881.3305991681814,879.1184729003905,879.1184729003905,0
2023-02-14,881.31298828125,881.8946907992241,879.1185055807443,881.3218101060094,0
2023-02-15,881.31298828125,881.3306319307687,881.1014796534829,881.3218101060094,0
2023-02-16,881.31298828125,881.3306319307687,881.3041664564906,881.31298828125,0
2023-02-17,881.32177734375,883.5250817871093,879.9997946777344,883.0844208984374,0
2023-02-20,881.31298828125,881.3306319307687,879.5591664857974,881.3218101060094,0
2023-02-21,881.32177734375,907.7614306640625,880.4492773908377,907.7614306640625,0
2023-02-22,881.32177734375,881.3305991681814,881.3129555193185,881.32177734375,0
2023-02-23,881.31298828125,903.3548553586596,879.5768101353161,903.3548553586596,0
2023-02-24,881.32177734375,881.3305991681814,879.6031891196071,881.3305991681814,0
2023-02-27,881.32177734375,907.7614306640625,879.6031891196071,907.7614306640625,0
2023-02-28,885.1546630859375,885.1723836447549,885.1546630859375,885.1723836447549,0
2023-03-01,885.1636352539062,911.7185443115235,884.2784716186524,911.7185443115235,0
2023-03-02,885.1636352539062,885.1724955344349,885.1547749733776,885.1636352539062,0
2023-03-03,885.1636352539062,885.1724955344349,885.1547749733776,885.1724955344349,0
2023-03-06,885.1636352539062,886.6241768625156,883.4818027364836,886.6241768625156,0
2023-03-08,885.1546630859375,886.8453556701779,858.6086176643859,886.8453556701779,0
2023-03-09,885.1636352539062,885.1724955344349,884.287331899181,885.1636352539062,0
2023-03-10,885.1636352539062,886.6241768625156,885.1547749733776,886.6241768625156,0
2023-03-13,885.1636352539062,885.1724955344349,885.1547749733776,885.1636352539062,0
2023-03-14,885.1546630859375,885.1723836447549,884.4111559809232,885.1546630859375,0
2023-03-15,885.1546630859375,886.5355160213437,884.2872201213895,884.5881454647212,0
2023-03-16,885.1636352539062,885.1724955344349,885.1547749733776,885.1636352539062,0
2023-03-17,885.1546630859375,885.1723836447549,885.1546630859375,885.1723836447549,0
2023-03-20,885.1636352539062,885.1724955344349,884.287331899181,885.1724955344349,0
2023-03-21,885.1546630859375,885.1723836447549,883.5259924575579,885.1723836447549,0
2023-03-22,885.1636352539062,886.0045515126177,885.1547749733776,885.1547749733776,0
2023-03-23,885.1636352539062,885.1724955344349,858.6087261962891,883.4818027364836,0
2023-03-24,885.1636352539062,886.9339625244141,885.1547749733776,886.9339625244141,0
2023-03-27,885.1546630859375,886.6240647893366,884.2872201213895,885.6061051270289,0
2023-03-28,885.1636352539062,886.9339625244141,883.4906630170123,885.1547749733776,0
2023-03-29,885.1546630859375,885.1723836447549,885.1458028065289,885.1723836447549,0
2023-03-31,889.394775390625,889.6082193146992,888.5943063915408,889.3858728464876,0
2023-04-03,889.3858642578125,889.394766801864,887.7493703827039,889.394766801864,0
2023-04-05,889.3858642578125,890.2485424899161,887.8294389953613,889.394766801864,0
2023-04-06,889.3858642578125,890.8978310838119,889.3769617137611,889.3858642578125,0
2023-04-10,889.3768920898438,889.3946971765527,887.7404526266472,889.3857946331982,0
2023-04-11,889.3768920898438,889.3946971765527,888.6564917675429,889.3768920898438,0
2023-04-12,889.3858642578125,889.394766801864,888.6032003545612,889.3858642578125,0
2023-04-13,889.3858642578125,889.394766801864,889.3769617137611,889.3858642578125,0
2023-04-17,889.3768920898438,916.0673684721942,889.3768920898438,890.1862635618885,0
2023-04-18,889.3858642578125,889.394766801864,888.2118684029356,888.9856297621354,0
2023-04-19,889.3858642578125,890.2307916856184,889.3769617137611,889.394766801864,0
2023-04-20,889.3768920898438,889.3946971765527,888.7187552872233,889.3857946331982,0
2023-04-21,889.3858642578125,889.394766801864,887.6070925292969,888.6299079867155,0
2023-04-24,889.3858642578125,889.394766801864,888.8522544527799,889.3858642578125,0
2023-04-25,889.3768920898438,889.9639171132302,888.496408838565,889.3857946331982,0
2023-04-26,889.3858642578125,889.394766801864,888.8522544527799,889.3414058213607,0
2023-04-27,889.3768920898438,889.3946971765527,889.3679895464893,889.3679895464893,0
2023-04-28,893.3837890625,893.3927316248418,893.3748465001584,893.3837890625,0
2023-05-02,893.375,920.1854608407946,893.3660574361218,920.1854608407946,0
2023-05-03,893.3837890625,893.3927316248418,892.7137512207032,893.3748465001584,0
2023-05-04,893.3837890625,893.9645103365183,892.7137512207032,893.3837890625,0
2023-05-05,893.3837890625,893.9645103365183,893.3748465001584,893.3837890625,0
2023-05-08,893.3837890625,893.3927316248418,893.3659039378167,893.3927316248418,0
2023-05-09,893.3837890625,894.0895426258445,893.3748465001584,894.0895426258445,0
2023-05-10,893.375,893.3928851277564,892.8479340094713,893.3928851277564,0
2023-05-11,893.3837890625,894.8846672847867,893.3659039378167,894.8846672847867,0
2023-05-12,893.3837890625,893.9645103365183,892.8477806001902,893.3837890625,0
2023-05-15,893.375,893.9646639376762,892.8925923010338,893.3839425638782,0
2023-05-16,893.3837890625,894.9025524094701,892.8924388840795,892.8924388840795,0
2023-05-17,893.3837890625,920.185302734375,892.8477806001902,920.185302734375,0
2023-05-18,893.375,893.9646639376762,892.8479340094713,892.8479340094713,0
2023-05-19,893.3837890625,893.7411643892527,893.3748465001584,893.3837890625,0
2023-05-22,893.375,893.9199511182851,893.375,893.3839425638782,0
2023-05-23,893.375,920.1854608407946,893.375,920.1854608407946,0
2023-05-24,893.3837890625,893.3927316248418,893.3748465001584,893.3748465001584,1183731
2023-05-25,893.3837890625,894.0984851881863,893.3748465001584,893.3837890625,1412309
2023-05-26,893.3837890625,893.3927316248418,876.4094970703126,893.3837890625,1718450
2023-05-29,893.375,893.9646639376762,893.375,893.3839425638782,1383559
2023-05-30,893.3837890625,893.3927316248418,893.3748465001584,893.3927316248418,1400346
2023-05-31,898.1328735351562,898.7525874106027,897.8724347361959,898.7525874106027,1789706
2023-06-01,898.1328735351562,898.4023024336807,898.123883435592,898.1418636347205,2134915
2023-06-02,898.1328735351562,898.5729498723597,897.6927971979528,898.1328735351562,2050292
2023-06-05,898.1240234375,898.1868993265704,898.1240234375,898.1330135384657,2190780
2023-06-06,898.1328735351562,925.0768597412109,898.123883435592,925.0768597412109,1823874
2023-06-07,898.1240234375,898.1420036394312,896.687032542914,898.1420036394312,1721282
2023-06-08,898.1328735351562,898.7166818300262,898.123883435592,898.1418636347205,1729545
2023-06-09,898.1240234375,925.0770039446196,897.7737384059748,925.0770039446196,2062688
2023-06-12,898.1328735351562,898.7166818300262,898.123883435592,898.1328735351562,1638759
2023-06-13,898.1328735351562,899.9291392822265,898.123883435592,898.1418636347205,1317394
2023-06-14,898.1328735351562,903.4318794160857,898.123883435592,903.4318794160857,1736557
2023-06-15,898.1328735351562,899.9291392822265,898.123883435592,899.9291392822265,1696211
2023-06-16,898.1328735351562,898.5819399719238,898.123883435592,898.1328735351562,1797834
2023-06-19,898.1328735351562,907.0244109102264,898.123883435592,907.0244109102264,2060746
2023-06-20,898.1240234375,898.6718714195132,898.1240234375,898.1330135384657,1952286
2023-06-21,898.1328735351562,925.0768597412109,898.1148933360279,925.0768597412109,1784596
2023-06-22,898.1328735351562,898.240645094566,898.123883435592,898.240645094566,1530701
2023-06-23,898.1328735351562,898.1418636347205,897.2347406616211,897.2347406616211,1759755
2023-06-26,898.1240234375,898.1420036394312,897.6390513445573,898.1330135384657,1738773
2023-06-27,898.1328735351562,925.0768597412109,898.123883435592,925.0768597412109,2099600
2023-06-28,898.1328735351562,925.0768597412109,897.638911418248,925.0768597412109,2202973
2023-06-30,902.4368896484375,902.4459228301943,900.9930126571506,900.9930126571506,2520524
2023-07-03,902.4368896484375,906.8588524398655,901.534452758789,906.8588524398655,2577246
2023-07-04,902.446044921875,902.6626209918309,902.4279785559173,902.4370117388961,3667172
2023-07-05,902.4368896484375,903.3483597198426,902.4278564666807,902.4368896484375,2912571
2023-07-06,902.464111328125,902.9784519541013,901.9406824387856,902.4370117791873,6409153
2023-07-07,902.4368896484375,902.4459228301943,875.4088937873914,875.4088937873914,11163536
2023-07-10,902.4279174804688,902.4369506628362,875.3638421429512,902.4279174804688,8036256
2023-07-11,902.4279174804688,902.4369506628362,902.4279174804688,902.4279174804688,3048375
2023-07-12,902.4279174804688,902.4459838452037,901.9766990051373,902.4369506628362,2960982
2023-07-13,902.4368896484375,902.4459228301943,875.3637829589844,902.4368896484375,3249346
2023-07-14,902.4279174804688,902.4459838452037,902.4279174804688,902.4369506628362,2436136
2023-07-17,902.4279174804688,902.4459838452037,902.4279174804688,902.4369506628362,2694605
2023-07-18,902.4368896484375,902.4459228301943,902.4278564666807,902.4368896484375,2432910
2023-07-19,902.4368896484375,929.5099963378906,901.9405603752061,929.5099963378906,3484903
2023-07-20,902.4368896484375,929.5099963378906,902.4278564666807,929.5099963378906,1662106
2023-07-21,902.4368896484375,902.4459228301943,902.4278564666807,902.4278564666807,1969305
2023-07-24,902.4368896484375,902.4459228301943,902.4278564666807,902.4278564666807,2380185
2023-07-25,902.4279174804688,902.4459838452037,901.5345137121734,901.5345137121734,2022684
2023-07-26,902.4368896484375,902.4459228301943,902.4278564666807,902.4278564666807,1784306
2023-07-27,902.4279174804688,902.4459838452037,875.3638421429512,875.3638421429512,1932322
2023-07-28,902.4368896484375,902.4459228301943,902.4278564666807,902.4368896484375,1871436
2023-07-31,906.5450439453125,933.7507418897503,905.8288861112262,933.7507418897503,1794741
2023-08-01,906.5540161132812,906.563090506509,906.5449417200535,906.5540161132812,1488843
2023-08-02,906.5540161132812,933.7506365966797,906.5449417200535,933.7506365966797,2092921
2023-08-03,906.5540161132812,933.7506365966797,906.3726942437254,933.7506365966797,2486533
2023-08-04,906.5632934570312,906.7808576165376,906.545144666513,906.5542190617722,2435549
2023-08-07,906.5450439453125,933.7507418897503,906.5450439453125,933.7507418897503,2416085
2023-08-08,906.5540161132812,906.563090506509,906.5449417200535,906.563090506509,1969279
2023-08-09,906.5450439453125,906.5631927338144,888.4230359727721,906.5450439453125,1553165
2023-08-10,906.5540161132812,906.563090506509,906.5449417200535,906.5449417200535,1962882
2023-08-11,906.5540161132812,906.563090506509,879.3573956298828,879.3573956298828,1750426
2023-08-14,906.5540161132812,933.7506365966797,906.5449417200535,933.7506365966797,2708604
2023-08-16,906.5450439453125,908.0499547674926,906.5450439453125,908.0499547674926,2079371
2023-08-17,906.5540161132812,906.563090506509,906.5449417200535,906.5449417200535,1404351
2023-08-18,906.5632934570312,906.7808576165376,906.545144666513,906.5632934570312,3206291
2023-08-21,906.5450439453125,906.5631927338144,906.5450439453125,906.5541183395635,1816763
2023-08-22,906.5540161132812,906.563090506509,897.6697978217043,897.6697978217043,2237851
2023-08-23,906.5540161132812,906.563090506509,906.5449417200535,906.5540161132812,2999346
2023-08-24,906.5540161132812,908.2764908765629,906.5449417200535,908.2764908765629,4078264
2023-08-25,906.5540161132812,906.563090506509,906.5449417200535,906.563090506509,2192571
2023-08-28,906.5540161132812,906.563090506509,906.5449417200535,906.5540161132812,1825549
2023-08-29,906.5540161132812,906.563090506509,905.6474620971679,906.5540161132812,1897692
2023-08-30,906.5450439453125,933.7507418897503,879.3574947893766,933.7507418897503,1481758
2023-08-31,910.486328125,912.2981870265006,910.4772143702506,912.2981870265006,2106122
2023-09-01,910.4956665039062,912.2984120954046,910.4774389899108,912.2984120954046,4129505
2023-09-04,910.486328125,912.2981870265006,910.4772143702506,912.2981870265006,2115027
2023-09-05,910.486328125,912.0796791992187,910.4772143702506,912.0796791992187,1611227
2023-09-06,910.486328125,910.4954418797493,910.4772143702506,910.486328125,2070170
2023-09-07,910.486328125,912.2981870265006,910.4772143702506,912.2981870265006,1685288
2023-09-08,910.486328125,912.2981870265006,910.4772143702506,912.2981870265006,2121638
2023-09-11,910.486328125,910.4954418797493,910.4772143702506,910.4772143702506,1960502
2023-09-12,910.486328125,911.6699492372275,901.56357322371,901.56357322371,4214377
2023-09-13,910.4772338867188,910.495461396608,910.4772338867188,910.495461396608,2901708
2023-09-14,910.4772338867188,911.6699687792623,910.4772338867188,911.6699687792623,1981165
2023-09-15,910.4772338867188,910.495461396608,910.4772338867188,910.4863476416633,2526540
2023-09-18,910.486328125,912.2981870265006,910.4772143702506,912.2981870265006,3538840
2023-09-20,910.4772338867188,910.495461396608,910.4772338867188,910.4863476416633,4302553
2023-09-21,910.486328125,912.2981870265006,883.17173828125,883.17173828125,2281585
2023-09-22,910.486328125,910.4954418797493,910.4772143702506,910.486328125,1829589
2023-09-25,910.4772338867188,910.495461396608,910.258726054753,910.4772338867188,2281387
2023-09-26,910.486328125,911.0781664669513,910.4772143702506,910.486328125,1848142
2023-09-27,910.4772338867188,912.2982065820021,910.4772338867188,912.2982065820021,2369184
2023-09-28,910.4772338867188,911.396833989305,907.7548885987384,911.396833989305,2064261
2023-09-29,914.5537719726562,915.4499988647689,914.1239112790739,915.4499988647689,3017548
2023-10-03,914.535400390625,915.4499357910156,887.0993383789063,915.4499357910156,2715228
2023-10-04,914.535400390625,916.3553169063925,914.5262461056113,916.3553169063925,5119014
2023-10-05,914.535400390625,914.5445546756387,914.5262461056113,914.535400390625,6154027
2023-10-06,914.535400390625,914.5445546756387,914.5262461056113,914.535400390625,9879034
2023-10-09,914.5261840820312,914.5353383664241,914.5261840820312,914.5261840820312,7877594
2023-10-10,914.5261840820312,914.5353383664241,914.5261840820312,914.5261840820312,4395558
2023-10-11,914.535400390625,914.5445546756387,914.5262461056113,914.535400390625,2316399
2023-10-12,914.535400390625,914.5445546756387,914.5262461056113,914.535400390625,2582862
2023-10-13,914.535400390625,916.3553169063925,914.5262461056113,914.535400390625,3763704
2023-10-16,914.535400390625,914.5445546756387,911.7917941894531,914.5445546756387,2154316
2023-10-17,914.535400390625,916.3553169063925,914.5262461056113,916.3553169063925,2211714
2023-10-18,914.535400390625,914.5445546756387,914.5262461056113,914.535400390625,2776313
2023-10-19,914.5261840820312,916.3552547587641,914.5261840820312,916.3552547587641,3538334
2023-10-20,914.535400390625,914.5445546756387,914.5262461056113,914.535400390625,1679118
2023-10-23,914.5261840820312,916.3552547587641,914.5261840820312,916.3552547587641,2541293
2023-10-25,914.5261840820312,914.5444926508169,887.0992782154314,914.5353383664241,3018272
2023-10-26,914.5261840820312,916.3552547587641,914.5261840820312,916.3552547587641,2960793
2023-10-27,914.535400390625,914.5445546756387,914.5262461056113,914.5445546756387,2513174
2023-10-30,914.5261840820312,914.5444926508169,914.5261840820312,914.5353383664241,2583800
2023-10-31,918.6604614257812,918.6696570016891,918.6512658498734,918.6696570016891,1747582
2023-11-01,918.6604614257812,920.4885867727251,918.6512658498734,920.4885867727251,1512334
2023-11-02,918.6512451171875,946.2202539136744,905.0642773847497,946.2202539136744,2224527
2023-11-03,918.6604614257812,918.6696570016891,918.6512658498734,918.6696570016891,2197156
2023-11-06,918.6512451171875,920.4885659985732,915.9044593708091,918.6604406928877,3028710
2023-11-07,918.6604614257812,918.6696570016891,909.6576001179255,918.6604614257812,1364622
2023-11-08,918.6512451171875,918.6696362685881,917.7417802521949,918.6604406928877,1516490
2023-11-09,918.6604614257812,920.4885867727251,918.6512658498734,920.4885867727251,1535278
2023-11-10,918.6604614257812,946.2202752685547,918.6512658498734,946.2202752685547,2985803
2023-11-13,918.6604614257812,919.5791218872071,918.6512658498734,919.5791218872071,2722338
2023-11-15,918.6512451171875,918.6696362685881,891.1006274721011,891.1006274721011,3135419
2023-11-16,918.6512451171875,946.2202539136744,918.6512451171875,946.2202539136744,2737257
2023-11-17,918.6512451171875,946.2202539136744,918.6512451171875,946.2202539136744,2551156
2023-11-20,918.6604614257812,920.4885867727251,918.6512658498734,920.4885867727251,2340163
2023-11-21,918.6512451171875,918.6696362685881,918.6512451171875,918.6604406928877,1840629
2023-11-22,918.6512451171875,918.6696362685881,918.6512451171875,918.6512451171875,1547943
2023-11-23,918.6604614257812,918.6696570016891,918.6512658498734,918.6512658498734,2024775
2023-11-24,918.6604614257812,918.6696570016891,918.6512658498734,918.6696570016891,1402047
2023-11-28,918.6512451171875,918.6696362685881,918.6512451171875,918.6512451171875,1693940
2023-11-29,918.6604614257812,920.4885867727251,918.2011311950683,920.4885867727251,1710116
2023-11-30,922.1911010742188,926.4793122086451,917.9028899397924,926.4793122086451,2067164
2023-12-01,922.1911010742188,924.026252359584,922.1818701574356,924.026252359584,2882025
2023-12-04,922.1818237304688,924.0262058397623,922.1818237304688,924.0262058397623,3052681
2023-12-05,922.1818237304688,922.2002855631057,922.1818237304688,922.1818237304688,2196146
2023-12-06,922.1911010742188,925.5571211075709,922.1818701574356,922.1911010742188,3376749
2023-12-07,922.1911010742188,922.2003319910019,922.1818701574356,922.1911010742188,2448107
2023-12-08,922.1911010742188,922.2003319910019,918.8250810408667,922.1911010742188,3060307
2023-12-11,922.1818237304688,922.2002855631057,919.4244814828468,922.1910546467872,2242118
2023-12-12,922.1818237304688,922.2002855631057,921.2688635921404,922.1910546467872,1839224
2023-12-13,922.1818237304688,922.2002855631057,922.1818237304688,922.1910546467872,1653660
2023-12-14,922.1911010742188,922.2003319910019,918.8250810408667,922.1911010742188,2223370
2023-12-15,922.1911010742188,924.0077905260175,922.1818701574356,924.0077905260175,2440224
2023-12-18,922.1911010742188,926.4793122086451,922.1818701574356,924.0077905260175,2688435
2023-12-19,922.1911010742188,923.0210955796167,922.1818701574356,922.1911010742188,1971779
2023-12-20,922.1911010742188,922.2003319910019,918.8250810408667,922.1911010742188,3144203
2023-12-21,922.1911010742188,922.2095629077852,922.1818701574356,922.1911010742188,2686798
2023-12-22,922.1911010742188,926.4793122086451,922.1818701574356,926.4793122086451,2347923
2023-12-26,922.1818237304688,922.2002855631057,922.1818237304688,922.1818237304688,2083374
2023-12-27,922.1911010742188,922.2003319910019,922.1818701574356,922.1818701574356,2047169
2023-12-28,922.1911010742188,922.2003319910019,922.1818701574356,922.1911010742188,2110142
2023-12-29,922.1911010742188,925.5571211075709,922.1818701574356,922.1911010742188,3450372
2024-01-01,925.5731201171875,930.1084510027617,925.5638553471863,930.1084510027617,2224313
2024-01-02,925.5731201171875,928.349839477539,925.5638553471863,925.5731201171875,3933071
2024-01-03,925.5731201171875,925.5823848871887,925.5638553471863,925.5823848871887,3816754
2024-01-04,925.5731201171875,925.5823848871887,925.5638553471863,925.5823848871887,8034703
2024-01-05,925.5731201171875,928.349839477539,925.5638553471863,925.5731201171875,14496427
2024-01-08,925.563720703125,925.5729854717783,925.563720703125,925.5729854717783,12601054
2024-01-09,925.563720703125,925.5822502404318,921.2227811415627,925.5729854717783,3557518
2024-01-10,925.563720703125,925.5822502404318,922.1946214778096,925.563720703125,3562454
2024-01-11,925.5731201171875,925.5823848871887,925.5638553471863,925.5731201171875,2693688
2024-01-12,925.5731201171875,925.5823848871887,922.796400756836,925.5731201171875,2772152
2024-01-15,925.5731201171875,929.2754125976562,925.5638553471863,925.5731201171875,2453708
2024-01-16,925.5731201171875,927.4150015874208,925.5638553471863,927.4150015874208,3632743
2024-01-17,925.5731201171875,926.4986932373047,921.2229151541367,921.2229151541367,3326218
2024-01-18,925.563720703125,927.4148666740685,925.563720703125,927.4148666740685,5646475
2024-01-19,925.5731201171875,925.5823848871887,922.796400756836,925.5731201171875,2523534
2024-01-23,925.563720703125,925.5822502404318,925.563720703125,925.5729854717783,2598714
2024-01-24,925.5731201171875,925.5823848871887,921.2229151541367,925.5731201171875,2614826
2024-01-25,925.5731201171875,925.5823848871887,924.6475469970703,924.6475469970703,3275555
2024-01-29,925.563720703125,928.3404396595403,925.563720703125,928.3404396595403,2316450
2024-01-30,925.5731201171875,925.8045133972169,924.8326729195937,925.5731201171875,4127453
2024-01-31,929.576904296875,929.5955141770404,929.576904296875,929.5862092369576,2325899
2024-02-01,929.5861206054688,930.5157067260742,929.5768156662732,930.5157067260742,3860279
2024-02-02,929.5861206054688,929.5954255446643,929.5768156662732,929.5768156662732,3790036
2024-02-05,929.5861206054688,932.3655740280897,929.5768156662732,929.5861206054688,3015376
2024-02-06,929.576904296875,929.5955141770404,928.6566230277207,929.5862092369576,3040371
2024-02-07,929.576904296875,929.5955141770404,929.576904296875,929.576904296875,2550689
2024-02-08,929.5861206054688,929.5954255446643,929.046944769036,929.5861206054688,1963522
2024-02-09,929.5861206054688,929.5954255446643,929.5768156662732,929.5861206054688,2854848
2024-02-12,929.5861206054688,929.5954255446643,929.0748595866226,929.5861206054688,2392154
2024-02-13,929.5861206054688,930.5157067260742,929.5768156662732,929.5861206054688,2236398
2024-02-14,929.5861206054688,929.5954255446643,929.5768156662732,929.5861206054688,2365594
2024-02-15,929.5861206054688,929.5954255446643,926.7973622436523,926.7973622436523,2152377
2024-02-16,929.5861206054688,929.5954255446643,929.5768156662732,929.5861206054688,2564103
2024-02-19,929.5861206054688,932.3655740280897,928.8424630564712,932.3655740280897,2653666
2024-02-20,929.5861206054688,932.3655740280897,929.5768156662732,932.3655740280897,4138125
2024-02-21,929.5861206054688,929.5954255446643,929.5768156662732,929.5861206054688,3368248
2024-02-22,929.576904296875,932.3656629245859,929.576904296875,932.3656629245859,2205996
2024-02-23,929.5861206054688,929.5954255446643,929.5768156662732,929.5861206054688,2950570
2024-02-26,929.5861206054688,932.0495465200469,929.5768156662732,932.0495465200469,2115550
2024-02-27,929.5861206054688,929.5954255446643,929.5768156662732,929.5954255446643,2868371
2024-02-28,929.5861206054688,932.0495465200469,926.1931085702852,926.1931085702852,3009257
2024-02-29,933.0128784179688,935.3360713737757,933.0035391777307,935.3360713737757,2556271
2024-03-01,933.003662109375,933.0223405923123,933.003662109375,933.0130013508436,4992893
2024-03-04,933.003662109375,933.4795078515191,933.003662109375,933.4795078515191,4418886
2024-03-05,933.0128784179688,933.0222176582068,933.0035391777307,933.0222176582068,2298404
2024-03-06,933.0128784179688,935.3360713737757,930.5403715115265,935.3360713737757,2657695
2024-03-07,933.0128784179688,933.1061569271758,933.0035391777307,933.0128784179688,2314947
2024-03-11,933.0128784179688,933.0222176582068,933.0035391777307,933.0035391777307,3301282
2024-03-12,933.003662109375,935.3361946127521,933.003662109375,933.9460143521945,3503873
2024-03-13,933.003662109375,933.0223405923123,933.003662109375,933.0130013508436,4830847
2024-03-14,933.0128784179688,933.0222176582068,933.0035391777307,933.0035391777307,3295995
2024-03-15,933.0128784179688,933.0222176582068,933.0035391777307,933.0128784179688,4028389
2024-03-18,933.003662109375,933.0223405923123,933.003662109375,933.0223405923123,3313703
2024-03-19,933.0128784179688,933.0222176582068,933.0035391777307,933.0222176582068,3278408
2024-03-20,933.003662109375,935.3361946127521,933.003662109375,935.3361946127521,2928289
2024-03-21,933.0128784179688,937.3980503358506,933.0035391777307,937.3980503358506,3827906
2024-03-22,933.0128784179688,933.9458912963868,933.0035391777307,933.0128784179688,3372838
2024-03-26,933.003662109375,933.9460143521945,929.2809493454403,933.0130013508436,4794036
2024-03-27,933.003662109375,933.9460143521945,932.4998555894196,933.0130013508436,3454603
2024-03-28,933.0128784179688,935.8025778129846,933.0035391777307,933.0128784179688,3596176
2024-04-01,936.6409301757812,936.650305731967,933.2221679134294,936.6409301757812,4782731
2024-04-02,936.6409301757812,936.650305731967,935.7042892456054,936.6409301757812,4221933
2024-04-03,936.6409301757812,936.650305731967,936.6315546195954,936.6315546195954,3605310
2024-04-04,936.6409301757812,941.0431539812125,936.6315546195954,939.4414774101227,6995119
2024-04-05,936.6409301757812,940.059692438133,936.6315546195954,936.6409301757812,17173728
2024-04-08,936.6314697265625,936.6408452818986,934.4397621626943,936.6408452818986,13189387
2024-04-09,936.6314697265625,936.6408452818986,936.6314697265625,936.6408452818986,4200130
2024-04-10,936.6409301757812,936.650305731967,936.6315546195954,936.6409301757812,3122332
2024-04-12,936.6409301757812,936.650305731967,935.7042892456054,936.6409301757812,3579609
2024-04-15,936.6314697265625,936.6502208372347,936.1257042505977,936.6408452818986,4355742
2024-04-16,936.6409301757812,940.3874938964843,936.6315546195954,936.6409301757812,3605775
2024-04-18,936.6409301757812,936.650305731967,936.6315546195954,936.6409301757812,3904846
2024-04-19,936.6409301757812,936.650305731967,936.1257890977896,936.1257890977896,4344737
2024-04-22,936.6314697265625,936.6502208372347,936.1257042505977,936.6314697265625,2286908
2024-04-23,936.6314697265625,964.7400706403556,932.894281900771,936.6314697265625,2648333
2024-04-24,936.6314697265625,937.1091657045396,932.894281900771,936.6314697265625,4287567
2024-04-25,936.6314697265625,941.0430686883276,932.2386218754697,936.6408452818986,3963306
2024-04-26,936.6314697265625,940.0596072343857,936.6314697265625,940.0596072343857,3822558
2024-04-29,936.6409301757812,940.059692438133,933.2221679134294,933.2221679134294,3147643
2024-04-30,940.2561645507812,940.2655762946158,940.2467528069466,940.2655762946158,2241973
2024-05-02,940.2465209960938,940.2653444791222,939.4567381502482,939.4567381502482,3230909
2024-05-03,940.2561645507812,940.3501672117635,939.7390351380146,940.2467528069466,3028922
2024-05-06,940.2561645507812,940.2655762946158,940.1621618897989,940.2561645507812,2860437
2024-05-07,940.2561645507812,943.6881225068644,940.2467528069466,943.067521300599,3900448
2024-05-08,940.2561645507812,940.2655762946158,940.2467528069466,940.2561645507812,2746699
2024-05-09,940.2561645507812,940.2655762946158,938.5918927751482,940.2561645507812,2699151
2024-05-10,940.2561645507812,940.2655762946158,939.3159083862304,939.3159083862304,2819019
2024-05-13,940.2465209960938,942.277505948461,936.9650369730264,942.277505948461,2267028
2024-05-14,940.2465209960938,940.8671220493545,939.7388034523359,940.8671220493545,2432484
2024-05-15,940.2465209960938,942.277505948461,940.2465209960938,940.7260607039768,2085866
2024-05-16,940.2561645507812,940.2655762946158,940.2467528069466,940.2561645507812,2253891
2024-05-17,940.2561645507812,943.6881225068644,940.2467528069466,943.6881225068644,4142165
2024-05-21,940.2561645507812,940.2655762946158,940.2467528069466,940.2561645507812,4552135
2024-05-22,940.2561645507812,943.067521300599,938.3756522216796,943.067521300599,3431757
2024-05-23,940.2561645507812,943.067521300599,936.8242065946981,941.196420715332,2411298
2024-05-24,940.2465209960938,940.2653444791222,940.2465209960938,940.255932737608,3584570
2024-05-27,940.2561645507812,940.2655762946158,935.8369490996562,940.2561645507812,2255934
2024-05-28,940.2561645507812,943.067521300599,939.7390351380146,943.067521300599,2357254
2024-05-29,940.2561645507812,942.4187422515116,940.2467528069466,940.2561645507812,2464421
2024-05-30,940.2561645507812,943.067521300599,940.2467528069466,940.2561645507812,5101972
2024-05-31,943.5755004882812,943.5849454578906,943.4811659747436,943.5755004882812,3812382
2024-06-03,943.5755004882812,943.5849454578906,941.8299088488891,943.5660555186719,3192735
2024-06-04,943.5755004882812,943.5849454578906,943.5660555186719,943.5755004882812,8247682
2024-06-05,943.5755004882812,943.5849454578906,943.5660555186719,943.5755004882812,6927110
2024-06-06,943.5755004882812,948.0103168588317,943.5660555186719,948.0103168588317,5970939
2024-06-07,943.5755004882812,948.0103168588317,943.5660555186719,948.0103168588317,5747554
2024-06-10,943.5755004882812,947.0101291319653,943.4811659747436,943.5755004882812,4775361
2024-06-11,943.56591796875,943.584807905215,943.0564080056212,943.5753629369825,3751454
2024-06-12,943.56591796875,946.830709457369,943.56591796875,946.830709457369,3177484
2024-06-13,943.5755004882812,943.5849454578906,943.5660555186719,943.5755004882812,2615514
2024-06-14,943.5755004882812,945.4626514892577,943.5660555186719,945.4626514892577,5852060
2024-06-18,943.56591796875,944.5189382999195,943.56591796875,943.5753629369825,4669329
2024-06-19,943.5755004882812,944.1888476001099,943.5660555186719,943.5755004882812,3764065
2024-06-20,943.5755004882812,944.1888476001099,943.5660555186719,943.5755004882812,3872961
2024-06-21,943.5755004882812,946.3967820201367,943.5660555186719,943.5755004882812,4031550
2024-06-24,943.5755004882812,944.1888476001099,943.5660555186719,943.5755004882812,5386573
2024-06-25,943.5755004882812,944.1888476001099,943.5660555186719,943.5755004882812,2552277
2024-06-26,943.56591796875,943.584807905215,943.56591796875,943.5753629369825,3919890
2024-06-27,943.5755004882812,943.5849454578906,939.1406841177306,943.5660555186719,3751597
2024-06-28,943.56591796875,943.584807905215,941.9241060518428,943.5753629369825,6510383
2024-07-01,946.9014282226562,946.9203849351414,945.2538124923858,946.9014282226562,4448101
2024-07-02,946.9110107421875,947.5265260171145,946.4091201649607,946.4091201649607,3666522
2024-07-03,946.9110107421875,948.4734370278568,946.9015323849022,946.9110107421875,4453767
2024-07-04,946.9110107421875,948.4734370278568,946.9015323849022,946.9110107421875,7984988
2024-07-05,946.9110107421875,946.9204890994728,946.9015323849022,946.9204890994728,17344364
2024-07-08,946.9014282226562,946.9109065788989,944.212233613091,946.9109065788989,16861105
2024-07-09,946.9014282226562,946.9109065788989,946.3901171392515,946.3995954954942,3629049
2024-07-10,946.9110107421875,947.8579217529298,946.9015323849022,946.9110107421875,3267087
2024-07-11,946.9014282226562,949.0414561187014,946.9014282226562,949.0414561187014,3339635
2024-07-12,946.9110107421875,946.9204890994728,946.3902212452516,946.8920540276171,4889523
2024-07-15,946.9014282226562,946.9203849351414,946.9014282226562,946.9109065788989,3601129
2024-07-16,946.9110107421875,946.9204890994728,945.4906442260742,946.9110107421875,2800445
2024-07-18,946.9110107421875,946.9204890994728,946.9015323849022,946.9015323849022,2608786
2024-07-19,946.9110107421875,946.9204890994728,946.9015323849022,946.9110107421875,6146616
2024-07-22,946.9014282226562,946.9203849351414,946.9014282226562,946.9109065788989,6193156
2024-07-23,946.9014282226562,946.9203849351414,946.9014282226562,946.9109065788989,2937668
2024-07-24,946.9110107421875,949.0415605163574,946.9015323849022,946.9110107421875,2865245
2024-07-25,946.9014282226562,946.9203849351414,946.3901171392515,946.9109065788989,4976639
2024-07-26,946.9014282226562,946.9203849351414,945.6325999729594,946.9014282226562,4399027
2024-07-29,946.9014282226562,947.5264217861172,946.9014282226562,946.9109065788989,6280886
2024-07-30,946.9014282226562,946.9203849351414,946.9014282226562,946.9014282226562,2737228
2024-07-31,950.1827392578125,950.2017616612641,950.1827392578125,950.1922504595383,3254243
2024-08-01,950.1923828125,950.8100310593843,921.686611328125,950.1828716094493,3470617
2024-08-02,950.1923828125,950.2018940155506,950.1828716094493,950.1923828125,3363646
2024-08-05,950.1827392578125,950.2017616612641,945.4412892072405,950.1922504595383,5057154
2024-08-06,950.1923828125,950.2018940155506,950.1828716094493,950.1828716094493,3795438
2024-08-07,950.1923828125,950.2018940155506,949.6697886009812,950.1923828125,2553313
2024-08-08,950.1923828125,950.2018940155506,950.1828716094493,950.1923828125,3358466
2024-08-09,950.1827392578125,950.2017616612641,950.1827392578125,950.1922504595383,2849038
2024-08-12,950.1827392578125,950.2017616612641,947.9593218690113,950.1922504595383,3167644
2024-08-13,950.1923828125,951.1425751953125,950.1733604063987,950.1923828125,4702074
2024-08-14,950.1923828125,950.8100310593843,950.1828716094493,950.1923828125,3351819
2024-08-16,950.1923828125,950.2018940155506,949.6697886009812,950.1828716094493,2573434
2024-08-19,950.1827392578125,950.2017616612641,947.9593218690113,950.1827392578125,2683911
2024-08-20,950.1827392578125,950.2017616612641,948.9095141194708,950.1922504595383,2986145
2024-08-21,950.1827392578125,950.2017616612641,947.9593218690113,950.1922504595383,3030379
2024-08-22,950.1923828125,950.2018940155506,949.4892497284412,950.097386772275,2478853
2024-08-23,950.1923828125,950.2018940155506,950.1828716094493,950.1923828125,3567572
2024-08-26,950.1923828125,950.2018940155506,949.6697886009812,950.1828716094493,2406589
2024-08-27,950.1923828125,951.7602234421968,950.1828716094493,950.1923828125,1888320
2024-08-28,950.1923828125,950.2018940155506,950.1828716094493,950.1923828125,2902776
2024-08-29,950.1923828125,950.2018940155506,945.4414208984375,945.4414208984375,3806822
2024-08-30,953.2959594726562,953.3055017417818,952.7716583318598,953.2006531505361,5654992
2024-09-02,953.2959594726562,953.3055017417818,953.2864172035306,953.2959594726562,4190155
2024-09-03,953.2959594726562,953.3055017417818,953.2864172035306,953.2959594726562,4648695
2024-09-04,953.2959594726562,981.8948382568359,953.2864172035306,953.3055017417818,3407358
2024-09-05,953.2863159179688,953.3054004541922,953.2672313817452,953.2863159179688,2685496
2024-09-06,953.2959594726562,953.3055017417818,953.2864172035306,953.2959594726562,5341288
2024-09-09,953.2863159179688,953.3054004541922,948.52937889515,953.2958581860804,3034901
2024-09-10,953.2959594726562,953.3055017417818,952.7716583318598,953.2864172035306,2698651
2024-09-11,953.2959594726562,953.3055017417818,953.2768749344051,953.2768749344051,2998829
2024-09-12,953.2863159179688,953.3054004541922,953.2863159179688,953.2958581860804,2825699
2024-09-13,953.2959594726562,954.8689210796132,953.2864172035306,954.8689210796132,2727263
2024-09-16,953.2863159179688,954.8688196259121,953.2863159179688,953.2863159179688,2957531
2024-09-17,953.2959594726562,953.3055017417818,948.5294796752929,953.2959594726562,2975225
2024-09-18,953.2959594726562,953.3055017417818,953.2864172035306,953.2959594726562,3843192
2024-09-19,953.2959594726562,953.3055017417818,953.2864172035306,953.2959594726562,3829030
2024-09-20,953.2959594726562,953.3055017417818,953.2864172035306,953.2864172035306,4138316
2024-09-23,953.2959594726562,953.3055017417818,950.4360715942382,953.2768749344051,2939614
2024-09-24,953.2863159179688,957.7763603564673,953.2863159179688,953.2958581860804,3257370
2024-09-25,953.2959594726562,953.3055017417818,953.2864172035306,953.2959594726562,3109280
2024-09-26,953.2863159179688,954.8688196259121,953.2863159179688,953.2958581860804,3600482
2024-09-27,953.2863159179688,953.3054004541922,948.8630091716905,953.2863159179688,5206603
2024-09-30,956.7518920898438,956.7710460059722,956.7518920898438,956.7518920898438,5481566
2024-10-01,956.7615356445312,956.771112603262,956.7519586858004,956.7615356445312,5250163
2024-10-03,956.7615356445312,956.771112603262,956.7519586858004,956.7519586858004,9514460
2024-10-04,956.7615356445312,958.3402155367806,956.7519586858004,956.7615356445312,17293198
2024-10-07,956.7518920898438,956.7614690479079,956.7518920898438,956.7614690479079,14619169
2024-10-08,956.7518920898438,956.7710460059722,955.3263268443361,956.6658162594374,6228857
2024-10-09,956.7518920898438,956.7710460059722,952.2646784641656,955.8047075788601,4632763
2024-10-10,956.7518920898438,958.1966112514798,956.2830883133839,956.7518920898438,3081356
2024-10-11,956.7518920898438,956.7710460059722,956.7518920898438,956.7518920898438,2239016
2024-10-14,956.7615356445312,956.771112603262,955.3263933410644,955.3263933410644,2196873
2024-10-15,956.7518920898438,956.7710460059722,956.7518920898438,956.7614690479079,3368879
2024-10-16,956.7518920898438,956.7710460059722,956.2352619191487,956.7614690479079,2814624
2024-10-17,956.7518920898438,958.1966112514798,956.7518920898438,956.7614690479079,1688577
2024-10-18,956.7615356445312,956.771112603262,956.7519586858004,956.7519586858004,2121043
2024-10-21,956.7615356445312,956.771112603262,956.7519586858004,956.7615356445312,4415085
2024-10-22,956.7518920898438,956.7710460059722,956.7518920898438,956.7614690479079,3858801
2024-10-23,956.7518920898438,956.7710460059722,956.7518920898438,956.7614690479079,3495594
2024-10-24,956.7615356445312,956.771112603262,956.7423817270696,956.7423817270696,3186630
2024-10-25,956.7615356445312,956.771112603262,956.7519586858004,956.7519586858004,4020262
2024-10-28,956.7518920898438,956.7710460059722,956.2352619191487,956.7614690479079,2795042
2024-10-29,956.7615356445312,956.771112603262,956.7519586858004,956.7615356445312,2701613
2024-10-30,956.7518920898438,956.7710460059722,956.7232196117369,956.7327381737153,3297047
2024-10-31,960.4661254882812,960.4757395290882,959.0254263000488,960.4661254882812,4782773
2024-11-01,960.4661254882812,960.4661254882812,960.4661254882812,960.4661254882812,0
2024-11-04,960.4661254882812,961.9068246765137,959.9378808437027,959.9378808437027,3014622
2024-11-05,960.45654296875,960.4757710509948,960.45654296875,960.4661570098724,3141101
2024-11-06,960.45654296875,960.4757710509948,955.9519543474855,960.4469289276276,4659642
2024-11-07,960.4661254882812,963.9718502951935,956.960400681369,960.4661254882812,2129573
2024-11-08,960.4661254882812,960.4757395290882,960.4565114474743,960.4661254882812,4063235
2024-11-11,960.45654296875,960.4757710509948,957.5847585388427,960.45654296875,3491693
2024-11-12,960.4661254882812,960.4757395290882,955.6637948608399,955.6637948608399,3652828
2024-11-13,960.45654296875,960.4757710509948,959.7265793098701,960.4661570098724,3461236
2024-11-14,960.4661254882812,960.4757395290882,955.9519229740463,955.9519229740463,3138633
2024-11-18,960.4661254882812,964.9803280025162,959.7169337717444,964.9803280025162,3294205
2024-11-19,960.4661254882812,960.4757395290882,957.6807502754853,960.4661254882812,3533521
2024-11-21,960.4661254882812,960.4757395290882,960.1779973750748,960.4661254882812,2902147
2024-11-22,960.45654296875,962.0509496178195,960.45654296875,960.4661570098724,2918661
2024-11-25,960.45654296875,960.4757710509948,959.9379123479573,960.4469289276276,5226359
2024-11-26,960.4661254882812,960.4757395290882,955.9519229740463,960.4661254882812,2906275
2024-11-27,960.4661254882812,960.4757395290882,960.4565114474743,960.4661254882812,2371431
2024-11-28,960.4661254882812,964.9803280025162,960.4565114474743,964.9803280025162,2739316
2024-11-29,963.79736328125,965.3973158617399,961.0119469018766,961.0119469018766,5253200
2024-12-02,963.79736328125,965.3973158617399,963.79736328125,965.3973158617399,5823840
2024-12-03,963.8069458007812,963.8165932824165,963.7972983191461,963.8069458007812,2523617
2024-12-04,963.8069458007812,963.8165932824165,963.7972983191461,963.7972983191461,3574135
2024-12-05,963.8069458007812,963.8165932824165,963.2768637458124,963.7876508375109,2376561
2024-12-06,963.79736328125,963.8166582458209,963.2769286728378,963.79736328125,3643021
2024-12-09,963.8069458007812,963.8165932824165,963.7972983191461,963.8069458007812,3483276
2024-12-10,963.79736328125,963.8166582458209,963.7106535929037,963.8070107635355,2899100
2024-12-11,963.79736328125,963.8166582458209,963.79736328125,963.8070107635355,2356268
2024-12-12,963.8069458007812,963.8165932824165,963.2768637458124,963.7972983191461,2778608
2024-12-13,963.8069458007812,963.8165932824165,963.7972983191461,963.8165932824165,3225545
2024-12-16,963.79736328125,965.3008998649966,963.79736328125,963.8070107635355,3384205
2024-12-17,963.8069458007812,963.8165932824165,963.7972983191461,963.8069458007812,2973094
2024-12-18,963.8069458007812,963.8165932824165,963.7972983191461,963.8069458007812,4241403
2024-12-19,963.8069458007812,963.8165932824165,963.7972983191461,963.8069458007812,1970269
2024-12-20,963.8069458007812,965.300834801551,960.915524963379,963.8069458007812,4379493
2024-12-23,963.8069458007812,965.3972507917956,959.2770413902962,959.2770413902962,2361473
2024-12-24,963.79736328125,963.8166582458209,960.9155897312448,960.9155897312448,2380725
2024-12-26,963.8069458007812,963.8165932824165,960.915524963379,963.8165932824165,3777482
2024-12-27,963.79736328125,963.8166582458209,960.9155897312448,963.7877157989645,4282507
2024-12-30,963.79736328125,963.8166582458209,963.2865761551233,963.8070107635355,5304108
2024-12-31,967.6925048828125,967.7021912579835,967.6828185076416,967.6925048828125,2321563
2025-01-01,967.6925048828125,967.7021912579835,967.5957592576295,967.6925048828125,2464836
2025-01-02,967.6925048828125,967.7021912579835,967.4505817565919,967.6828185076416,5336591
2025-01-03,967.6925048828125,967.7021912579835,967.6828185076416,967.6925048828125,12445125
2025-01-06,967.682861328125,967.6925477037246,966.241008882169,967.6925477037246,10246935
2025-01-07,967.6925048828125,967.7021912579835,966.7248123779298,967.6925048828125,3205589
2025-01-08,967.6925048828125,967.7892505079956,967.6731321324706,967.7892505079956,6634462
2025-01-09,967.682861328125,967.7022340793242,967.3635062496684,967.3635062496684,5940965
2025-01-10,967.6925048828125,967.7021912579835,966.2506525006593,967.6925048828125,2643186
2025-01-13,967.6925048828125,967.7021912579835,967.6828185076416,967.6925048828125,3825869
2025-01-14,967.682861328125,967.7022340793242,966.241008882169,967.682861328125,2972436
2025-01-15,967.6925048828125,967.7021912579835,967.6828185076416,967.6925048828125,2863068
2025-01-16,967.682861328125,967.7022340793242,966.241008882169,967.6925477037246,2285497
2025-01-17,967.6925048828125,967.7021912579835,967.6828185076416,967.6925048828125,3153956
2025-01-20,967.6925048828125,967.7021912579835,967.2183450055421,967.6925048828125,2610327
2025-01-21,967.6925048828125,967.7021912579835,967.1602858177797,967.6925048828125,2950936
2025-01-22,967.682861328125,967.7022340793242,963.3959904293894,963.3959904293894,3587688
2025-01-23,967.682861328125,968.0409028457142,967.682861328125,967.6925477037246,4247302
2025-01-24,967.6925048828125,967.7021912579835,966.811930691205,967.6828185076416,3022484
2025-01-27,967.682861328125,967.7022340793242,966.9764646685463,967.6925477037246,5262695
2025-01-28,967.6925048828125,967.7021912579835,967.0441674422548,967.6925048828125,4232513
2025-01-29,967.6925048828125,967.7021912579835,967.5957592576295,967.6925048828125,2600576
2025-01-30,967.6925048828125,967.7021912579835,967.1795995048583,967.6828185076416,5468713
2025-01-31,972.4989624023438,972.508696889028,972.4892279156596,972.4989624023438,2913028
2025-02-01,972.4892578125,972.5087267864669,971.9738642120278,972.4989922994835,1612872
2025-02-03,972.4892578125,972.5087267864669,972.0710903686065,972.0710903686065,4219952
2025-02-04,972.4892578125,972.5087267864669,972.08082485559,972.08082485559,2607020
2025-02-05,972.4989624023438,973.1407856006139,972.4892279156596,973.1407856006139,2292602
2025-02-06,972.4989624023438,974.0063239227422,972.1002639446743,972.4989624023438,2013772
2025-02-07,972.4989624023438,972.508696889028,972.4892279156596,972.4989624023438,3101652
2025-02-10,972.4989624023438,972.508696889028,972.1682866382115,972.1682866382115,1887664
2025-02-11,972.4892578125,972.5087267864669,972.2169889601026,972.4989922994835,2273814
2025-02-12,972.4892578125,972.5087267864669,972.0516213946396,972.0516213946396,3908790
2025-02-13,972.4989624023438,973.1407856006139,972.4892279156596,973.1407856006139,2680283
2025-02-14,972.4989624023438,972.508696889028,970.0677149963379,972.4989624023438,3962813
2025-02-17,972.4989624023438,972.508696889028,971.1957876758091,972.4989624023438,4985112
2025-02-18,972.4989624023438,1001.6739312744141,972.4892279156596,1001.6739312744141,4114985
2025-02-19,972.4989624023438,972.508696889028,971.9640998443477,972.4989624023438,2120901
2025-02-20,972.4892578125,972.5087267864669,971.526493307184,972.4892578125,2588303
2025-02-21,972.4989624023438,972.508696889028,972.4794934289754,972.4892279156596,3543621
2025-02-24,972.4892578125,973.4617568047995,972.4892578125,973.4617568047995,3250239
2025-02-25,972.4892578125,974.0063538662221,972.4892578125,974.0063538662221,2225875
2025-02-27,972.4989624023438,974.0063239227422,972.4892279156596,972.4892279156596,5124893
2025-02-28,976.0645751953125,976.0743453729451,973.6244137573243,976.0645751953125,4073941
2025-03-03,976.0548706054688,976.074410962047,975.5278171461783,976.074410962047,5321286
2025-03-04,976.0548706054688,977.0309352462525,976.0548706054688,977.0309352462525,2479769
2025-03-05,976.0548706054688,976.074410962047,975.410694155225,976.0646407837579,3791825
2025-03-06,976.0645751953125,977.0016186342315,976.0450348400474,977.0016186342315,3279734
2025-03-07,976.0645751953125,976.9235167874248,976.05480501768,976.0645751953125,3803904
2025-03-10,976.0645751953125,977.0016186342315,976.05480501768,976.0645751953125,4529787
2025-03-11,976.0548706054688,976.074410962047,971.4771250572227,976.0548706054688,3868661
2025-03-12,976.0645751953125,976.0743453729451,976.05480501768,976.05480501768,2381581
2025-03-13,976.0645751953125,978.9927689208985,976.05480501768,978.9927689208985,2795144
2025-03-17,976.0548706054688,976.074410962047,976.0548706054688,976.0646407837579,3978630
2025-03-18,976.0548706054688,976.0548706054688,976.0548706054688,976.0548706054688,0
2025-03-19,976.0645751953125,976.0743453729451,975.5765429077148,976.0645751953125,3132736
2025-03-20,976.0645751953125,976.0743453729451,975.6058534406126,976.0645751953125,3179569
2025-03-21,976.0645751953125,977.5774633720144,975.6351043992564,977.5774633720144,4114816
2025-03-24,976.0645751953125,976.0743453729451,976.05480501768,976.0743453729451,4150893
2025-03-25,976.0645751953125,976.9723081013337,976.05480501768,976.05480501768,4379826
2025-03-26,976.0548706054688,976.90404207701,976.0548706054688,976.90404207701,2579221
2025-03-27,976.0548706054688,976.074410962047,976.0548706054688,976.0548706054688,4514266
2025-03-28,976.0645751953125,976.0743453729451,976.05480501768,976.0645751953125,3896815
2025-04-01,980.063232421875,980.0828530247811,980.063232421875,980.0730427233281,3607622
2025-04-02,980.063232421875,980.0828530247811,980.063232421875,980.0828530247811,4648565
2025-04-03,980.0729370117188,980.0827473121136,980.0631267113238,980.0827473121136,6694564
2025-04-04,980.0729370117188,980.0827473121136,980.0631267113238,980.0631267113238,18066564
2025-04-07,980.063232421875,980.0730427233281,978.7499680432161,980.0534221204219,15263249
2025-04-08,980.063232421875,980.0828530247811,977.6228601165197,977.6228601165197,4505557
2025-04-09,980.0729370117188,980.0827473121136,980.0631267113238,980.0631267113238,4325056
2025-04-11,980.0729370117188,980.0827473121136,979.5339088601432,980.0729370117188,3243046
2025-04-15,980.0729370117188,980.5629734802246,980.0631267113238,980.0729370117188,6409280
2025-04-16,980.0729370117188,980.0827473121136,980.0631267113238,980.0729370117188,4167075
2025-04-17,980.0729370117188,980.5237920975499,980.0631267113238,980.0729370117188,4090040
2025-04-21,980.0729370117188,980.0827473121136,979.6417025266774,980.0729370117188,4034697
2025-04-22,980.0729370117188,980.513981797155,980.0631267113238,980.513981797155,3254614
2025-04-23,980.063232421875,980.0828530247811,980.063232421875,980.0730427233281,3114054
2025-04-24,980.0729370117188,980.0827473121136,980.0631267113238,980.0729370117188,5673334
2025-04-25,980.0729370117188,980.0827473121136,980.0631267113238,980.0729370117188,3866076
2025-04-28,980.063232421875,981.5921439757669,979.7397915684811,981.5921439757669,3628016
2025-04-29,980.063232421875,980.7198646112045,980.063232421875,980.0828530247811,2678698
2025-04-30,983.5534057617188,983.5632509007901,983.5435606226474,983.5435606226474,3737677
2025-05-02,983.5435180664062,983.5632083436969,983.0124208615555,983.5632083436969,1803943
2025-05-05,983.5435180664062,983.5632083436969,983.0124208615555,983.5533632050516,4058729
2025-05-06,983.5534057617188,983.5632509007901,983.5435606226474,983.5435606226474,3888844
2025-05-07,983.5435180664062,984.2024820109804,983.5435180664062,984.2024820109804,3746057
2025-05-08,983.5534057617188,983.9861716615073,983.5435606226474,983.9861716615073,4214413
2025-05-09,983.5534057617188,983.5632509007901,982.6780288230702,983.5435606226474,2914237
2025-05-12,983.5435180664062,984.4188949671787,983.5435180664062,984.4188949671787,6504982
2025-05-13,983.5435180664062,983.5632083436969,983.1599178472363,983.1599178472363,2490154
2025-05-14,983.5435180664062,985.0778589117527,983.5435180664062,984.2024820109804,2660864
2025-05-15,983.5534057617188,983.5632509007901,983.5435606226474,983.5534057617188,2588090
2025-05-16,983.5534057617188,983.5632509007901,983.5435606226474,983.5534057617188,3098335
2025-05-19,983.5534057617188,984.4976386425309,983.5435606226474,983.5435606226474,4518552
2025-05-20,983.5435180664062,984.2024820109804,983.5435180664062,983.5533632050516,3620619
2025-05-21,983.5534057617188,983.5632509007901,983.5435606226474,983.5632509007901,2793052
2025-05-22,983.5534057617188,983.5632509007901,983.5435606226474,983.5534057617188,2666477
2025-05-23,983.5435180664062,983.5632083436969,983.5435180664062,983.5632083436969,3092411
2025-05-26,983.5534057617188,983.5632509007901,983.5435606226474,983.5534057617188,3655300
2025-05-27,983.5435180664062,984.4188949671787,983.5435180664062,984.4188949671787,3945218
2025-05-28,983.5435180664062,983.5632083436969,983.5435180664062,983.5435180664062,1770583
2025-05-29,983.5534057617188,983.7501284491383,983.5435606226474,983.5534057617188,5230750
2025-05-30,987.09326171875,988.6232442249358,987.0833811465502,988.6232442249358,3045107
2025-06-02,987.0833740234375,987.1031351676946,987.0833740234375,987.0932545955661,4186099
2025-06-03,987.0833740234375,988.623237090711,984.6255214590772,984.6255214590772,3486196
2025-06-04,987.0833740234375,987.1919398220692,987.0833740234375,987.1919398220692,1604054
2025-06-05,987.09326171875,987.1031422909498,987.0833811465502,987.0833811465502,2138788
2025-06-06,987.09326171875,987.1031422909498,987.0833811465502,987.09326171875,3412668
2025-06-09,987.09326171875,987.1919469459652,987.0833811465502,987.09326171875,2257366
2025-06-10,987.09326171875,987.1031422909498,986.2147342564464,987.09326171875,2517360
2025-06-11,987.09326171875,987.1031422909498,987.0833811465502,987.0833811465502,2186349
2025-06-12,987.09326171875,987.1031422909498,986.3233000558615,987.0833811465502,3613767
2025-06-13,987.09326171875,987.1031422909498,986.3233000558615,986.3233000558615,8161078
2025-06-16,987.0833740234375,987.1031351676946,987.0833740234375,987.0833740234375,1802281
2025-06-17,987.09326171875,987.1031422909498,986.3233000558615,987.0833811465502,2016257
2025-06-18,987.0833740234375,987.1031351676946,987.0833740234375,987.0833740234375,1744417
2025-06-19,987.09326171875,987.1031422909498,986.4319261026681,986.4319261026681,2821123
2025-06-20,987.0833740234375,987.1031351676946,957.4804569576991,987.0932545955661,4146243
2025-06-23,987.0833740234375,987.5868012228639,982.4539042494887,982.4539042494887,3603645
2025-06-24,987.0833740234375,987.1031351676946,987.0833740234375,987.0833740234375,2091285
2025-06-25,987.09326171875,987.1031422909498,987.0833811465502,987.09326171875,2058465
2025-06-26,987.0833740234375,987.1031351676946,987.0833740234375,987.0833740234375,6810573
2025-06-27,987.09326171875,987.1031422909498,984.4774404762387,987.09326171875,4233463
2025-06-30,990.2294311523438,991.7742021101843,990.2294311523438,990.239343216082,3654645
2025-07-01,990.2393798828125,990.2492919469178,990.2294678187072,990.2393798828125,2538487
2025-07-02,990.2294311523438,990.73446288769,987.7637448580417,990.73446288769,4654085
2025-07-03,990.2393798828125,990.2492919469178,990.2294678187072,990.2393798828125,5320239
2025-07-04,990.2393798828125,990.734499572754,990.2294678187072,990.2393798828125,13514627
2025-07-07,990.2294311523438,990.239343216082,989.4669275174551,990.239343216082,9610167
2025-07-08,990.2294311523438,990.239343216082,989.6947236651957,990.239343216082,3436931
2025-07-09,990.2294311523438,990.239343216082,989.9026352460468,990.239343216082,2593059
2025-07-10,990.2393798828125,990.2492919469178,989.962083845526,989.962083845526,2332340
2025-07-11,990.2393798828125,990.2492919469178,990.2294678187072,990.2492919469178,3607325
2025-07-14,990.2294311523438,990.2492552798202,989.6055755309645,989.6055755309645,3408645
2025-07-15,990.2294311523438,990.2492552798202,990.2294311523438,990.239343216082,2498951
2025-07-16,990.2393798828125,990.2492919469178,990.2294678187072,990.2393798828125,2068046
2025-07-17,990.2294311523438,990.2492552798202,989.7541356082122,990.2294311523438,2413011
2025-07-18,990.2393798828125,991.7742388337479,990.2294678187072,990.2294678187072,1629206
2025-07-21,990.2294311523438,990.2492552798202,990.2294311523438,990.2294311523438,1794214
2025-07-22,990.2393798828125,990.2492919469178,990.2294678187072,990.2393798828125,2940228
2025-07-23,990.2294311523438,991.7742021101843,990.2294311523438,991.7742021101843,1729881
2025-07-24,990.2393798828125,990.2492919469178,989.69476031176,990.2294678187072,1773644
2025-07-25,990.2393798828125,990.2492919469178,989.69476031176,990.2393798828125,4470074
2025-07-28,990.2294311523438,990.2492552798202,989.7640476719504,990.239343216082,1984476
2025-07-29,990.2294311523438,990.2492552798202,990.2294311523438,990.239343216082,5296033
2025-07-30,990.2393798828125,990.2492919469178,990.2294678187072,990.2393798828125,3305094
2025-07-31,993.8683471679688,993.878295557186,993.8583987787515,993.8683471679688,6094319
2025-08-01,993.8583984375,993.8782952159277,993.8583984375,993.8583984375,3336184
2025-08-04,993.8583984375,994.8224822775951,993.8583984375,994.8224822775951,4250654
2025-08-05,993.8683471679688,995.4088309738971,993.3217317092084,995.4088309738971,3118805
2025-08-06,993.8583984375,993.9677093970326,993.8583984375,993.8583984375,3103421
2025-08-07,993.8583984375,993.8782952159277,993.8583984375,993.8583984375,3634966
2025-08-08,993.8683471679688,994.7429561663494,993.8583987787515,993.8683471679688,2064005
2025-08-11,993.8583984375,993.8782952159277,993.8583984375,993.8683468267138,3263191
2025-08-12,993.8683471679688,993.878295557186,993.8583987787515,993.8683471679688,1885517
2025-08-13,993.8583984375,993.8782952159277,993.3217313681412,993.3217313681412,1558738
2025-08-14,993.8683471679688,993.878295557186,993.8583987787515,993.8583987787515,3184379
2025-08-18,993.8583984375,993.8782952159277,991.8806101330605,993.8683468267138,2549396
2025-08-19,993.8583984375,994.7926371099535,993.8583984375,994.7926371099535,1862542
2025-08-20,993.8683471679688,993.878295557186,993.8583987787515,993.8683471679688,2600595
2025-08-21,993.8683471679688,995.4088309738971,993.3217317092084,993.8683471679688,4060410
2025-08-22,993.8683471679688,993.878295557186,993.6198800811768,993.8683471679688,2485974
2025-08-25,993.8583984375,994.8224822775951,992.9837894394198,992.9837894394198,1833682
2025-08-26,993.8583984375,994.7429558247942,993.8583984375,993.8683468267138,2704602
2025-08-28,993.8583984375,993.8782952159277,993.3217313681412,993.3217313681412,5506871
2025-08-29,993.8683471679688,993.878295557186,993.3217317092084,993.8583987787515,3507471
2025-09-01,996.912841796875,996.9327997244391,996.912841796875,996.922820760657,3661711
2025-09-02,996.912841796875,996.9327997244391,996.912841796875,996.922820760657,2693635
2025-09-03,996.912841796875,996.9327997244391,996.4343383140588,996.912841796875,3057207
2025-09-04,996.9228515625,996.9328305265904,996.9128725984096,996.9128725984096,2045966
2025-09-05,996.912841796875,996.9327997244391,996.912841796875,996.922820760657,1699291
2025-09-08,996.912841796875,997.2218854374172,996.4841722856288,996.4841722856288,3076631
2025-09-09,996.912841796875,996.9327997244391,996.912841796875,996.912841796875,2002121
2025-09-10,996.912841796875,996.9327997244391,996.912841796875,996.922820760657,2978663
2025-09-11,996.912841796875,996.9327997244391,996.5838402287688,996.912841796875,1789593
2025-09-12,996.9228515625,997.6905016293526,996.4443480648995,996.9128725984096,2900482
2025-09-15,996.912841796875,996.9327997244391,996.4841722856288,996.4841722856288,3595653
2025-09-16,996.912841796875,996.9327997244391,996.912841796875,996.922820760657,1788073
2025-09-17,996.9228515625,996.9328305265904,996.9128725984096,996.9328305265904,1754139
2025-09-18,996.9228515625,996.9328305265904,996.9128725984096,996.9228515625,1938983
2025-09-19,996.9228515625,996.9328305265904,996.9128725984096,996.9228515625,975685
2025-09-22,996.912841796875,996.9327997244391,996.4343383140588,996.912841796875,2264642
2025-09-23,996.9228515625,996.9328305265904,996.4842030739188,996.9128725984096,1942511
2025-09-24,996.9228515625,997.1720822753907,996.9128725984096,997.1720822753907,1654535
2025-09-25,996.9228515625,996.9328305265904,996.9128725984096,996.9228515625,1673135
2025-09-26,996.9228515625,996.9328305265904,996.9128725984096,996.9228515625,4151519
2025-09-29,996.912841796875,997.6904708037916,996.4841722856288,996.922820760657,3804834
2025-09-30,1000.0,1000.010009765625,999.989990234375,1000.0,6345930
2025-10-01,1000.0,1000.989990234375,999.989990234375,1000.0,8177933
2025-10-03,1000.0,1000.010009765625,999.989990234375,1000.0,13839374
2025-10-06,999.989990234375,1000.010009765625,998.6099853515625,999.989990234375,10941036
2025-10-07,1000.0,1000.010009765625,999.989990234375,999.989990234375,3938239
2025-10-08,1000.0,1000.010009765625,999.989990234375,1000.0,2506646
2025-10-09,999.989990234375,1000.010009765625,999.989990234375,999.989990234375,2340913
2025-10-10,1000.0,1000.010009765625,999.989990234375,1000.0,2494471
2025-10-13,999.989990234375,1000.969970703125,999.989990234375,1000.0,2818015
2025-10-14,999.989990234375,1000.010009765625,999.5599975585938,999.989990234375,2550786
2025-10-15,999.989990234375,1000.010009765625,999.989990234375,999.989990234375,2228759
2025-10-16,1000.0,1000.010009765625,999.989990234375,1000.0,2441386
2025-10-17,1000.0,1000.010009765625,999.989990234375,999.989990234375,4699425
2025-10-20,1000.0,1000.010009765625,999.5599975585938,1000.0,2604692
2025-10-21,1000.0,1000.010009765625,999.5599975585938,999.989990234375,705053
2025-10-23,999.989990234375,1000.010009765625,999.989990234375,999.989990234375,3419475
2025-10-27,1000.0,1000.8499755859375,999.989990234375,999.989990234375,2226874
2025-10-28,999.989990234375,1000.010009765625,999.97998046875,999.97998046875,4140634
2025-10-29,999.989990234375,1029.989990234375,999.989990234375,1029.989990234375,5983125
2025-10-30,999.989990234375,1000.010009765625,999.989990234375,999.989990234375,2987518
2025-10-31,1000.0,1000.010009765625,999.989990234375,1000.0,1880440
2025-11-03,999.989990234375,1000.010009765625,999.6300048828125,1000.0,1999307
2025-11-04,1000.0,1000.010009765625,999.989990234375,1000.010009765625,1989262
2025-11-05,1000.0,1000.0,1000.0,1000.0,0
2025-11-06,1000.0,1000.5,999.989990234375,999.989990234375,2712119
2025-11-07,1000.0,1000.010009765625,999.989990234375,1000.0,2335610
2025-11-10,1000.0,1000.010009765625,999.989990234375,999.989990234375,1780130
2025-11-11,999.989990234375,1000.010009765625,999.989990234375,999.989990234375,1774276
2025-11-12,999.989990234375,1000.010009765625,999.989990234375,1000.0,2080643
2025-11-13,999.989990234375,1000.010009765625,999.989990234375,999.989990234375,1618273
2025-11-14,1000.0,1000.010009765625,999.0,999.0,2589261
2025-11-17,999.989990234375,1000.010009765625,999.989990234375,1000.010009765625,2223597
2025-11-18,1000.0,1000.010009765625,999.989990234375,999.989990234375,2433150
2025-11-19,1000.0,1000.010009765625,999.989990234375,999.989990234375,2664301
2025-11-20,1000.0,1000.010009765625,999.989990234375,1000.0,2464407
2025-11-21,1000.0,1000.010009765625,999.989990234375,1000.0,3600701
2025-11-24,999.989990234375,1000.010009765625,999.1099853515625,999.1099853515625,3025072
2025-11-25,1000.0,1000.010009765625,999.989990234375,1000.0,5954978
2025-11-26,999.989990234375,1000.010009765625,999.989990234375,1000.0,1977815
2025-11-27,999.989990234375,1000.010009765625,999.989990234375,1000.0,3168144
2025-11-28,999.989990234375,1000.010009765625,999.989990234375,999.989990234375,1918006
2025-12-01,1000.0,1000.010009765625,999.9000244140625,999.9000244140625,2220101
2025-12-02,999.989990234375,1000.010009765625,999.989990234375,1000.0,1977553
2025-12-03,999.989990234375,1000.010009765625,999.989990234375,1000.0,2487047
2025-12-04,999.989990234375,1000.010009765625,999.989990234375,1000.0,2916573
2025-12-05,1000.0,1000.010009765625,999.989990234375,1000.0,2835394
2025-12-08,1000.0,1000.010009765625,999.0,1000.0,2432399
2025-12-09,999.989990234375,1000.010009765625,999.989990234375,1000.0,4335018
2025-12-10,999.989990234375,1000.5,999.989990234375,1000.5,3421543
2025-12-11,999.989990234375,1000.010009765625,999.989990234375,1000.0,3018481
2025-12-12,1000.0,1000.010009765625,999.989990234375,999.989990234375,2266391
2025-12-15,999.989990234375,1000.010009765625,999.989990234375,1000.0,1969593
2025-12-16,1000.0,1000.010009765625,999.989990234375,1000.0,2052773
2025-12-17,1000.0,1000.010009765625,999.989990234375,999.989990234375,3031875
2025-12-18,1000.0,1000.010009765625,999.989990234375,1000.989990234375,2342594
