Price,Close,High,Low,Open,Volume
Ticker,^CNXCONSUM,^CNXCONSUM,^CNXCONSUM,^CNXCONSUM,^CNXCONSUM
Date,,,,,
2011-07-12,1850.8900146484375,1850.8900146484375,1850.8900146484375,1850.8900146484375,0
2011-07-13,1870.239990234375,1870.239990234375,1870.239990234375,1870.239990234375,0
2011-07-14,1868.800048828125,1868.800048828125,1868.800048828125,1868.800048828125,0
2011-07-15,1868.800048828125,1868.800048828125,1868.800048828125,1868.800048828125,0
2011-07-18,1861.1800537109375,1861.1800537109375,1861.1800537109375,1861.1800537109375,0
2011-07-19,1857.6300048828125,1857.6300048828125,1857.6300048828125,1857.6300048828125,0
2011-07-20,1854.3800048828125,1854.3800048828125,1854.3800048828125,1854.3800048828125,0
2011-07-21,1853.4300537109375,1853.4300537109375,1853.4300537109375,1853.4300537109375,0
2011-07-22,1853.4300537109375,1853.4300537109375,1853.4300537109375,1853.4300537109375,0
2011-07-25,1914.6400146484375,1914.6400146484375,1914.6400146484375,1914.6400146484375,0
2011-07-26,1885.0400390625,1885.0400390625,1885.0400390625,1885.0400390625,0
2011-07-27,1892.9200439453125,1892.9200439453125,1892.9200439453125,1892.9200439453125,0
2011-07-28,1890.969970703125,1890.969970703125,1890.969970703125,1890.969970703125,0
2011-07-29,1896.4300537109375,1896.4300537109375,1896.4300537109375,1896.4300537109375,0
2011-08-01,1896.4300537109375,1896.4300537109375,1896.4300537109375,1896.4300537109375,0
2011-08-02,1905.1099853515625,1905.1099853515625,1905.1099853515625,1905.1099853515625,0
2011-08-03,1886.6500244140625,1886.6500244140625,1886.6500244140625,1886.6500244140625,0
2011-08-04,1876.7900390625,1876.7900390625,1876.7900390625,1876.7900390625,0
2011-08-05,1855.52001953125,1855.52001953125,1855.52001953125,1855.52001953125,0
2011-08-08,1819.18994140625,1819.18994140625,1819.18994140625,1819.18994140625,0
2011-08-09,1808.969970703125,1808.969970703125,1808.969970703125,1808.969970703125,0
2011-08-10,1808.969970703125,1808.969970703125,1808.969970703125,1808.969970703125,0
2011-08-11,1819.0400390625,1819.0400390625,1819.0400390625,1819.0400390625,0
2011-08-12,1819.0400390625,1819.0400390625,1819.0400390625,1819.0400390625,0
2011-08-16,1805.27001953125,1805.27001953125,1805.27001953125,1805.27001953125,0
2011-08-17,1809.5899658203125,1809.5899658203125,1809.5899658203125,1809.5899658203125,0
2011-08-18,1792.6500244140625,1792.6500244140625,1792.6500244140625,1792.6500244140625,0
2011-08-19,1779.3800048828125,1779.3800048828125,1779.3800048828125,1779.3800048828125,0
2011-08-22,1779.3800048828125,1779.3800048828125,1779.3800048828125,1779.3800048828125,0
2011-08-23,1807.2099609375,1807.2099609375,1807.2099609375,1807.2099609375,0
2011-08-24,1818.3800048828125,1818.3800048828125,1818.3800048828125,1818.3800048828125,0
2011-08-25,1796.300048828125,1796.300048828125,1796.300048828125,1796.300048828125,0
2011-08-26,1797.25,1797.25,1797.25,1797.25,0
2011-08-29,1776.1300048828125,1776.1300048828125,1776.1300048828125,1776.1300048828125,0
2011-08-30,1807.989990234375,1807.989990234375,1807.989990234375,1807.989990234375,0
2011-09-02,1825.0699462890625,1825.0699462890625,1825.0699462890625,1825.0699462890625,0
2011-09-05,1854.25,1854.25,1854.25,1854.25,0
2011-09-06,1851.5699462890625,1851.5699462890625,1851.5699462890625,1851.5699462890625,0
2011-09-07,1861.5999755859375,1861.5999755859375,1861.5999755859375,1861.5999755859375,0
2011-09-08,1859.72998046875,1859.72998046875,1859.72998046875,1859.72998046875,0
2011-09-09,1859.72998046875,1859.72998046875,1859.72998046875,1859.72998046875,0
2011-09-12,1850.4599609375,1850.4599609375,1850.4599609375,1850.4599609375,0
2011-09-13,1833.1300048828125,1833.1300048828125,1833.1300048828125,1833.1300048828125,0
2011-09-14,1826.77001953125,1826.77001953125,1826.77001953125,1826.77001953125,0
2011-09-15,1842.8499755859375,1842.8499755859375,1842.8499755859375,1842.8499755859375,0
2011-09-16,1833.0,1833.0,1833.0,1833.0,0
2011-09-19,1825.6500244140625,1825.6500244140625,1825.6500244140625,1825.6500244140625,0
2011-09-20,1847.1700439453125,1847.1700439453125,1847.1700439453125,1847.1700439453125,0
2011-09-21,1842.3599853515625,1842.3599853515625,1842.3599853515625,1842.3599853515625,0
2011-09-22,1784.8499755859375,1784.8499755859375,1784.8499755859375,1784.8499755859375,0
2011-09-23,1780.4300537109375,1780.4300537109375,1780.4300537109375,1780.4300537109375,0
2011-09-26,1761.760009765625,1761.760009765625,1761.760009765625,1761.760009765625,0
2011-09-27,1797.77001953125,1797.77001953125,1797.77001953125,1797.77001953125,0
2011-09-28,1786.5799560546875,1786.5799560546875,1786.5799560546875,1786.5799560546875,0
2011-09-29,1803.280029296875,1803.280029296875,1803.280029296875,1803.280029296875,0
2011-09-30,1787.0400390625,1787.0400390625,1787.0400390625,1787.0400390625,0
2011-10-03,1774.030029296875,1774.030029296875,1774.030029296875,1774.030029296875,0
2011-10-04,1749.3699951171875,1749.3699951171875,1749.3699951171875,1749.3699951171875,0
2011-10-05,1747.260009765625,1747.260009765625,1747.260009765625,1747.260009765625,0
2011-10-07,1762.0,1762.0,1762.0,1762.0,0
2011-10-10,1781.1400146484375,1781.1400146484375,1781.1400146484375,1781.1400146484375,0
2011-10-11,1788.9200439453125,1788.9200439453125,1788.9200439453125,1788.9200439453125,0
2011-10-12,1803.260009765625,1803.260009765625,1803.260009765625,1803.260009765625,0
2011-10-13,1788.93994140625,1788.93994140625,1788.93994140625,1788.93994140625,0
2011-10-14,1807.280029296875,1807.280029296875,1807.280029296875,1807.280029296875,0
2011-10-17,1811.18994140625,1811.18994140625,1811.18994140625,1811.18994140625,0
2011-10-18,1793.0899658203125,1793.0899658203125,1793.0899658203125,1793.0899658203125,0
2011-10-19,1818.6199951171875,1818.6199951171875,1818.6199951171875,1818.6199951171875,0
2011-10-20,1809.0400390625,1809.0400390625,1809.0400390625,1809.0400390625,0
2011-10-21,1796.989990234375,1796.989990234375,1796.989990234375,1796.989990234375,0
2011-10-24,1816.9300537109375,1816.9300537109375,1816.9300537109375,1816.9300537109375,0
2011-10-25,1852.02001953125,1852.02001953125,1852.02001953125,1852.02001953125,0
2011-10-28,1884.7099609375,1884.7099609375,1884.7099609375,1884.7099609375,0
2011-10-31,1898.3699951171875,1898.3699951171875,1898.3699951171875,1898.3699951171875,0
2011-11-01,1886.93994140625,1886.93994140625,1886.93994140625,1886.93994140625,0
2011-11-02,1886.93994140625,1886.93994140625,1886.93994140625,1886.93994140625,0
2011-11-03,1894.199951171875,1894.199951171875,1894.199951171875,1894.199951171875,0
2011-11-04,1905.06005859375,1905.06005859375,1905.06005859375,1905.06005859375,0
2011-11-08,1903.510009765625,1903.510009765625,1903.510009765625,1903.510009765625,0
2011-11-09,1892.9300537109375,1892.9300537109375,1892.9300537109375,1892.9300537109375,0
2011-11-11,1898.43994140625,1898.43994140625,1898.43994140625,1898.43994140625,0
2011-11-14,1890.4200439453125,1890.4200439453125,1890.4200439453125,1890.4200439453125,0
2011-11-15,1846.3299560546875,1846.3299560546875,1846.3299560546875,1846.3299560546875,0
2011-11-16,1846.969970703125,1846.969970703125,1846.969970703125,1846.969970703125,0
2011-11-17,1825.010009765625,1825.010009765625,1825.010009765625,1825.010009765625,0
2011-11-18,1820.1600341796875,1820.1600341796875,1820.1600341796875,1820.1600341796875,0
2011-11-21,1792.3299560546875,1792.3299560546875,1792.3299560546875,1792.3299560546875,0
2011-11-22,1780.1600341796875,1780.1600341796875,1780.1600341796875,1780.1600341796875,0
2011-11-23,1750.1600341796875,1750.1600341796875,1750.1600341796875,1750.1600341796875,0
2011-11-24,1776.260009765625,1776.260009765625,1776.260009765625,1776.260009765625,0
2011-11-25,1762.7099609375,1762.7099609375,1762.7099609375,1762.7099609375,0
2011-11-28,1787.47998046875,1787.47998046875,1787.47998046875,1787.47998046875,0
2011-11-29,1786.489990234375,1786.489990234375,1786.489990234375,1786.489990234375,0
2011-11-30,1799.530029296875,1799.530029296875,1799.530029296875,1799.530029296875,0
2011-12-01,1801.8399658203125,1801.8399658203125,1801.8399658203125,1801.8399658203125,0
2011-12-02,1837.6400146484375,1837.6400146484375,1837.6400146484375,1837.6400146484375,0
2011-12-05,1830.219970703125,1830.219970703125,1830.219970703125,1830.219970703125,0
2011-12-07,1828.6500244140625,1828.6500244140625,1828.6500244140625,1828.6500244140625,0
2011-12-08,1801.18994140625,1801.18994140625,1801.18994140625,1801.18994140625,0
2011-12-09,1769.75,1769.75,1769.75,1769.75,0
2011-12-12,1732.530029296875,1732.530029296875,1732.530029296875,1732.530029296875,0
2011-12-13,1744.949951171875,1744.949951171875,1744.949951171875,1744.949951171875,0
2011-12-14,1733.0699462890625,1733.0699462890625,1733.0699462890625,1733.0699462890625,0
2011-12-15,1725.800048828125,1725.800048828125,1725.800048828125,1725.800048828125,0
2011-12-16,1706.0400390625,1706.0400390625,1706.0400390625,1706.0400390625,0
2011-12-19,1695.93994140625,1695.93994140625,1695.93994140625,1695.93994140625,0
2011-12-20,1670.31005859375,1670.31005859375,1670.31005859375,1670.31005859375,0
2011-12-21,1712.2900390625,1712.2900390625,1712.2900390625,1712.2900390625,0
2011-12-22,1721.3199462890625,1721.3199462890625,1721.3199462890625,1721.3199462890625,0
2011-12-23,1718.050048828125,1718.050048828125,1718.050048828125,1718.050048828125,0
2011-12-26,1741.8900146484375,1741.8900146484375,1741.8900146484375,1741.8900146484375,0
2011-12-27,1741.9200439453125,1741.9200439453125,1741.9200439453125,1741.9200439453125,0
2011-12-28,1728.0899658203125,1728.0899658203125,1728.0899658203125,1728.0899658203125,0
2011-12-29,1711.489990234375,1711.489990234375,1711.489990234375,1711.489990234375,0
2011-12-30,1709.5799560546875,1709.5799560546875,1709.5799560546875,1709.5799560546875,0
2012-01-02,1693.0999755859375,1693.0999755859375,1693.0999755859375,1693.0999755859375,0
2012-01-03,1718.969970703125,1718.969970703125,1718.969970703125,1718.969970703125,0
2012-01-04,1694.7099609375,1694.7099609375,1694.7099609375,1694.7099609375,0
2012-01-05,1698.949951171875,1698.949951171875,1698.949951171875,1698.949951171875,0
2012-01-06,1692.800048828125,1692.800048828125,1692.800048828125,1692.800048828125,0
2012-01-09,1688.5799560546875,1688.5799560546875,1688.5799560546875,1688.5799560546875,0
2012-01-10,1719.9599609375,1719.9599609375,1719.9599609375,1719.9599609375,0
2012-01-11,1719.9599609375,1719.9599609375,1719.9599609375,1719.9599609375,0
2012-01-12,1721.699951171875,1721.699951171875,1721.699951171875,1721.699951171875,0
2012-01-13,1741.52001953125,1741.52001953125,1741.52001953125,1741.52001953125,0
2012-01-16,1746.5699462890625,1746.5699462890625,1746.5699462890625,1746.5699462890625,0
2012-01-17,1746.5699462890625,1746.5699462890625,1746.5699462890625,1746.5699462890625,0
2012-01-18,1767.6099853515625,1767.6099853515625,1767.6099853515625,1767.6099853515625,0
2012-01-19,1780.8499755859375,1780.8499755859375,1780.8499755859375,1780.8499755859375,0
2012-01-23,1789.06005859375,1789.06005859375,1789.06005859375,1789.06005859375,0
2012-01-25,1815.469970703125,1815.469970703125,1815.469970703125,1815.469970703125,0
2012-01-27,1826.06005859375,1826.06005859375,1826.06005859375,1826.06005859375,0
2012-01-30,1797.3599853515625,1797.3599853515625,1797.3599853515625,1797.3599853515625,0
2012-01-31,1827.6800537109375,1827.6800537109375,1827.6800537109375,1827.6800537109375,0
2012-02-01,1846.5899658203125,1846.5899658203125,1846.5899658203125,1846.5899658203125,0
2012-02-02,1867.68994140625,1867.68994140625,1867.68994140625,1867.68994140625,0
2012-02-03,1886.969970703125,1886.969970703125,1886.969970703125,1886.969970703125,0
2012-02-06,1884.5899658203125,1884.5899658203125,1884.5899658203125,1884.5899658203125,0
2012-02-07,1867.9200439453125,1867.9200439453125,1867.9200439453125,1867.9200439453125,0
2012-02-08,1867.8800048828125,1867.8800048828125,1867.8800048828125,1867.8800048828125,0
2012-02-09,1881.68994140625,1881.68994140625,1881.68994140625,1881.68994140625,0
2012-02-10,1874.72998046875,1874.72998046875,1874.72998046875,1874.72998046875,0
2012-02-13,1875.3900146484375,1875.3900146484375,1875.3900146484375,1875.3900146484375,0
2012-02-14,1883.989990234375,1883.989990234375,1883.989990234375,1883.989990234375,0
2012-02-15,1915.02001953125,1915.02001953125,1915.02001953125,1915.02001953125,0
2012-02-16,1925.56005859375,1925.56005859375,1925.56005859375,1925.56005859375,0
2012-02-17,1924.9000244140625,1924.9000244140625,1924.9000244140625,1924.9000244140625,0
2012-02-21,1935.97998046875,1935.97998046875,1935.97998046875,1935.97998046875,0
2012-02-22,1902.97998046875,1902.97998046875,1902.97998046875,1902.97998046875,0
2012-02-23,1891.8499755859375,1891.8499755859375,1891.8499755859375,1891.8499755859375,0
2012-02-24,1896.97998046875,1896.97998046875,1896.97998046875,1896.97998046875,0
2012-02-27,1855.300048828125,1901.4000244140625,1850.1500244140625,1901.4000244140625,0
2012-02-28,1882.0999755859375,1886.4000244140625,1859.550048828125,1859.550048828125,0
2012-02-29,1888.949951171875,1912.5999755859375,1877.3499755859375,1888.75,0
2012-03-01,1881.949951171875,1891.8499755859375,1868.949951171875,1888.3499755859375,0
2012-03-02,1888.75,1893.449951171875,1878.6500244140625,1890.8499755859375,0
2012-03-05,1879.0999755859375,1887.1500244140625,1874.0,1884.6500244140625,0
2012-03-06,1859.5,1904.0999755859375,1856.050048828125,1875.6500244140625,0
2012-03-07,1858.6500244140625,1867.6500244140625,1848.8499755859375,1860.300048828125,0
2012-03-09,1880.25,1884.5999755859375,1871.949951171875,1874.8499755859375,0
2012-03-12,1882.1500244140625,1894.0999755859375,1880.25,1893.699951171875,0
2012-03-13,1895.050048828125,1900.25,1885.6500244140625,1885.6500244140625,0
2012-03-14,1907.699951171875,1920.4000244140625,1903.949951171875,1906.550048828125,0
2012-03-15,1889.699951171875,1908.449951171875,1883.0,1906.949951171875,0
2012-03-16,1877.050048828125,1913.6500244140625,1872.0999755859375,1890.050048828125,0
2012-03-19,1868.5999755859375,1885.6500244140625,1864.5,1881.449951171875,0
2012-03-20,1873.5999755859375,1877.050048828125,1855.699951171875,1870.550048828125,0
2012-03-21,1901.199951171875,1903.75,1870.6500244140625,1873.699951171875,0
2012-03-22,1866.0,1911.800048828125,1858.9000244140625,1902.0999755859375,0
2012-03-23,1886.25,1892.800048828125,1858.449951171875,1869.800048828125,0
2012-03-26,1865.699951171875,1888.699951171875,1861.5999755859375,1888.5,0
2012-03-27,1882.25,1889.9000244140625,1868.550048828125,1875.449951171875,0
2012-03-28,1874.699951171875,1885.800048828125,1865.9000244140625,1882.699951171875,0
2012-03-29,1878.949951171875,1887.050048828125,1857.0999755859375,1864.300048828125,0
2012-03-30,1911.8499755859375,1914.699951171875,1886.550048828125,1886.550048828125,0
2012-04-02,1917.5999755859375,1922.25,1910.0,1915.5999755859375,0
2012-04-03,1920.8499755859375,1928.300048828125,1918.1500244140625,1924.4000244140625,0
2012-04-04,1906.0999755859375,1921.0,1903.550048828125,1918.0,0
2012-04-09,1888.75,1902.8499755859375,1886.449951171875,1900.6500244140625,0
2012-04-10,1903.300048828125,1906.3499755859375,1885.5999755859375,1894.5,0
2012-04-11,1894.8499755859375,1910.9000244140625,1889.3499755859375,1896.550048828125,0
2012-04-12,1912.5999755859375,1914.8499755859375,1897.9000244140625,1897.9000244140625,0
2012-04-13,1916.5999755859375,1944.199951171875,1912.9000244140625,1917.199951171875,0
2012-04-16,1916.25,1923.5999755859375,1911.3499755859375,1915.050048828125,0
2012-04-17,1937.5999755859375,1941.050048828125,1916.1500244140625,1924.449951171875,0
2012-04-18,1949.699951171875,1959.4000244140625,1944.5,1944.5,0
2012-04-19,1965.449951171875,1970.3499755859375,1952.199951171875,1957.3499755859375,0
2012-04-20,1963.3499755859375,1976.75,1950.6500244140625,1963.449951171875,0
2012-04-23,1932.4000244140625,1971.300048828125,1927.9000244140625,1962.1500244140625,0
2012-04-24,1932.199951171875,1934.4000244140625,1912.3499755859375,1928.550048828125,0
2012-04-25,1938.199951171875,1946.5999755859375,1923.300048828125,1928.8499755859375,0
2012-04-26,1927.0999755859375,1945.449951171875,1923.8499755859375,1941.8499755859375,0
2012-04-27,1924.550048828125,1940.050048828125,1918.0999755859375,1927.25,0
2012-04-30,1940.1500244140625,1942.5999755859375,1932.550048828125,1934.4000244140625,0
2012-05-02,1944.300048828125,1957.800048828125,1939.800048828125,1950.199951171875,0
2012-05-03,1922.9000244140625,1935.6500244140625,1920.449951171875,1934.5,0
2012-05-04,1892.8499755859375,1916.949951171875,1889.9000244140625,1916.949951171875,0
2012-05-07,1899.75,1908.550048828125,1863.0,1878.949951171875,0
2012-05-08,1870.699951171875,1915.25,1866.3499755859375,1905.6500244140625,0
2012-05-09,1867.800048828125,1878.550048828125,1862.199951171875,1866.550048828125,0
2012-05-10,1864.6500244140625,1890.75,1861.6500244140625,1867.4000244140625,0
2012-05-11,1850.5999755859375,1863.949951171875,1840.0,1857.4000244140625,0
2012-05-14,1859.449951171875,1863.449951171875,1847.300048828125,1851.5999755859375,0
2012-05-15,1862.550048828125,1867.199951171875,1844.3499755859375,1849.4000244140625,0
2012-05-16,1839.4000244140625,1848.800048828125,1831.199951171875,1848.0999755859375,0
2012-05-17,1834.9000244140625,1867.3499755859375,1831.0999755859375,1846.9000244140625,0
2012-05-18,1827.5999755859375,1832.25,1806.449951171875,1818.0999755859375,0
2012-05-21,1834.4000244140625,1846.0999755859375,1828.0999755859375,1828.0999755859375,0
2012-05-22,1810.699951171875,1848.6500244140625,1807.949951171875,1844.199951171875,0
2012-05-23,1795.300048828125,1803.449951171875,1784.199951171875,1802.550048828125,0
2012-05-24,1813.5,1818.050048828125,1784.4000244140625,1791.75,0
2012-05-25,1808.550048828125,1817.5,1804.800048828125,1811.800048828125,0
2012-05-28,1832.449951171875,1835.050048828125,1812.25,1812.25,0
2012-05-29,1833.300048828125,1839.699951171875,1829.1500244140625,1836.449951171875,0
2012-05-30,1829.25,1837.300048828125,1822.949951171875,1830.699951171875,0
2012-05-31,1828.949951171875,1831.550048828125,1813.25,1816.949951171875,0
2012-06-01,1800.699951171875,1826.0,1797.9000244140625,1825.300048828125,0
2012-06-04,1783.75,1791.3499755859375,1774.0,1791.3499755859375,0
2012-06-05,1782.0999755859375,1797.5,1777.199951171875,1789.9000244140625,0
2012-06-06,1832.199951171875,1835.5,1789.8499755859375,1789.8499755859375,0
2012-06-07,1856.550048828125,1858.5999755859375,1837.949951171875,1839.550048828125,0
2012-06-08,1858.949951171875,1863.4000244140625,1839.0,1851.199951171875,0
2012-06-11,1857.75,1879.75,1853.6500244140625,1865.75,0
2012-06-12,1876.800048828125,1880.6500244140625,1848.6500244140625,1849.449951171875,0
2012-06-13,1874.050048828125,1886.0,1869.4000244140625,1875.050048828125,0
2012-06-14,1861.6500244140625,1885.5,1859.0,1871.0999755859375,0
2012-06-15,1884.4000244140625,1886.9000244140625,1864.4000244140625,1865.1500244140625,0
2012-06-18,1867.8499755859375,1900.0,1862.9000244140625,1891.25,0
2012-06-19,1876.300048828125,1878.699951171875,1861.199951171875,1862.699951171875,0
2012-06-20,1882.75,1888.5999755859375,1877.550048828125,1878.800048828125,0
2012-06-21,1897.8499755859375,1900.75,1878.3499755859375,1879.699951171875,0
2012-06-22,1898.0999755859375,1905.199951171875,1883.949951171875,1888.199951171875,0
2012-06-25,1887.949951171875,1914.4000244140625,1885.25,1900.449951171875,0
2012-06-26,1889.9000244140625,1893.949951171875,1879.199951171875,1887.550048828125,0
2012-06-27,1897.550048828125,1903.75,1892.699951171875,1898.550048828125,0
2012-06-28,1901.050048828125,1905.6500244140625,1890.3499755859375,1902.3499755859375,0
2012-06-29,1944.199951171875,1946.550048828125,1912.8499755859375,1912.8499755859375,0
2012-07-02,1943.6500244140625,1952.449951171875,1940.8499755859375,1946.8499755859375,0
2012-07-03,1956.75,1962.5,1947.5999755859375,1947.9000244140625,0
2012-07-04,1964.699951171875,1966.1500244140625,1955.8499755859375,1961.5999755859375,0
2012-07-05,1967.699951171875,1970.449951171875,1960.199951171875,1960.449951171875,0
2012-07-06,1958.6500244140625,1968.6500244140625,1954.8499755859375,1967.5,0
2012-07-09,1932.050048828125,1952.8499755859375,1928.6500244140625,1952.8499755859375,0
2012-07-10,1952.199951171875,1954.800048828125,1933.5,1933.5,0
2012-07-11,1937.4000244140625,1949.75,1935.75,1946.0999755859375,0
2012-07-12,1927.800048828125,1936.9000244140625,1925.199951171875,1931.8499755859375,0
2012-07-13,1925.1500244140625,1939.199951171875,1922.4000244140625,1929.550048828125,0
2012-07-16,1927.800048828125,1941.300048828125,1925.449951171875,1928.300048828125,0
2012-07-17,1923.8499755859375,1939.949951171875,1920.0,1933.5999755859375,0
2012-07-18,1939.8499755859375,1942.0999755859375,1910.5999755859375,1924.9000244140625,0
2012-07-19,1928.050048828125,1945.5,1926.199951171875,1942.800048828125,0
2012-07-20,1936.050048828125,1938.199951171875,1919.8499755859375,1919.8499755859375,0
2012-07-23,1901.9000244140625,1925.1500244140625,1900.9000244140625,1925.1500244140625,0
2012-07-24,1918.9000244140625,1920.699951171875,1903.9000244140625,1906.699951171875,0
2012-07-25,1907.0999755859375,1916.550048828125,1894.8499755859375,1916.0,0
2012-07-26,1892.550048828125,1916.550048828125,1889.0,1911.800048828125,0
2012-07-27,1902.1500244140625,1915.449951171875,1897.6500244140625,1911.0999755859375,0
2012-07-30,1929.5999755859375,1932.0,1905.5,1905.5,0
2012-07-31,1927.800048828125,1934.800048828125,1916.1500244140625,1931.0999755859375,0
2012-08-01,1929.199951171875,1934.449951171875,1921.8499755859375,1927.5,0
2012-08-02,1935.949951171875,1937.800048828125,1926.5,1927.699951171875,0
2012-08-03,1932.6500244140625,1935.699951171875,1921.0,1929.1500244140625,0
2012-08-06,1939.550048828125,1950.6500244140625,1937.9000244140625,1943.6500244140625,0
2012-08-07,1946.300048828125,1951.050048828125,1938.0999755859375,1939.6500244140625,0
2012-08-08,1938.3499755859375,1953.5,1934.5,1947.8499755859375,0
2012-08-09,1943.449951171875,1951.75,1938.1500244140625,1940.449951171875,0
2012-08-10,1940.8499755859375,1947.5,1931.300048828125,1940.3499755859375,0
2012-08-13,1959.75,1962.0,1940.9000244140625,1940.9000244140625,0
2012-08-14,1962.5999755859375,1965.5,1951.0999755859375,1960.75,0
2012-08-16,1957.25,1972.5999755859375,1955.5999755859375,1964.199951171875,0
2012-08-17,1960.949951171875,1973.1500244140625,1951.300048828125,1960.550048828125,0
2012-08-21,1975.4000244140625,1977.0,1959.4000244140625,1961.25,0
2012-08-22,1967.199951171875,1976.75,1965.550048828125,1969.1500244140625,0
2012-08-23,1967.050048828125,1975.550048828125,1962.0999755859375,1967.0,0
2012-08-24,1961.1500244140625,1964.199951171875,1949.8499755859375,1962.800048828125,0
2012-08-27,1958.5,1972.75,1957.0999755859375,1965.0999755859375,0
2012-08-28,1955.6500244140625,1965.199951171875,1944.050048828125,1957.949951171875,0
2012-08-29,1945.6500244140625,1961.0,1942.699951171875,1956.0,0
2012-08-30,1951.3499755859375,1962.4000244140625,1935.75,1941.0999755859375,0
2012-08-31,1936.449951171875,1950.6500244140625,1932.6500244140625,1947.8499755859375,0
2012-09-03,1939.699951171875,1948.199951171875,1935.050048828125,1938.0999755859375,0
2012-09-04,1953.9000244140625,1955.5999755859375,1937.25,1937.25,0
2012-09-05,1959.0999755859375,1960.9000244140625,1946.0999755859375,1947.449951171875,0
2012-09-06,1952.449951171875,1958.3499755859375,1945.3499755859375,1956.5999755859375,0
2012-09-07,1972.1500244140625,1974.4000244140625,1962.6500244140625,1965.949951171875,0
2012-09-10,1985.6500244140625,1986.5999755859375,1975.300048828125,1977.4000244140625,0
2012-09-11,1987.550048828125,1989.449951171875,1975.199951171875,1980.300048828125,0
2012-09-12,1989.050048828125,1994.449951171875,1984.3499755859375,1989.800048828125,0
2012-09-13,1991.699951171875,1998.699951171875,1988.25,1988.25,0
2012-09-14,2007.949951171875,2017.1500244140625,2005.1500244140625,2006.199951171875,0
2012-09-17,2012.300048828125,2030.1500244140625,2006.550048828125,2021.8499755859375,0
2012-09-18,2022.449951171875,2029.4000244140625,2005.199951171875,2015.0999755859375,0
2012-09-20,2021.25,2031.5,2009.0999755859375,2010.5,0
2012-09-21,2055.60009765625,2062.14990234375,2030.300048828125,2030.300048828125,0
2012-09-24,2067.5,2074.5,2058.800048828125,2058.800048828125,0
2012-09-25,2073.14990234375,2080.0,2061.699951171875,2072.25,0
2012-09-26,2072.050048828125,2078.25,2062.449951171875,2067.75,0
2012-09-27,2089.699951171875,2103.10009765625,2075.60009765625,2075.60009765625,0
2012-09-28,2113.64990234375,2123.800048828125,2099.64990234375,2099.64990234375,0
2012-10-01,2117.35009765625,2121.25,2112.25,2113.949951171875,0
2012-10-03,2114.35009765625,2126.25,2112.699951171875,2116.0,0
2012-10-04,2124.14990234375,2135.949951171875,2120.25,2120.25,0
2012-10-05,2118.39990234375,2139.60009765625,2103.85009765625,2133.699951171875,0
2012-10-08,2108.949951171875,2125.60009765625,2103.449951171875,2117.800048828125,0
2012-10-09,2116.449951171875,2123.449951171875,2107.0,2111.0,0
2012-10-10,2097.550048828125,2115.64990234375,2095.199951171875,2109.64990234375,0
2012-10-11,2112.35009765625,2116.35009765625,2086.25,2099.300048828125,0
2012-10-12,2109.800048828125,2126.25,2106.199951171875,2110.14990234375,0
2012-10-15,2111.14990234375,2114.949951171875,2100.800048828125,2108.699951171875,0
2012-10-16,2109.0,2125.60009765625,2100.199951171875,2109.14990234375,0
2012-10-17,2118.949951171875,2121.39990234375,2108.75,2115.85009765625,0
2012-10-18,2131.199951171875,2132.199951171875,2115.300048828125,2121.25,0
2012-10-19,2124.800048828125,2127.64990234375,2114.64990234375,2127.39990234375,0
2012-10-22,2132.449951171875,2133.800048828125,2112.0,2122.10009765625,0
2012-10-23,2121.10009765625,2131.10009765625,2118.550048828125,2131.10009765625,0
2012-10-25,2124.800048828125,2130.800048828125,2115.25,2120.14990234375,0
2012-10-29,2114.64990234375,2124.89990234375,2101.5,2114.050048828125,0
2012-10-30,2105.5,2121.14990234375,2097.14990234375,2113.5,0
2012-10-31,2120.300048828125,2123.14990234375,2105.0,2105.0,0
2012-11-01,2143.35009765625,2144.800048828125,2117.449951171875,2119.14990234375,0
2012-11-02,2156.800048828125,2166.64990234375,2153.64990234375,2153.64990234375,0
2012-11-05,2160.0,2163.5,2148.050048828125,2156.75,0
2012-11-06,2165.0,2167.75,2155.75,2155.75,0
2012-11-07,2177.39990234375,2182.5,2161.949951171875,2161.949951171875,0
2012-11-08,2181.60009765625,2184.89990234375,2157.75,2165.0,0
2012-11-09,2169.39990234375,2194.5,2166.75,2179.64990234375,0
2012-11-12,2191.199951171875,2194.0,2172.550048828125,2172.550048828125,0
2012-11-15,2202.699951171875,2208.949951171875,2192.14990234375,2197.14990234375,0
2012-11-16,2181.300048828125,2215.0,2175.10009765625,2203.25,0
2012-11-19,2189.550048828125,2198.0,2181.25,2184.449951171875,0
2012-11-20,2192.10009765625,2202.949951171875,2181.449951171875,2195.800048828125,0
2012-11-21,2205.89990234375,2207.85009765625,2187.35009765625,2192.800048828125,0
2012-11-22,2213.60009765625,2219.5,2203.550048828125,2209.449951171875,0
2012-11-23,2226.35009765625,2228.949951171875,2209.75,2217.199951171875,0
2012-11-26,2249.14990234375,2256.800048828125,2232.050048828125,2232.050048828125,0
2012-11-27,2292.699951171875,2293.550048828125,2253.64990234375,2253.64990234375,0
2012-11-29,2317.699951171875,2323.050048828125,2292.699951171875,2293.14990234375,0
2012-11-30,2322.0,2326.25,2304.300048828125,2319.89990234375,0
2012-12-03,2325.75,2332.800048828125,2317.60009765625,2324.14990234375,0
2012-12-04,2340.64990234375,2343.449951171875,2321.199951171875,2324.050048828125,0
2012-12-05,2329.75,2351.550048828125,2326.85009765625,2343.050048828125,0
2012-12-06,2334.10009765625,2341.5,2311.64990234375,2335.85009765625,0
2012-12-07,2327.949951171875,2348.35009765625,2321.800048828125,2335.75,0
2012-12-10,2325.35009765625,2335.699951171875,2320.949951171875,2329.800048828125,0
2012-12-11,2328.5,2339.550048828125,2312.85009765625,2326.0,0
2012-12-12,2337.550048828125,2340.949951171875,2330.14990234375,2334.550048828125,0
2012-12-13,2319.699951171875,2346.449951171875,2315.449951171875,2338.75,0
2012-12-14,2316.14990234375,2326.0,2306.5,2319.10009765625,0
2012-12-17,2311.60009765625,2320.949951171875,2308.800048828125,2310.14990234375,0
2012-12-18,2333.0,2336.449951171875,2312.25,2315.199951171875,0
2012-12-19,2350.64990234375,2352.0,2337.699951171875,2337.699951171875,0
2012-12-20,2357.14990234375,2360.85009765625,2340.449951171875,2348.89990234375,0
2012-12-21,2326.25,2349.800048828125,2322.800048828125,2349.800048828125,0
2012-12-24,2333.550048828125,2339.800048828125,2329.050048828125,2329.300048828125,0
2012-12-26,2351.89990234375,2354.699951171875,2333.199951171875,2333.199951171875,0
2012-12-27,2336.75,2363.300048828125,2333.949951171875,2357.800048828125,0
2012-12-28,2345.39990234375,2353.050048828125,2335.89990234375,2338.550048828125,0
2012-12-31,2350.14990234375,2354.5,2342.050048828125,2345.0,0
2013-01-01,2370.199951171875,2372.5,2356.89990234375,2356.89990234375,0
2013-01-02,2380.85009765625,2385.85009765625,2376.39990234375,2376.39990234375,0
2013-01-03,2385.25,2391.550048828125,2376.39990234375,2388.050048828125,0
2013-01-04,2384.550048828125,2386.25,2373.85009765625,2385.39990234375,0
2013-01-07,2379.64990234375,2397.85009765625,2375.050048828125,2390.64990234375,0
2013-01-08,2386.60009765625,2389.25,2376.050048828125,2380.60009765625,0
2013-01-09,2370.5,2394.550048828125,2368.550048828125,2388.550048828125,0
2013-01-10,2366.300048828125,2381.199951171875,2360.050048828125,2374.25,0
2013-01-11,2332.0,2368.050048828125,2327.050048828125,2366.85009765625,0
2013-01-14,2343.85009765625,2345.75,2324.0,2333.699951171875,0
2013-01-15,2357.60009765625,2363.14990234375,2340.5,2344.85009765625,0
2013-01-16,2324.39990234375,2359.25,2321.199951171875,2357.25,0
2013-01-17,2327.85009765625,2337.550048828125,2318.10009765625,2320.800048828125,0
2013-01-18,2321.550048828125,2331.85009765625,2314.64990234375,2327.64990234375,0
2013-01-21,2338.64990234375,2340.64990234375,2320.64990234375,2323.39990234375,0
2013-01-22,2323.64990234375,2349.39990234375,2317.35009765625,2339.25,0
2013-01-23,2332.199951171875,2336.89990234375,2314.699951171875,2314.699951171875,0
2013-01-24,2306.0,2335.25,2302.14990234375,2331.550048828125,0
2013-01-25,2335.35009765625,2337.25,2305.800048828125,2305.800048828125,0
2013-01-28,2337.35009765625,2346.300048828125,2332.449951171875,2336.5,0
2013-01-29,2321.85009765625,2344.550048828125,2318.75,2334.699951171875,0
2013-01-30,2319.25,2335.449951171875,2312.800048828125,2329.050048828125,0
2013-01-31,2319.449951171875,2328.5,2313.10009765625,2318.0,0
2013-02-01,2325.10009765625,2333.85009765625,2317.85009765625,2319.199951171875,0
2013-02-04,2325.25,2339.64990234375,2321.25,2330.25,0
2013-02-05,2313.5,2320.25,2308.25,2315.75,0
2013-02-06,2319.64990234375,2329.550048828125,2314.949951171875,2320.0,0
2013-02-07,2300.5,2318.35009765625,2298.300048828125,2314.5,0
2013-02-08,2282.39990234375,2308.699951171875,2275.85009765625,2300.800048828125,0
2013-02-11,2277.050048828125,2286.5,2270.75,2285.699951171875,0
2013-02-12,2285.60009765625,2287.050048828125,2268.949951171875,2273.449951171875,0
2013-02-13,2263.60009765625,2292.39990234375,2261.35009765625,2287.60009765625,0
2013-02-14,2251.10009765625,2264.199951171875,2240.449951171875,2263.300048828125,0
2013-02-15,2254.64990234375,2261.5,2240.39990234375,2246.050048828125,0
2013-02-18,2254.60009765625,2260.0,2249.0,2253.300048828125,0
2013-02-19,2267.5,2270.14990234375,2249.449951171875,2255.199951171875,0
2013-02-20,2261.89990234375,2276.050048828125,2259.10009765625,2272.699951171875,0
2013-02-21,2229.800048828125,2255.64990234375,2227.25,2255.64990234375,0
2013-02-22,2231.800048828125,2241.949951171875,2217.64990234375,2228.0,0
2013-02-25,2228.89990234375,2238.35009765625,2215.85009765625,2234.25,0
2013-02-26,2201.0,2239.14990234375,2196.050048828125,2226.300048828125,0
2013-02-27,2222.89990234375,2233.89990234375,2201.75,2207.949951171875,0
2013-02-28,2194.64990234375,2243.35009765625,2187.550048828125,2232.14990234375,0
2013-03-01,2224.800048828125,2231.89990234375,2198.449951171875,2198.449951171875,0
2013-03-04,2208.10009765625,2221.64990234375,2192.199951171875,2219.75,0
2013-03-05,2232.64990234375,2234.75,2208.800048828125,2209.0,0
2013-03-06,2221.85009765625,2240.60009765625,2220.14990234375,2237.0,0
2013-03-07,2236.949951171875,2241.0,2216.75,2216.89990234375,0
2013-03-08,2266.10009765625,2267.550048828125,2243.39990234375,2243.39990234375,0
2013-03-11,2267.5,2276.60009765625,2265.10009765625,2268.14990234375,0
2013-03-12,2256.550048828125,2272.0,2251.449951171875,2266.35009765625,0
2013-03-13,2241.300048828125,2254.949951171875,2239.25,2251.0,0
2013-03-14,2254.14990234375,2256.75,2222.60009765625,2238.85009765625,0
2013-03-15,2258.550048828125,2273.5,2252.5,2255.60009765625,0
2013-03-18,2249.85009765625,2254.75,2242.5,2246.25,0
2013-03-19,2214.300048828125,2260.85009765625,2209.60009765625,2257.5,0
2013-03-20,2197.550048828125,2225.550048828125,2188.449951171875,2209.0,0
2013-03-21,2182.10009765625,2217.10009765625,2176.199951171875,2202.10009765625,0
2013-03-22,2183.39990234375,2199.0,2176.699951171875,2186.5,0
2013-03-25,2172.25,2202.60009765625,2167.60009765625,2193.75,0
2013-03-26,2181.949951171875,2183.89990234375,2163.199951171875,2168.35009765625,0
2013-03-28,2188.199951171875,2193.35009765625,2157.10009765625,2180.25,0
2013-04-01,2196.14990234375,2199.60009765625,2180.699951171875,2186.300048828125,0
2013-04-02,2198.949951171875,2201.14990234375,2182.85009765625,2192.800048828125,0
2013-04-03,2175.199951171875,2202.449951171875,2170.449951171875,2195.949951171875,0
2013-04-04,2147.35009765625,2176.050048828125,2143.5,2164.14990234375,0
2013-04-05,2147.64990234375,2159.89990234375,2139.300048828125,2143.550048828125,0
2013-04-08,2163.300048828125,2164.89990234375,2149.64990234375,2149.75,0
2013-04-09,2142.199951171875,2177.39990234375,2139.10009765625,2171.5,0
2013-04-10,2155.550048828125,2157.85009765625,2127.60009765625,2149.300048828125,0
2013-04-11,2155.85009765625,2164.14990234375,2140.300048828125,2162.199951171875,0
2013-04-12,2167.300048828125,2173.64990234375,2145.550048828125,2146.10009765625,0
2013-04-15,2167.39990234375,2178.89990234375,2158.10009765625,2160.199951171875,0
2013-04-16,2208.050048828125,2210.39990234375,2165.300048828125,2167.800048828125,0
2013-04-17,2227.800048828125,2236.0,2209.449951171875,2209.449951171875,0
2013-04-18,2255.300048828125,2258.39990234375,2224.35009765625,2224.35009765625,0
2013-04-22,2274.050048828125,2275.0,2258.14990234375,2261.14990234375,0
2013-04-23,2270.800048828125,2276.0,2259.89990234375,2276.0,0
2013-04-25,2297.39990234375,2301.199951171875,2277.89990234375,2279.550048828125,0
2013-04-26,2306.85009765625,2318.14990234375,2297.300048828125,2300.25,0
2013-04-29,2342.10009765625,2345.35009765625,2311.14990234375,2311.14990234375,0
2013-04-30,2396.39990234375,2398.64990234375,2372.800048828125,2372.800048828125,0
2013-05-02,2418.199951171875,2428.949951171875,2381.14990234375,2381.699951171875,0
2013-05-03,2412.85009765625,2425.64990234375,2404.5,2422.25,0
2013-05-06,2429.60009765625,2431.300048828125,2414.300048828125,2414.300048828125,0
2013-05-07,2458.39990234375,2461.25,2431.75,2435.300048828125,0
2013-05-08,2450.60009765625,2465.550048828125,2446.449951171875,2465.14990234375,0
2013-05-09,2437.60009765625,2458.550048828125,2435.199951171875,2450.60009765625,0
2013-05-10,2463.199951171875,2464.85009765625,2437.14990234375,2437.14990234375,0
2013-05-13,2431.0,2470.550048828125,2429.14990234375,2467.10009765625,0
2013-05-14,2438.60009765625,2439.800048828125,2425.75,2433.75,0
2013-05-15,2477.10009765625,2482.10009765625,2444.64990234375,2444.64990234375,0
2013-05-16,2474.5,2492.10009765625,2470.60009765625,2472.10009765625,0
2013-05-17,2476.10009765625,2483.25,2465.550048828125,2474.10009765625,0
2013-05-20,2462.949951171875,2494.35009765625,2459.0,2479.449951171875,0
2013-05-21,2447.89990234375,2468.199951171875,2444.5,2460.60009765625,0
2013-05-22,2452.39990234375,2466.64990234375,2444.89990234375,2454.64990234375,0
2013-05-23,2412.949951171875,2442.550048828125,2397.199951171875,2437.699951171875,0
2013-05-24,2427.0,2432.64990234375,2400.64990234375,2426.85009765625,0
2013-05-27,2453.199951171875,2455.050048828125,2424.89990234375,2432.199951171875,0
2013-05-28,2470.25,2473.85009765625,2448.0,2455.199951171875,0
2013-05-29,2471.25,2476.75,2460.25,2471.89990234375,0
2013-05-30,2486.449951171875,2489.550048828125,2458.89990234375,2458.89990234375,0
2013-05-31,2457.85009765625,2482.85009765625,2453.050048828125,2481.14990234375,0
2013-06-03,2447.199951171875,2455.85009765625,2433.949951171875,2454.699951171875,0
2013-06-04,2464.300048828125,2473.75,2450.699951171875,2450.699951171875,0
2013-06-05,2459.60009765625,2462.300048828125,2450.0,2459.85009765625,0
2013-06-06,2448.300048828125,2457.75,2437.10009765625,2448.14990234375,0
2013-06-07,2420.60009765625,2453.300048828125,2418.550048828125,2444.75,0
2013-06-10,2406.85009765625,2436.64990234375,2399.89990234375,2430.10009765625,0
2013-06-11,2362.5,2400.25,2358.0,2396.800048828125,0
2013-06-12,2330.25,2353.449951171875,2314.89990234375,2353.449951171875,0
2013-06-13,2309.949951171875,2325.949951171875,2303.800048828125,2311.85009765625,0
2013-06-14,2348.0,2350.75,2323.25,2323.25,0
2013-06-17,2385.89990234375,2388.39990234375,2347.25,2355.89990234375,0
2013-06-18,2391.300048828125,2405.199951171875,2382.85009765625,2387.14990234375,0
2013-06-19,2404.64990234375,2408.10009765625,2386.550048828125,2386.550048828125,0
2013-06-20,2358.14990234375,2380.60009765625,2355.800048828125,2380.60009765625,0
2013-06-21,2358.5,2376.0,2343.800048828125,2349.89990234375,0
2013-06-24,2312.0,2352.949951171875,2308.449951171875,2349.5,0
2013-06-25,2319.85009765625,2331.050048828125,2290.39990234375,2315.10009765625,0
2013-06-26,2309.300048828125,2325.5,2299.89990234375,2321.60009765625,0
2013-06-27,2330.0,2346.10009765625,2320.550048828125,2333.35009765625,0
2013-06-28,2378.550048828125,2385.35009765625,2338.35009765625,2341.699951171875,0
2013-07-01,2442.199951171875,2444.60009765625,2378.800048828125,2381.39990234375,0
2013-07-02,2432.449951171875,2450.949951171875,2427.85009765625,2436.60009765625,0
2013-07-03,2415.25,2432.64990234375,2406.199951171875,2419.10009765625,0
2013-07-04,2444.300048828125,2447.35009765625,2421.14990234375,2421.14990234375,0
2013-07-05,2444.89990234375,2474.449951171875,2440.25,2469.0,0
2013-07-08,2445.10009765625,2456.85009765625,2421.75,2433.199951171875,0
2013-07-09,2456.60009765625,2461.199951171875,2450.64990234375,2451.85009765625,0
2013-07-10,2439.39990234375,2460.25,2435.0,2459.550048828125,0
2013-07-11,2462.35009765625,2471.300048828125,2457.89990234375,2458.199951171875,0
2013-07-12,2465.949951171875,2469.14990234375,2446.449951171875,2466.89990234375,0
2013-07-15,2497.699951171875,2500.199951171875,2460.699951171875,2461.5,0
2013-07-16,2507.89990234375,2510.800048828125,2466.25,2469.449951171875,0
2013-07-17,2538.39990234375,2543.300048828125,2511.14990234375,2520.60009765625,0
2013-07-18,2572.199951171875,2578.89990234375,2536.699951171875,2537.35009765625,0
2013-07-19,2574.300048828125,2594.35009765625,2564.60009765625,2576.75,0
2013-07-22,2577.25,2589.14990234375,2560.85009765625,2560.85009765625,0
2013-07-23,2587.300048828125,2593.64990234375,2579.699951171875,2580.0,0
2013-07-24,2573.0,2587.64990234375,2559.10009765625,2575.5,0
2013-07-25,2557.050048828125,2578.800048828125,2549.800048828125,2570.300048828125,0
2013-07-26,2544.949951171875,2568.64990234375,2534.300048828125,2566.699951171875,0
2013-07-29,2511.0,2544.89990234375,2507.199951171875,2536.949951171875,0
2013-07-30,2461.449951171875,2513.050048828125,2456.300048828125,2511.75,0
2013-07-31,2473.75,2478.800048828125,2431.800048828125,2450.5,0
2013-08-01,2452.89990234375,2504.800048828125,2445.89990234375,2481.85009765625,0
2013-08-02,2428.35009765625,2466.85009765625,2413.199951171875,2466.85009765625,0
2013-08-05,2424.89990234375,2439.199951171875,2417.699951171875,2433.14990234375,0
2013-08-06,2354.39990234375,2414.199951171875,2344.75,2413.25,0
2013-08-07,2347.35009765625,2363.14990234375,2325.10009765625,2358.60009765625,0
2013-08-08,2373.60009765625,2379.050048828125,2345.60009765625,2345.60009765625,0
2013-08-12,2402.64990234375,2408.35009765625,2374.14990234375,2386.199951171875,0
2013-08-13,2446.199951171875,2448.800048828125,2400.050048828125,2400.14990234375,0
2013-08-14,2461.35009765625,2466.300048828125,2445.199951171875,2447.449951171875,0
2013-08-16,2373.39990234375,2451.199951171875,2366.300048828125,2447.25,0
2013-08-19,2315.14990234375,2367.199951171875,2285.89990234375,2367.199951171875,0
2013-08-20,2292.800048828125,2310.199951171875,2266.800048828125,2294.449951171875,0
2013-08-21,2249.449951171875,2322.050048828125,2240.25,2319.800048828125,0
2013-08-22,2278.699951171875,2285.050048828125,2217.050048828125,2235.89990234375,0
2013-08-23,2296.050048828125,2300.300048828125,2267.300048828125,2287.800048828125,0
2013-08-26,2310.64990234375,2329.85009765625,2305.75,2305.89990234375,0
2013-08-27,2242.5,2298.0,2237.14990234375,2297.75,0
2013-08-28,2216.949951171875,2228.85009765625,2157.64990234375,2222.449951171875,0
2013-08-29,2270.050048828125,2276.199951171875,2223.300048828125,2227.800048828125,0
2013-08-30,2306.0,2314.35009765625,2254.25,2275.699951171875,0
2013-09-02,2337.89990234375,2343.800048828125,2308.14990234375,2308.14990234375,0
2013-09-03,2260.199951171875,2350.699951171875,2255.85009765625,2346.699951171875,0
2013-09-04,2294.699951171875,2298.75,2254.25,2267.85009765625,0
2013-09-05,2325.60009765625,2345.39990234375,2317.89990234375,2322.75,0
2013-09-06,2334.550048828125,2343.300048828125,2304.550048828125,2338.050048828125,0
2013-09-10,2445.300048828125,2453.5,2362.5,2362.5,0
2013-09-11,2449.60009765625,2462.75,2426.39990234375,2445.89990234375,0
2013-09-12,2423.050048828125,2465.89990234375,2411.699951171875,2458.35009765625,0
2013-09-13,2424.550048828125,2440.199951171875,2414.85009765625,2419.10009765625,0
2013-09-16,2436.35009765625,2466.449951171875,2424.949951171875,2450.199951171875,0
2013-09-17,2436.699951171875,2439.800048828125,2417.60009765625,2428.75,0
2013-09-18,2452.300048828125,2456.800048828125,2438.949951171875,2441.75,0
2013-09-19,2536.0,2544.300048828125,2495.300048828125,2495.300048828125,0
2013-09-20,2506.85009765625,2535.89990234375,2480.449951171875,2534.25,0
2013-09-23,2480.199951171875,2513.89990234375,2471.550048828125,2487.85009765625,0
2013-09-24,2492.35009765625,2508.39990234375,2472.25,2472.25,0
2013-09-25,2491.0,2501.300048828125,2464.300048828125,2498.949951171875,0
2013-09-26,2489.949951171875,2499.89990234375,2482.550048828125,2495.60009765625,0
2013-09-27,2484.64990234375,2503.800048828125,2479.550048828125,2498.699951171875,0
2013-09-30,2453.25,2475.449951171875,2446.64990234375,2472.949951171875,0
2013-10-01,2457.800048828125,2462.75,2428.800048828125,2462.75,0
2013-10-03,2492.35009765625,2495.949951171875,2463.449951171875,2470.550048828125,0
2013-10-04,2496.10009765625,2508.949951171875,2487.0,2487.0,0
2013-10-07,2497.14990234375,2499.60009765625,2478.699951171875,2492.75,0
2013-10-08,2503.550048828125,2522.35009765625,2495.050048828125,2510.5,0
2013-10-09,2519.300048828125,2523.10009765625,2490.85009765625,2495.39990234375,0
2013-10-10,2526.449951171875,2539.0,2518.39990234375,2518.39990234375,0
2013-10-11,2528.5,2544.300048828125,2517.64990234375,2540.5,0
2013-10-14,2517.35009765625,2535.85009765625,2514.949951171875,2532.10009765625,0
2013-10-15,2512.699951171875,2532.85009765625,2502.14990234375,2523.89990234375,0
2013-10-17,2526.800048828125,2541.800048828125,2521.89990234375,2525.5,0
2013-10-18,2560.85009765625,2564.0,2535.050048828125,2535.449951171875,0
2013-10-21,2579.85009765625,2585.60009765625,2558.25,2560.300048828125,0
2013-10-22,2581.0,2588.89990234375,2571.75,2580.75,0
2013-10-23,2577.449951171875,2592.35009765625,2549.35009765625,2587.199951171875,0
2013-10-24,2574.550048828125,2605.89990234375,2569.75,2575.949951171875,0
2013-10-25,2548.300048828125,2569.199951171875,2543.300048828125,2567.800048828125,0
2013-10-28,2515.89990234375,2560.25,2511.800048828125,2550.89990234375,0
2013-10-29,2564.800048828125,2567.5,2516.0,2525.800048828125,0
2013-10-30,2591.89990234375,2596.0,2568.39990234375,2571.64990234375,0
2013-10-31,2605.949951171875,2609.25,2583.449951171875,2584.25,0
2013-11-01,2613.699951171875,2616.64990234375,2596.75,2596.75,0
2013-11-05,2594.0,2610.449951171875,2579.25,2605.800048828125,0
2013-11-06,2579.64990234375,2598.300048828125,2575.35009765625,2593.85009765625,0
2013-11-07,2555.550048828125,2595.85009765625,2552.949951171875,2579.35009765625,0
2013-11-08,2534.550048828125,2552.64990234375,2528.89990234375,2551.449951171875,0
2013-11-11,2506.199951171875,2532.449951171875,2503.35009765625,2530.25,0
2013-11-12,2495.39990234375,2520.5,2492.75,2512.0,0
2013-11-13,2486.449951171875,2511.449951171875,2483.5,2491.550048828125,0
2013-11-14,2516.14990234375,2530.0,2501.10009765625,2501.10009765625,0
2013-11-18,2549.60009765625,2552.60009765625,2531.85009765625,2532.10009765625,0
2013-11-19,2558.699951171875,2560.64990234375,2548.14990234375,2548.14990234375,0
2013-11-20,2525.14990234375,2567.050048828125,2520.050048828125,2560.300048828125,0
2013-11-21,2489.14990234375,2517.949951171875,2483.64990234375,2516.39990234375,0
2013-11-22,2483.949951171875,2508.39990234375,2477.10009765625,2499.5,0
2013-11-25,2519.85009765625,2521.75,2498.35009765625,2500.949951171875,0
2013-11-26,2507.60009765625,2523.85009765625,2503.85009765625,2518.14990234375,0
2013-11-27,2510.25,2516.300048828125,2498.449951171875,2511.10009765625,0
2013-11-28,2522.14990234375,2531.699951171875,2513.5,2521.75,0
2013-11-29,2538.35009765625,2551.0,2526.35009765625,2526.35009765625,0
2013-12-02,2549.199951171875,2554.199951171875,2541.0,2542.300048828125,0
2013-12-03,2539.39990234375,2555.5,2536.449951171875,2546.25,0
2013-12-04,2522.300048828125,2546.39990234375,2520.300048828125,2533.699951171875,0
2013-12-05,2526.35009765625,2555.5,2523.300048828125,2554.050048828125,0
2013-12-06,2537.550048828125,2545.25,2526.300048828125,2528.85009765625,0
2013-12-09,2561.10009765625,2584.75,2554.35009765625,2584.75,0
2013-12-10,2560.5,2569.35009765625,2551.10009765625,2561.550048828125,0
2013-12-11,2549.300048828125,2565.60009765625,2544.199951171875,2560.550048828125,0
2013-12-12,2532.300048828125,2548.050048828125,2530.25,2539.14990234375,0
2013-12-13,2508.0,2529.449951171875,2505.14990234375,2523.89990234375,0
2013-12-16,2504.25,2526.60009765625,2501.550048828125,2522.10009765625,0
2013-12-17,2519.949951171875,2532.75,2512.550048828125,2512.949951171875,0
2013-12-18,2553.64990234375,2557.699951171875,2521.199951171875,2523.85009765625,0
2013-12-19,2539.14990234375,2566.0,2528.300048828125,2559.75,0
2013-12-20,2569.800048828125,2572.35009765625,2531.199951171875,2539.25,0
2013-12-23,2567.39990234375,2584.89990234375,2561.39990234375,2561.39990234375,0
2013-12-24,2564.0,2579.800048828125,2561.39990234375,2568.39990234375,0
2013-12-26,2564.14990234375,2579.64990234375,2558.0,2569.5,0
2013-12-27,2572.10009765625,2575.800048828125,2566.35009765625,2569.89990234375,0
2013-12-30,2568.85009765625,2581.5,2561.949951171875,2580.050048828125,0
2013-12-31,2574.699951171875,2581.800048828125,2567.449951171875,2576.25,0
2014-01-01,2590.0,2592.699951171875,2574.10009765625,2579.550048828125,0
2014-01-02,2544.64990234375,2602.75,2542.10009765625,2588.64990234375,0
2014-01-03,2546.949951171875,2551.14990234375,2528.300048828125,2537.550048828125,0
2014-01-06,2544.64990234375,2551.199951171875,2534.64990234375,2551.199951171875,0
2014-01-07,2543.39990234375,2559.199951171875,2531.5,2550.0,0
2014-01-08,2549.89990234375,2554.5,2545.0,2550.449951171875,0
2014-01-09,2534.64990234375,2553.14990234375,2532.050048828125,2551.449951171875,0
2014-01-10,2532.0,2549.0,2518.800048828125,2534.89990234375,0
2014-01-13,2531.449951171875,2544.85009765625,2522.10009765625,2531.449951171875,0
2014-01-14,2520.39990234375,2535.35009765625,2518.699951171875,2527.199951171875,0
2014-01-15,2539.10009765625,2541.800048828125,2524.5,2524.550048828125,0
2014-01-16,2512.0,2544.550048828125,2508.699951171875,2541.14990234375,0
2014-01-17,2508.449951171875,2525.85009765625,2500.35009765625,2510.85009765625,0
2014-01-20,2522.5,2524.10009765625,2505.550048828125,2507.89990234375,0
2014-01-21,2516.39990234375,2528.75,2514.0,2523.25,0
2014-01-22,2524.199951171875,2526.10009765625,2510.699951171875,2516.050048828125,0
2014-01-23,2520.5,2522.300048828125,2508.949951171875,2522.050048828125,0
2014-01-24,2496.449951171875,2516.199951171875,2483.5,2510.5,0
2014-01-27,2452.5,2472.10009765625,2445.800048828125,2472.10009765625,0
2014-01-28,2444.10009765625,2460.699951171875,2437.89990234375,2454.949951171875,0
2014-01-29,2451.300048828125,2471.050048828125,2448.39990234375,2455.89990234375,0
2014-01-30,2430.5,2435.050048828125,2412.39990234375,2435.050048828125,0
2014-01-31,2455.949951171875,2458.89990234375,2431.550048828125,2433.64990234375,0
2014-02-03,2433.949951171875,2463.300048828125,2430.800048828125,2449.89990234375,0
2014-02-04,2448.800048828125,2451.60009765625,2408.35009765625,2417.89990234375,0
2014-02-05,2451.64990234375,2453.050048828125,2429.10009765625,2447.300048828125,0
2014-02-06,2475.199951171875,2477.550048828125,2443.60009765625,2456.449951171875,0
2014-02-07,2477.75,2491.60009765625,2470.10009765625,2486.60009765625,0
2014-02-10,2461.050048828125,2483.85009765625,2459.0,2477.39990234375,0
2014-02-11,2453.39990234375,2465.5,2450.60009765625,2462.39990234375,0
2014-02-12,2448.5,2461.550048828125,2444.14990234375,2459.10009765625,0
2014-02-13,2428.199951171875,2455.60009765625,2423.39990234375,2452.60009765625,0
2014-02-14,2426.949951171875,2439.89990234375,2404.60009765625,2432.550048828125,0
2014-02-17,2437.60009765625,2440.14990234375,2420.300048828125,2434.050048828125,0
2014-02-18,2447.949951171875,2452.5,2431.949951171875,2443.25,0
2014-02-19,2441.60009765625,2455.14990234375,2439.64990234375,2452.25,0
2014-02-20,2428.449951171875,2443.199951171875,2426.5,2432.550048828125,0
2014-02-21,2431.89990234375,2444.050048828125,2427.5,2435.699951171875,0
2014-02-24,2443.199951171875,2449.050048828125,2432.75,2438.449951171875,0
2014-02-25,2450.949951171875,2456.10009765625,2446.10009765625,2447.449951171875,0
2014-02-26,2459.050048828125,2463.60009765625,2451.0,2452.800048828125,0
2014-02-28,2460.14990234375,2468.75,2440.300048828125,2461.14990234375,0
2014-03-03,2445.050048828125,2462.75,2442.949951171875,2456.14990234375,0
2014-03-04,2461.39990234375,2464.39990234375,2441.449951171875,2444.75,0
2014-03-05,2452.449951171875,2472.050048828125,2448.75,2470.550048828125,0
2014-03-06,2468.89990234375,2471.300048828125,2456.550048828125,2456.550048828125,0
2014-03-07,2502.449951171875,2508.35009765625,2474.949951171875,2474.949951171875,0
2014-03-10,2521.75,2528.199951171875,2494.300048828125,2498.14990234375,0
2014-03-11,2509.5,2535.89990234375,2504.800048828125,2527.75,0
2014-03-12,2523.35009765625,2527.550048828125,2507.14990234375,2507.14990234375,0
2014-03-13,2522.10009765625,2546.199951171875,2514.89990234375,2528.60009765625,0
2014-03-14,2521.10009765625,2524.85009765625,2501.85009765625,2516.550048828125,0
2014-03-18,2551.449951171875,2556.14990234375,2536.550048828125,2542.35009765625,0
2014-03-19,2563.39990234375,2570.25,2557.85009765625,2560.64990234375,0
2014-03-20,2557.199951171875,2572.35009765625,2551.199951171875,2563.60009765625,0
2014-03-21,2559.199951171875,2573.449951171875,2554.199951171875,2570.35009765625,0
2014-03-24,2582.550048828125,2585.25,2572.550048828125,2572.550048828125,0
2014-03-25,2594.0,2596.300048828125,2579.699951171875,2579.699951171875,0
2014-03-26,2592.10009765625,2606.550048828125,2584.25,2601.60009765625,0
2014-03-27,2624.25,2630.64990234375,2591.050048828125,2594.5,0
2014-03-28,2641.050048828125,2644.300048828125,2615.39990234375,2633.35009765625,0
2014-03-31,2657.5,2667.60009765625,2645.550048828125,2651.10009765625,0
2014-04-01,2655.39990234375,2664.25,2638.699951171875,2664.25,0
2014-04-02,2660.550048828125,2674.75,2652.10009765625,2669.449951171875,0
2014-04-03,2663.25,2668.699951171875,2643.10009765625,2666.75,0
2014-04-04,2647.0,2668.25,2643.14990234375,2668.25,0
2014-04-07,2649.050048828125,2654.0,2626.85009765625,2647.60009765625,0
2014-04-09,2667.39990234375,2670.699951171875,2645.89990234375,2657.050048828125,0
2014-04-10,2669.300048828125,2673.800048828125,2663.300048828125,2667.300048828125,0
2014-04-11,2654.199951171875,2665.550048828125,2649.949951171875,2659.64990234375,0
2014-04-15,2654.949951171875,2673.449951171875,2634.64990234375,2662.5,0
2014-04-16,2641.550048828125,2675.699951171875,2637.949951171875,2656.949951171875,0
2014-04-17,2666.64990234375,2668.199951171875,2642.300048828125,2645.050048828125,0
2014-04-21,2683.75,2685.800048828125,2666.699951171875,2666.699951171875,0
2014-04-22,2675.85009765625,2692.75,2672.35009765625,2690.300048828125,0
2014-04-23,2675.949951171875,2686.5,2671.5,2676.0,0
2014-04-25,2666.050048828125,2683.699951171875,2658.800048828125,2683.699951171875,0
2014-04-28,2650.85009765625,2669.75,2646.699951171875,2664.5,0
2014-04-29,2624.199951171875,2658.300048828125,2621.550048828125,2656.10009765625,0
2014-04-30,2611.75,2648.10009765625,2591.60009765625,2630.800048828125,0
2014-05-02,2610.64990234375,2619.89990234375,2607.0,2613.699951171875,0
2014-05-05,2606.0,2616.5,2603.300048828125,2607.60009765625,0
2014-05-06,2599.5,2616.949951171875,2594.10009765625,2610.39990234375,0
2014-05-07,2579.89990234375,2604.699951171875,2577.10009765625,2598.35009765625,0
2014-05-08,2574.800048828125,2593.10009765625,2570.5,2582.050048828125,0
2014-05-09,2620.75,2624.449951171875,2572.949951171875,2573.39990234375,0
2014-05-12,2680.75,2684.85009765625,2620.75,2620.75,0
2014-05-13,2721.64990234375,2732.050048828125,2694.75,2698.550048828125,0
2014-05-14,2735.5,2738.35009765625,2719.5,2726.35009765625,0
2014-05-15,2729.0,2752.39990234375,2718.550048828125,2742.39990234375,0
2014-05-16,2741.0,2863.5,2728.25,2768.85009765625,0
2014-05-19,2738.75,2775.75,2733.25,2775.75,0
2014-05-20,2762.800048828125,2770.949951171875,2736.5,2752.25,0
2014-05-21,2772.60009765625,2779.949951171875,2749.5,2767.699951171875,0
2014-05-22,2785.14990234375,2808.14990234375,2774.949951171875,2801.550048828125,0
2014-05-23,2817.300048828125,2819.5,2798.85009765625,2801.14990234375,0
2014-05-26,2793.550048828125,2846.449951171875,2774.14990234375,2836.800048828125,0
2014-05-27,2782.35009765625,2797.85009765625,2768.199951171875,2797.85009765625,0
2014-05-28,2780.800048828125,2790.800048828125,2770.39990234375,2789.800048828125,0
2014-05-29,2764.60009765625,2790.85009765625,2760.25,2786.25,0
2014-05-30,2807.85009765625,2818.64990234375,2770.89990234375,2770.89990234375,0
2014-06-02,2839.199951171875,2842.64990234375,2798.85009765625,2811.75,0
2014-06-03,2846.39990234375,2853.35009765625,2827.449951171875,2851.800048828125,0
2014-06-04,2852.64990234375,2866.14990234375,2844.35009765625,2848.0,0
2014-06-05,2888.89990234375,2892.89990234375,2848.949951171875,2860.39990234375,0
2014-06-06,2929.800048828125,2933.85009765625,2896.60009765625,2907.85009765625,0
2014-06-09,2961.449951171875,2969.550048828125,2937.39990234375,2942.35009765625,0
2014-06-10,2979.5,2982.85009765625,2936.60009765625,2977.39990234375,0
2014-06-11,2955.75,2984.89990234375,2941.050048828125,2984.89990234375,0
2014-06-12,2955.699951171875,2958.25,2933.800048828125,2948.199951171875,0
2014-06-13,2906.550048828125,2963.64990234375,2900.75,2963.64990234375,0
2014-06-16,2903.60009765625,2911.25,2876.5,2906.5,0
2014-06-17,2912.949951171875,2917.449951171875,2892.199951171875,2903.35009765625,0
2014-06-18,2899.89990234375,2931.699951171875,2880.60009765625,2914.800048828125,0
2014-06-19,2892.949951171875,2915.699951171875,2885.39990234375,2906.199951171875,0
2014-06-20,2889.10009765625,2905.449951171875,2882.050048828125,2886.35009765625,0
2014-06-23,2882.800048828125,2901.050048828125,2869.699951171875,2893.75,0
2014-06-24,2905.0,2913.60009765625,2886.64990234375,2886.64990234375,0
2014-06-25,2929.550048828125,2935.75,2895.64990234375,2902.60009765625,0
2014-06-26,2923.550048828125,2940.85009765625,2913.85009765625,2939.10009765625,0
2014-06-27,2909.550048828125,2926.800048828125,2901.10009765625,2926.800048828125,0
2014-06-30,2931.699951171875,2936.300048828125,2911.199951171875,2911.199951171875,0
2014-07-01,2958.35009765625,2963.25,2935.050048828125,2935.050048828125,0
2014-07-02,2996.60009765625,2999.449951171875,2968.199951171875,2973.300048828125,0
2014-07-03,2986.449951171875,2998.14990234375,2979.89990234375,2996.449951171875,0
2014-07-04,2993.5,3005.699951171875,2975.10009765625,2993.550048828125,0
2014-07-07,3013.89990234375,3018.35009765625,2997.39990234375,3006.75,0
2014-07-08,2955.25,3025.699951171875,2943.199951171875,3021.60009765625,0
2014-07-09,2921.85009765625,2963.85009765625,2908.14990234375,2954.949951171875,0
2014-07-10,2904.949951171875,2951.64990234375,2871.449951171875,2919.800048828125,0
2014-07-11,2892.85009765625,2928.25,2882.85009765625,2903.64990234375,0
2014-07-14,2891.60009765625,2900.300048828125,2880.64990234375,2891.14990234375,0
2014-07-15,2914.35009765625,2919.89990234375,2894.35009765625,2903.949951171875,0
2014-07-16,2935.75,2940.5,2916.699951171875,2918.60009765625,0
2014-07-17,2941.39990234375,2946.550048828125,2925.25,2925.25,0
2014-07-18,2923.60009765625,2933.699951171875,2914.39990234375,2931.14990234375,0
2014-07-21,2941.199951171875,2945.5,2931.64990234375,2931.64990234375,0
2014-07-22,2969.25,2974.449951171875,2951.550048828125,2951.550048828125,0
2014-07-23,2974.89990234375,2979.300048828125,2955.550048828125,2977.699951171875,0
2014-07-24,2985.75,2988.25,2969.60009765625,2978.550048828125,0
2014-07-25,2989.25,3000.89990234375,2966.5,2987.0,0
2014-07-28,2986.25,2996.89990234375,2970.39990234375,2993.949951171875,0
2014-07-30,3028.64990234375,3034.449951171875,2988.800048828125,2988.800048828125,0
2014-07-31,3010.550048828125,3030.0,3007.14990234375,3025.85009765625,0
2014-08-01,2994.0,3031.5,2986.35009765625,2989.0,0
2014-08-04,3021.949951171875,3024.85009765625,2999.949951171875,3003.60009765625,0
2014-08-05,3041.25,3043.64990234375,3012.199951171875,3030.699951171875,0
2014-08-06,3023.5,3049.64990234375,3019.199951171875,3031.35009765625,0
2014-08-07,3019.449951171875,3033.85009765625,3012.35009765625,3021.85009765625,0
2014-08-08,2995.89990234375,3002.35009765625,2978.5,2999.39990234375,0
2014-08-11,3016.35009765625,3019.60009765625,3006.550048828125,3012.60009765625,0
2014-08-12,3016.14990234375,3030.800048828125,3000.800048828125,3030.800048828125,0
2014-08-13,3017.60009765625,3034.199951171875,3000.14990234375,3012.14990234375,0
2014-08-14,3026.10009765625,3034.5,3012.949951171875,3020.35009765625,0
2014-08-18,3055.199951171875,3057.550048828125,3027.949951171875,3028.449951171875,0
2014-08-19,3089.800048828125,3091.25,3058.949951171875,3058.949951171875,0
2014-08-20,3080.550048828125,3099.0,3075.449951171875,3096.10009765625,0
2014-08-21,3100.300048828125,3110.449951171875,3081.14990234375,3081.14990234375,0
2014-08-22,3088.89990234375,3109.050048828125,3082.300048828125,3106.199951171875,0
2014-08-25,3094.25,3101.5,3088.89990234375,3097.35009765625,0
2014-08-26,3101.89990234375,3109.199951171875,3081.550048828125,3084.800048828125,0
2014-08-27,3116.449951171875,3122.75,3107.300048828125,3108.949951171875,0
2014-08-28,3124.050048828125,3129.85009765625,3112.60009765625,3119.25,0
2014-09-01,3169.14990234375,3172.64990234375,3134.75,3134.75,0
2014-09-02,3187.64990234375,3198.89990234375,3174.300048828125,3174.300048828125,0
2014-09-03,3199.64990234375,3212.800048828125,3194.300048828125,3194.300048828125,0
2014-09-04,3200.64990234375,3207.75,3179.5,3193.550048828125,0
2014-09-05,3190.25,3206.699951171875,3178.35009765625,3198.199951171875,0
2014-09-08,3218.300048828125,3220.449951171875,3203.699951171875,3209.5,0
2014-09-09,3234.050048828125,3238.300048828125,3215.85009765625,3216.89990234375,0
2014-09-10,3209.550048828125,3229.949951171875,3208.14990234375,3229.949951171875,0
2014-09-11,3214.14990234375,3222.949951171875,3203.550048828125,3214.050048828125,0
2014-09-12,3239.0,3242.050048828125,3212.800048828125,3212.800048828125,0
2014-09-15,3229.39990234375,3235.35009765625,3210.39990234375,3230.85009765625,0
2014-09-16,3194.300048828125,3239.050048828125,3189.39990234375,3228.35009765625,0
2014-09-17,3205.050048828125,3217.050048828125,3192.14990234375,3210.10009765625,0
2014-09-18,3266.10009765625,3270.449951171875,3199.5,3199.5,0
2014-09-19,3262.0,3287.949951171875,3252.449951171875,3275.449951171875,0
2014-09-22,3266.050048828125,3273.39990234375,3243.35009765625,3254.39990234375,0
2014-09-23,3225.89990234375,3274.64990234375,3222.75,3265.5,0
2014-09-24,3235.949951171875,3239.550048828125,3203.949951171875,3226.949951171875,0
2014-09-25,3219.300048828125,3249.550048828125,3213.10009765625,3242.300048828125,0
2014-09-26,3224.300048828125,3232.85009765625,3187.35009765625,3206.85009765625,0
2014-09-29,3218.050048828125,3229.89990234375,3210.60009765625,3223.89990234375,0
2014-09-30,3243.39990234375,3263.0,3218.39990234375,3219.10009765625,0
2014-10-01,3230.5,3260.550048828125,3226.699951171875,3247.050048828125,0
2014-10-07,3204.800048828125,3234.10009765625,3201.300048828125,3222.300048828125,0
2014-10-08,3199.050048828125,3214.449951171875,3190.89990234375,3197.699951171875,0
2014-10-09,3234.75,3241.0,3205.60009765625,3205.60009765625,0
2014-10-10,3177.699951171875,3218.199951171875,3174.25,3216.0,0
2014-10-13,3166.199951171875,3174.85009765625,3146.949951171875,3166.550048828125,0
2014-10-14,3169.75,3185.14990234375,3162.050048828125,3179.5,0
2014-10-16,3102.550048828125,3177.10009765625,3088.550048828125,3157.89990234375,0
2014-10-17,3141.800048828125,3159.699951171875,3120.64990234375,3120.64990234375,0
2014-10-20,3185.64990234375,3188.199951171875,3169.75,3172.199951171875,0
2014-10-21,3213.449951171875,3216.300048828125,3185.800048828125,3196.89990234375,0
2014-10-22,3256.60009765625,3260.800048828125,3234.35009765625,3234.699951171875,0
2014-10-27,3237.550048828125,3282.25,3232.10009765625,3282.25,0
2014-10-28,3235.60009765625,3240.050048828125,3221.60009765625,3237.60009765625,0
2014-10-29,3268.35009765625,3271.800048828125,3252.85009765625,3259.199951171875,0
2014-10-30,3290.0,3294.699951171875,3254.800048828125,3266.0,0
2014-10-31,3317.39990234375,3321.300048828125,3290.449951171875,3301.39990234375,0
2014-11-03,3300.949951171875,3321.10009765625,3291.699951171875,3320.5,0
2014-11-05,3290.699951171875,3321.25,3288.199951171875,3312.050048828125,0
2014-11-07,3301.0,3304.10009765625,3272.75,3291.199951171875,0
2014-11-10,3325.449951171875,3328.14990234375,3303.449951171875,3306.449951171875,0
2014-11-11,3335.0,3338.64990234375,3323.64990234375,3327.85009765625,0
2014-11-12,3351.85009765625,3356.85009765625,3338.89990234375,3338.89990234375,0
2014-11-13,3347.449951171875,3366.14990234375,3332.800048828125,3362.75,0
2014-11-14,3362.5,3366.300048828125,3344.050048828125,3344.050048828125,0
2014-11-17,3384.75,3388.60009765625,3357.14990234375,3359.050048828125,0
2014-11-18,3408.300048828125,3411.25,3388.800048828125,3389.35009765625,0
2014-11-19,3397.25,3436.85009765625,3390.449951171875,3413.050048828125,0
2014-11-20,3392.050048828125,3407.14990234375,3373.75,3401.10009765625,0
2014-11-21,3400.800048828125,3410.800048828125,3386.64990234375,3393.300048828125,0
2014-11-24,3407.5,3409.699951171875,3392.64990234375,3400.14990234375,0
2014-11-25,3382.10009765625,3417.25,3366.199951171875,3414.0,0
2014-11-26,3380.35009765625,3387.60009765625,3367.800048828125,3374.75,0
2014-11-27,3393.25,3400.89990234375,3376.10009765625,3380.75,0
2014-11-28,3417.35009765625,3427.14990234375,3405.0,3405.0,0
2014-12-01,3452.699951171875,3467.25,3430.0,3430.0,0
2014-12-02,3455.39990234375,3460.25,3439.85009765625,3448.25,0
2014-12-03,3474.5,3477.14990234375,3459.800048828125,3466.14990234375,0
2014-12-04,3479.050048828125,3501.050048828125,3468.35009765625,3487.5,0
2014-12-05,3476.10009765625,3491.199951171875,3470.949951171875,3485.35009765625,0
2014-12-08,3457.39990234375,3497.199951171875,3449.449951171875,3487.75,0
2014-12-09,3411.449951171875,3459.35009765625,3403.550048828125,3453.35009765625,0
2014-12-10,3407.550048828125,3419.199951171875,3399.550048828125,3412.449951171875,0
2014-12-11,3381.64990234375,3415.14990234375,3375.89990234375,3410.449951171875,0
2014-12-12,3370.550048828125,3404.85009765625,3367.10009765625,3390.25,0
2014-12-15,3352.35009765625,3367.14990234375,3349.89990234375,3354.300048828125,0
2014-12-16,3289.25,3335.89990234375,3282.89990234375,3331.800048828125,0
2014-12-17,3245.699951171875,3283.5,3228.89990234375,3266.60009765625,0
2014-12-18,3307.5,3312.550048828125,3266.14990234375,3283.300048828125,0
2014-12-19,3294.35009765625,3343.14990234375,3287.0,3329.550048828125,0
2014-12-22,3338.60009765625,3342.300048828125,3302.35009765625,3302.35009765625,0
2014-12-23,3342.39990234375,3362.85009765625,3330.35009765625,3343.449951171875,0
2014-12-24,3314.449951171875,3348.10009765625,3308.300048828125,3346.050048828125,0
2014-12-26,3309.699951171875,3329.14990234375,3297.64990234375,3322.5,0
2014-12-29,3336.39990234375,3344.0,3315.300048828125,3315.300048828125,0
2014-12-30,3329.25,3349.449951171875,3326.10009765625,3342.550048828125,0
2014-12-31,3339.35009765625,3341.949951171875,3316.050048828125,3316.050048828125,0
2015-01-01,3349.14990234375,3351.25,3334.60009765625,3340.10009765625,0
2015-01-02,3366.0,3378.550048828125,3353.0,3353.0,0
2015-01-05,3364.89990234375,3398.5,3360.14990234375,3373.64990234375,0
2015-01-06,3308.35009765625,3357.25,3301.60009765625,3357.25,0
2015-01-07,3327.10009765625,3340.300048828125,3309.35009765625,3311.5,0
2015-01-08,3377.800048828125,3380.699951171875,3346.699951171875,3346.699951171875,0
2015-01-09,3379.5,3401.050048828125,3351.699951171875,3395.85009765625,0
2015-01-12,3381.75,3384.10009765625,3367.300048828125,3383.0,0
2015-01-13,3385.050048828125,3408.60009765625,3372.25,3390.39990234375,0
2015-01-14,3400.050048828125,3407.699951171875,3381.60009765625,3392.64990234375,0
2015-01-15,3446.64990234375,3457.10009765625,3420.64990234375,3434.5,0
2015-01-16,3474.89990234375,3480.25,3441.75,3451.199951171875,0
2015-01-19,3468.800048828125,3489.5,3466.10009765625,3484.550048828125,0
2015-01-20,3482.25,3484.35009765625,3459.199951171875,3475.699951171875,0
2015-01-21,3511.050048828125,3515.0,3485.949951171875,3494.300048828125,0
2015-01-22,3516.449951171875,3539.800048828125,3503.5,3521.5,0
2015-01-23,3559.10009765625,3563.199951171875,3530.5,3540.949951171875,0
2015-01-27,3575.10009765625,3580.64990234375,3548.5,3563.449951171875,0
2015-01-28,3571.300048828125,3596.75,3554.800048828125,3575.300048828125,0
2015-01-29,3564.300048828125,3571.300048828125,3542.25,3571.0,0
2015-01-30,3529.60009765625,3577.699951171875,3518.199951171875,3577.699951171875,0
2015-02-02,3485.0,3530.10009765625,3477.39990234375,3523.800048828125,0
2015-02-03,3463.60009765625,3507.85009765625,3459.75,3497.10009765625,0
2015-02-04,3448.85009765625,3483.199951171875,3442.25,3476.800048828125,0
2015-02-05,3419.699951171875,3456.64990234375,3409.949951171875,3454.25,0
2015-02-06,3403.64990234375,3423.949951171875,3399.550048828125,3419.25,0
2015-02-09,3347.050048828125,3378.60009765625,3341.25,3378.60009765625,0
2015-02-10,3359.89990234375,3384.89990234375,3331.14990234375,3331.14990234375,0
2015-02-11,3395.0,3401.35009765625,3365.85009765625,3373.550048828125,0
2015-02-12,3410.699951171875,3425.949951171875,3397.949951171875,3415.60009765625,0
2015-02-13,3458.10009765625,3461.14990234375,3410.75,3421.64990234375,0
2015-02-16,3470.39990234375,3489.39990234375,3462.199951171875,3463.64990234375,0
2015-02-18,3464.449951171875,3478.949951171875,3460.0,3467.25,0
2015-02-19,3460.85009765625,3487.0,3431.550048828125,3477.85009765625,0
2015-02-20,3448.64990234375,3468.10009765625,3443.85009765625,3466.75,0
2015-02-23,3416.550048828125,3460.85009765625,3411.75,3457.35009765625,0
2015-02-24,3430.25,3434.050048828125,3417.699951171875,3422.39990234375,0
2015-02-25,3429.050048828125,3452.050048828125,3419.300048828125,3446.89990234375,0
2015-02-26,3395.699951171875,3432.39990234375,3389.949951171875,3431.050048828125,0
2015-02-27,3445.800048828125,3451.14990234375,3405.14990234375,3406.300048828125,0
2015-03-02,3416.050048828125,3443.449951171875,3390.64990234375,3443.449951171875,0
2015-03-03,3427.25,3430.800048828125,3410.14990234375,3418.39990234375,0
2015-03-04,3414.550048828125,3463.10009765625,3405.14990234375,3457.75,0
2015-03-05,3433.25,3436.64990234375,3408.300048828125,3419.800048828125,0
2015-03-09,3406.75,3423.5,3397.699951171875,3417.699951171875,0
2015-03-10,3427.25,3457.550048828125,3409.949951171875,3413.85009765625,0
2015-03-11,3453.60009765625,3463.050048828125,3422.25,3437.699951171875,0
2015-03-12,3491.699951171875,3495.449951171875,3457.25,3461.300048828125,0
2015-03-13,3457.5,3510.35009765625,3452.0,3509.14990234375,0
2015-03-16,3442.0,3462.800048828125,3437.35009765625,3462.5,0
2015-03-17,3477.35009765625,3482.85009765625,3447.25,3461.75,0
2015-03-18,3461.699951171875,3486.550048828125,3456.800048828125,3482.85009765625,0
2015-03-19,3455.14990234375,3497.85009765625,3449.39990234375,3484.0,0
2015-03-20,3388.39990234375,3455.14990234375,3380.75,3455.14990234375,0
2015-03-23,3387.60009765625,3402.85009765625,3381.75,3401.35009765625,0
2015-03-24,3394.050048828125,3414.75,3384.449951171875,3385.550048828125,0
2015-03-25,3404.050048828125,3407.35009765625,3391.199951171875,3395.39990234375,0
2015-03-26,3375.64990234375,3414.449951171875,3371.699951171875,3390.64990234375,0
2015-03-27,3339.60009765625,3394.5,3306.800048828125,3394.5,0
2015-03-30,3397.800048828125,3399.75,3359.64990234375,3360.300048828125,0
2015-03-31,3410.10009765625,3423.0,3388.14990234375,3405.050048828125,0
2015-04-01,3440.39990234375,3442.25,3405.5,3409.050048828125,0
2015-04-06,3488.050048828125,3490.60009765625,3438.10009765625,3440.75,0
2015-04-07,3521.35009765625,3536.75,3480.300048828125,3497.449951171875,0
2015-04-08,3550.699951171875,3556.699951171875,3533.949951171875,3534.14990234375,0
2015-04-09,3550.0,3565.199951171875,3527.050048828125,3562.699951171875,0
2015-04-10,3575.25,3578.550048828125,3544.949951171875,3552.199951171875,0
2015-04-13,3601.35009765625,3603.699951171875,3568.550048828125,3577.25,0
2015-04-15,3562.800048828125,3602.550048828125,3556.199951171875,3602.550048828125,0
2015-04-16,3552.10009765625,3566.25,3526.89990234375,3560.550048828125,0
2015-04-17,3513.75,3554.60009765625,3511.35009765625,3554.60009765625,0
2015-04-20,3434.25,3511.550048828125,3422.35009765625,3511.550048828125,0
2015-04-21,3383.5,3451.449951171875,3377.64990234375,3433.35009765625,0
2015-04-22,3405.449951171875,3415.0,3349.550048828125,3393.5,0
2015-04-23,3407.300048828125,3443.0,3387.949951171875,3422.449951171875,0
2015-04-24,3381.5,3414.050048828125,3371.050048828125,3410.5,0
2015-04-27,3330.10009765625,3385.35009765625,3320.25,3383.75,0
2015-04-28,3369.449951171875,3378.050048828125,3309.199951171875,3324.199951171875,0
2015-04-29,3328.699951171875,3370.300048828125,3321.64990234375,3364.949951171875,0
2015-04-30,3289.5,3322.949951171875,3276.050048828125,3322.800048828125,0
2015-05-04,3376.050048828125,3381.0,3305.64990234375,3305.64990234375,0
2015-05-05,3382.75,3388.75,3355.25,3372.85009765625,0
2015-05-06,3303.699951171875,3395.0,3298.199951171875,3384.199951171875,0
2015-05-07,3296.5,3314.35009765625,3272.949951171875,3299.0,0
2015-05-08,3327.949951171875,3344.0,3309.64990234375,3310.85009765625,0
2015-05-11,3360.39990234375,3369.25,3337.300048828125,3341.10009765625,0
2015-05-12,3315.85009765625,3366.10009765625,3312.39990234375,3366.10009765625,0
2015-05-13,3342.64990234375,3370.0,3298.5,3340.75,0
2015-05-14,3376.60009765625,3381.300048828125,3319.449951171875,3340.449951171875,0
2015-05-15,3399.25,3403.89990234375,3384.10009765625,3386.5,0
2015-05-18,3434.85009765625,3439.89990234375,3402.550048828125,3406.300048828125,0
2015-05-19,3441.449951171875,3461.14990234375,3428.64990234375,3433.699951171875,0
2015-05-20,3438.75,3462.10009765625,3433.0,3452.60009765625,0
2015-05-21,3435.10009765625,3443.300048828125,3420.75,3443.300048828125,0
2015-05-22,3437.85009765625,3446.39990234375,3427.39990234375,3446.39990234375,0
2015-05-25,3416.89990234375,3433.800048828125,3412.699951171875,3430.60009765625,0
2015-05-26,3418.199951171875,3425.449951171875,3407.449951171875,3425.449951171875,0
2015-05-27,3415.85009765625,3422.14990234375,3399.550048828125,3404.0,0
2015-05-28,3404.10009765625,3425.699951171875,3382.5,3423.300048828125,0
2015-05-29,3476.85009765625,3486.300048828125,3399.699951171875,3411.0,0
2015-06-01,3495.449951171875,3498.75,3460.35009765625,3464.10009765625,0
2015-06-02,3420.39990234375,3496.89990234375,3415.75,3496.89990234375,0
2015-06-03,3368.550048828125,3417.300048828125,3341.300048828125,3415.550048828125,0
2015-06-04,3358.050048828125,3374.75,3336.300048828125,3374.25,0
2015-06-05,3378.89990234375,3405.85009765625,3349.550048828125,3356.25,0
2015-06-08,3340.85009765625,3388.85009765625,3335.10009765625,3388.85009765625,0
2015-06-09,3325.199951171875,3341.75,3317.39990234375,3331.35009765625,0
2015-06-10,3354.0,3363.0,3326.85009765625,3329.800048828125,0
2015-06-11,3299.89990234375,3374.300048828125,3296.800048828125,3368.39990234375,0
2015-06-12,3318.300048828125,3322.60009765625,3291.64990234375,3298.699951171875,0
2015-06-15,3341.64990234375,3358.25,3309.60009765625,3323.25,0
2015-06-16,3361.35009765625,3368.050048828125,3322.89990234375,3348.14990234375,0
2015-06-17,3402.0,3413.35009765625,3371.699951171875,3373.35009765625,0
2015-06-18,3418.10009765625,3425.10009765625,3401.85009765625,3402.949951171875,0
2015-06-19,3454.199951171875,3467.449951171875,3423.60009765625,3423.60009765625,0
2015-06-22,3486.35009765625,3489.5,3463.75,3469.300048828125,0
2015-06-23,3494.300048828125,3496.300048828125,3479.75,3494.699951171875,0
2015-06-24,3493.35009765625,3514.550048828125,3482.5,3498.550048828125,0
2015-06-25,3499.5,3507.25,3474.300048828125,3480.050048828125,0
2015-06-26,3502.64990234375,3511.0,3479.449951171875,3496.199951171875,0
2015-06-29,3481.75,3487.050048828125,3443.550048828125,3454.60009765625,0
2015-06-30,3534.050048828125,3536.949951171875,3489.35009765625,3489.35009765625,0
2015-07-01,3538.14990234375,3554.25,3532.800048828125,3539.85009765625,0
2015-07-02,3552.800048828125,3571.85009765625,3546.85009765625,3551.75,0
2015-07-03,3569.25,3585.14990234375,3552.050048828125,3555.25,0
2015-07-06,3588.5,3591.300048828125,3538.050048828125,3538.050048828125,294000
2015-07-07,3595.800048828125,3606.25,3579.25,3592.35009765625,404500
2015-07-08,3557.699951171875,3591.300048828125,3546.449951171875,3571.949951171875,510900
2015-07-09,3548.0,3579.199951171875,3544.35009765625,3565.550048828125,415600
2015-07-10,3513.60009765625,3557.75,3501.85009765625,3555.949951171875,531400
2015-07-13,3563.699951171875,3567.60009765625,3516.0,3533.5,342000
2015-07-14,3580.300048828125,3585.60009765625,3561.0,3570.64990234375,259600
2015-07-15,3604.449951171875,3610.949951171875,3583.25,3583.25,428000
2015-07-16,3624.85009765625,3629.699951171875,3609.14990234375,3614.14990234375,314700
2015-07-17,3632.14990234375,3641.5,3623.800048828125,3634.64990234375,369800
2015-07-20,3641.89990234375,3647.449951171875,3633.5,3639.10009765625,310000
2015-07-21,3610.75,3659.25,3603.300048828125,3652.5,476900
2015-07-22,3656.25,3659.699951171875,3603.39990234375,3603.39990234375,427700
2015-07-23,3641.0,3665.14990234375,3633.699951171875,3665.14990234375,371400
2015-07-24,3638.5,3651.300048828125,3629.949951171875,3647.85009765625,278600
2015-07-27,3593.0,3629.699951171875,3589.14990234375,3629.699951171875,355200
2015-07-28,3567.949951171875,3605.199951171875,3562.699951171875,3598.199951171875,382800
2015-07-29,3581.89990234375,3586.25,3556.949951171875,3578.35009765625,457400
2015-07-30,3627.800048828125,3641.60009765625,3591.85009765625,3595.10009765625,639400
2015-07-31,3681.60009765625,3694.14990234375,3641.949951171875,3642.449951171875,624600
2015-08-03,3678.14990234375,3692.199951171875,3672.949951171875,3685.75,436000
2015-08-04,3675.14990234375,3698.449951171875,3651.64990234375,3697.75,521600
2015-08-05,3724.449951171875,3727.89990234375,3693.75,3698.64990234375,511900
2015-08-06,3720.64990234375,3732.449951171875,3708.39990234375,3732.449951171875,377100
2015-08-07,3705.10009765625,3726.25,3699.699951171875,3716.25,345300
2015-08-10,3697.14990234375,3726.35009765625,3689.75,3711.0,341900
2015-08-11,3665.25,3708.35009765625,3649.35009765625,3704.39990234375,334800
2015-08-12,3594.949951171875,3661.949951171875,3587.800048828125,3661.949951171875,390300
2015-08-13,3587.64990234375,3638.699951171875,3575.5,3612.050048828125,751100
2015-08-14,3646.0,3648.85009765625,3592.5,3603.89990234375,465800
2015-08-17,3632.050048828125,3656.449951171875,3611.60009765625,3655.64990234375,334400
2015-08-18,3632.35009765625,3655.800048828125,3616.199951171875,3644.85009765625,329900
2015-08-19,3641.5,3651.14990234375,3599.35009765625,3627.550048828125,345300
2015-08-20,3612.85009765625,3666.050048828125,3608.300048828125,3642.14990234375,468400
2015-08-21,3583.800048828125,3592.39990234375,3541.14990234375,3587.14990234375,534400
2015-08-24,3369.39990234375,3504.85009765625,3358.5,3482.75,635100
2015-08-25,3390.550048828125,3438.050048828125,3291.14990234375,3402.050048828125,847300
2015-08-26,3363.10009765625,3409.949951171875,3352.199951171875,3385.35009765625,614800
2015-08-27,3409.39990234375,3418.199951171875,3382.5,3414.699951171875,713700
2015-08-28,3446.449951171875,3465.699951171875,3431.89990234375,3449.10009765625,602900
2015-08-31,3424.39990234375,3453.800048828125,3418.699951171875,3449.60009765625,606100
2015-09-01,3362.550048828125,3412.39990234375,3346.449951171875,3399.75,514800
2015-09-02,3331.64990234375,3387.39990234375,3325.050048828125,3383.14990234375,549900
2015-09-03,3357.300048828125,3370.75,3339.85009765625,3348.25,360500
2015-09-04,3312.35009765625,3350.699951171875,3296.39990234375,3350.699951171875,505500
2015-09-07,3269.75,3318.85009765625,3265.199951171875,3317.0,354100
2015-09-08,3279.300048828125,3297.949951171875,3232.0,3280.35009765625,461400
2015-09-09,3342.10009765625,3354.949951171875,3313.550048828125,3316.35009765625,657600
2015-09-10,3344.050048828125,3355.64990234375,3286.050048828125,3316.949951171875,644000
2015-09-11,3353.550048828125,3378.800048828125,3344.050048828125,3363.449951171875,417700
2015-09-14,3380.449951171875,3384.050048828125,3345.64990234375,3366.25,342400
2015-09-15,3372.550048828125,3394.89990234375,3360.85009765625,3384.64990234375,323700
2015-09-16,3388.050048828125,3396.85009765625,3379.449951171875,3393.25,330000
2015-09-18,3394.89990234375,3423.85009765625,3384.39990234375,3409.60009765625,579900
2015-09-21,3386.0,3392.449951171875,3374.199951171875,3375.5,351600
2015-09-22,3346.449951171875,3403.550048828125,3336.199951171875,3403.35009765625,476700
2015-09-23,3346.699951171875,3363.39990234375,3313.35009765625,3319.199951171875,368700
2015-09-24,3373.35009765625,3380.10009765625,3341.39990234375,3347.89990234375,576200
2015-09-28,3358.0,3394.75,3352.199951171875,3385.39990234375,320200
2015-09-29,3376.39990234375,3406.75,3320.050048828125,3328.949951171875,494800
2015-09-30,3449.800048828125,3454.300048828125,3395.0,3404.89990234375,719700
2015-10-01,3451.14990234375,3475.0,3441.949951171875,3463.550048828125,558500
2015-10-05,3486.60009765625,3492.449951171875,3464.75,3469.60009765625,478100
2015-10-06,3518.449951171875,3521.39990234375,3491.14990234375,3506.75,450000
2015-10-07,3530.300048828125,3535.449951171875,3510.75,3510.75,571000
2015-10-08,3509.449951171875,3541.699951171875,3497.64990234375,3540.25,470600
2015-10-09,3511.85009765625,3542.10009765625,3503.5,3528.89990234375,350800
2015-10-12,3499.300048828125,3527.14990234375,3488.39990234375,3517.449951171875,324000
2015-10-13,3500.949951171875,3510.60009765625,3483.199951171875,3504.10009765625,360300
2015-10-14,3490.550048828125,3504.699951171875,3484.75,3503.199951171875,432300
2015-10-15,3517.699951171875,3523.60009765625,3495.35009765625,3497.050048828125,474500
2015-10-16,3533.0,3536.050048828125,3503.14990234375,3519.25,504000
2015-10-19,3559.25,3562.300048828125,3521.89990234375,3538.75,404900
2015-10-20,3549.449951171875,3560.89990234375,3535.050048828125,3560.89990234375,395700
2015-10-21,3556.64990234375,3564.10009765625,3533.300048828125,3554.550048828125,380000
2015-10-23,3540.64990234375,3583.050048828125,3538.64990234375,3576.199951171875,578400
2015-10-26,3533.60009765625,3551.75,3527.550048828125,3548.64990234375,420000
2015-10-27,3548.300048828125,3553.800048828125,3527.14990234375,3528.25,440600
2015-10-28,3550.199951171875,3559.800048828125,3535.949951171875,3546.25,426700
2015-10-29,3528.14990234375,3549.75,3515.0,3547.800048828125,507400
2015-10-30,3483.550048828125,3528.35009765625,3477.14990234375,3528.35009765625,629300
2015-11-02,3493.85009765625,3497.39990234375,3471.5,3485.75,510600
2015-11-03,3496.89990234375,3511.5,3484.60009765625,3510.60009765625,408200
2015-11-04,3508.85009765625,3515.89990234375,3501.449951171875,3508.949951171875,399500
2015-11-05,3487.050048828125,3517.25,3479.64990234375,3504.89990234375,394300
2015-11-06,3482.550048828125,3503.199951171875,3463.449951171875,3486.35009765625,334400
2015-11-09,3506.39990234375,3515.89990234375,3417.64990234375,3426.60009765625,533800
2015-11-10,3483.949951171875,3507.85009765625,3479.199951171875,3498.85009765625,507900
2015-11-13,3443.050048828125,3474.64990234375,3441.199951171875,3468.10009765625,569300
2015-11-16,3447.25,3462.050048828125,3429.449951171875,3437.199951171875,439000
2015-11-17,3476.89990234375,3482.5,3452.550048828125,3461.85009765625,378500
2015-11-18,3463.64990234375,3501.14990234375,3458.699951171875,3479.89990234375,418500
2015-11-19,3512.800048828125,3516.449951171875,3482.800048828125,3486.14990234375,389100
2015-11-20,3534.199951171875,3547.60009765625,3512.199951171875,3519.300048828125,441100
2015-11-23,3544.449951171875,3560.14990234375,3537.800048828125,3538.050048828125,377600
2015-11-24,3541.449951171875,3551.550048828125,3533.64990234375,3548.14990234375,574400
2015-11-26,3565.949951171875,3570.39990234375,3544.449951171875,3547.0,844700
2015-11-27,3564.300048828125,3579.949951171875,3551.39990234375,3579.949951171875,372100
2015-11-30,3546.85009765625,3573.85009765625,3534.75,3564.14990234375,855400
2015-12-01,3561.64990234375,3564.64990234375,3541.949951171875,3561.85009765625,538900
2015-12-02,3576.60009765625,3580.14990234375,3555.050048828125,3573.25,461600
2015-12-03,3543.5,3571.449951171875,3538.75,3567.5,857000
2015-12-04,3508.0,3527.449951171875,3504.0,3524.89990234375,984700
2015-12-07,3501.39990234375,3524.89990234375,3489.85009765625,3517.60009765625,783400
2015-12-08,3483.550048828125,3509.449951171875,3474.699951171875,3489.699951171875,472800
2015-12-09,3436.550048828125,3491.300048828125,3432.75,3491.300048828125,523000
2015-12-10,3465.949951171875,3472.14990234375,3430.75,3451.85009765625,578900
2015-12-11,3442.89990234375,3476.10009765625,3432.75,3476.10009765625,472100
2015-12-14,3475.85009765625,3484.35009765625,3425.35009765625,3430.64990234375,519900
2015-12-15,3509.050048828125,3511.60009765625,3473.800048828125,3483.75,440900
2015-12-16,3491.800048828125,3515.199951171875,3488.550048828125,3515.199951171875,515100
2015-12-17,3538.25,3542.89990234375,3485.60009765625,3497.35009765625,563300
2015-12-18,3523.10009765625,3544.75,3519.35009765625,3535.5,599800
2015-12-21,3555.550048828125,3557.699951171875,3523.0,3532.300048828125,423300
2015-12-22,3541.10009765625,3557.64990234375,3532.050048828125,3553.949951171875,569300
2015-12-23,3560.5,3566.949951171875,3551.800048828125,3558.300048828125,403400
2015-12-24,3572.10009765625,3573.89990234375,3560.10009765625,3572.550048828125,493400
2015-12-28,3573.25,3584.14990234375,3566.75,3575.75,380300
2015-12-29,3583.5,3586.199951171875,3571.050048828125,3578.199951171875,447500
2015-12-30,3574.75,3593.449951171875,3571.10009765625,3593.449951171875,377000
2015-12-31,3606.199951171875,3612.5,3575.699951171875,3578.85009765625,637500
2016-01-01,3612.5,3622.35009765625,3597.39990234375,3604.699951171875,427200
2016-01-04,3562.60009765625,3605.35009765625,3556.550048828125,3596.14990234375,579800
2016-01-05,3568.35009765625,3578.60009765625,3560.800048828125,3570.0,495000
2016-01-06,3526.25,3573.050048828125,3518.550048828125,3572.75,548500
2016-01-07,3440.39990234375,3503.050048828125,3430.699951171875,3503.050048828125,540000
2016-01-08,3441.199951171875,3464.25,3435.60009765625,3455.800048828125,467700
2016-01-11,3418.75,3433.39990234375,3388.75,3415.449951171875,475200
2016-01-12,3412.550048828125,3432.35009765625,3398.550048828125,3426.949951171875,506700
2016-01-13,3416.64990234375,3446.35009765625,3360.25,3432.85009765625,618800
2016-01-14,3405.800048828125,3428.949951171875,3359.949951171875,3387.35009765625,596200
2016-01-15,3344.85009765625,3420.449951171875,3340.449951171875,3418.64990234375,573700
2016-01-18,3300.800048828125,3355.199951171875,3291.10009765625,3339.5,646600
2016-01-19,3326.300048828125,3341.699951171875,3294.10009765625,3313.60009765625,472800
2016-01-20,3282.550048828125,3296.699951171875,3249.64990234375,3296.699951171875,632800
2016-01-21,3233.949951171875,3307.199951171875,3229.25,3303.25,646900
2016-01-22,3287.550048828125,3292.85009765625,3244.25,3262.449951171875,747000
2016-01-25,3280.949951171875,3310.699951171875,3277.550048828125,3300.050048828125,511900
2016-01-27,3264.64990234375,3293.60009765625,3260.449951171875,3292.85009765625,671600
2016-01-28,3277.050048828125,3297.14990234375,3253.89990234375,3255.64990234375,748600
2016-01-29,3337.949951171875,3345.39990234375,3277.199951171875,3278.14990234375,734500
2016-02-01,3333.050048828125,3344.64990234375,3322.5,3344.64990234375,542500
2016-02-02,3301.85009765625,3343.0,3292.89990234375,3337.550048828125,613900
2016-02-03,3290.35009765625,3312.300048828125,3271.199951171875,3279.25,530100
2016-02-04,3294.300048828125,3327.25,3273.699951171875,3315.25,556000
2016-02-05,3338.0,3342.050048828125,3291.85009765625,3295.949951171875,541100
2016-02-08,3313.699951171875,3358.10009765625,3309.550048828125,3345.0,417600
2016-02-09,3284.699951171875,3310.550048828125,3277.10009765625,3289.5,425900
2016-02-10,3255.0,3282.64990234375,3237.85009765625,3282.35009765625,622900
2016-02-11,3155.35009765625,3248.35009765625,3147.550048828125,3248.050048828125,624300
2016-02-12,3188.050048828125,3192.60009765625,3116.800048828125,3169.300048828125,790100
2016-02-15,3242.050048828125,3246.050048828125,3218.300048828125,3218.89990234375,729000
2016-02-16,3184.550048828125,3253.75,3179.25,3251.64990234375,571200
2016-02-17,3210.050048828125,3216.300048828125,3125.25,3184.25,578000
2016-02-18,3235.5,3246.0,3209.800048828125,3234.300048828125,497000
2016-02-19,3253.14990234375,3255.25,3216.699951171875,3230.85009765625,486000
2016-02-22,3280.35009765625,3282.25,3242.699951171875,3251.10009765625,426000
2016-02-23,3230.75,3284.60009765625,3224.35009765625,3284.60009765625,567700
2016-02-24,3210.5,3229.25,3202.050048828125,3224.25,554800
2016-02-25,3194.75,3212.949951171875,3191.14990234375,3210.39990234375,835800
2016-02-26,3198.64990234375,3231.75,3179.14990234375,3222.550048828125,484900
2016-02-29,3165.449951171875,3200.10009765625,3127.35009765625,3200.10009765625,1046000
2016-03-01,3281.800048828125,3286.300048828125,3175.60009765625,3175.60009765625,951000
2016-03-02,3295.10009765625,3322.75,3291.10009765625,3307.39990234375,658600
2016-03-03,3311.89990234375,3324.25,3304.35009765625,3314.10009765625,563900
2016-03-04,3301.550048828125,3322.64990234375,3289.800048828125,3317.89990234375,592800
2016-03-08,3294.39990234375,3323.75,3280.64990234375,3303.89990234375,552100
2016-03-09,3320.10009765625,3323.699951171875,3277.14990234375,3279.89990234375,643600
2016-03-10,3316.39990234375,3328.14990234375,3298.550048828125,3323.5,470800
2016-03-11,3340.800048828125,3344.10009765625,3315.199951171875,3315.199951171875,468500
2016-03-14,3353.300048828125,3362.699951171875,3341.39990234375,3354.949951171875,392200
2016-03-15,3310.949951171875,3354.699951171875,3305.39990234375,3354.699951171875,470100
2016-03-16,3311.0,3314.449951171875,3277.050048828125,3305.449951171875,520900
2016-03-17,3324.699951171875,3351.050048828125,3314.300048828125,3332.050048828125,626500
2016-03-18,3347.85009765625,3351.64990234375,3310.550048828125,3335.699951171875,566400
2016-03-21,3385.5,3387.75,3351.89990234375,3351.89990234375,452400
2016-03-22,3388.25,3395.60009765625,3361.300048828125,3383.050048828125,746800
2016-03-23,3401.5,3406.550048828125,3385.39990234375,3394.5,577500
2016-03-28,3358.699951171875,3414.14990234375,3351.300048828125,3414.14990234375,548600
2016-03-29,3363.35009765625,3378.14990234375,3350.699951171875,3350.699951171875,522800
2016-03-30,3399.050048828125,3403.14990234375,3379.949951171875,3379.949951171875,571100
2016-03-31,3406.449951171875,3415.64990234375,3392.10009765625,3395.699951171875,974300
2016-04-01,3399.64990234375,3405.300048828125,3380.800048828125,3395.699951171875,530200
2016-04-04,3441.199951171875,3443.10009765625,3397.75,3397.75,583700
2016-04-05,3373.949951171875,3431.199951171875,3367.5,3431.199951171875,493300
2016-04-06,3388.64990234375,3398.35009765625,3379.949951171875,3381.199951171875,453800
2016-04-07,3349.10009765625,3393.25,3344.35009765625,3393.25,948000
2016-04-08,3359.449951171875,3364.199951171875,3336.75,3351.0,424900
2016-04-11,3406.5,3409.800048828125,3353.699951171875,3369.14990234375,578200
2016-04-12,3434.39990234375,3441.5,3404.0,3407.14990234375,447500
2016-04-13,3518.050048828125,3522.14990234375,3454.0,3454.39990234375,651400
2016-04-18,3539.550048828125,3542.85009765625,3515.050048828125,3529.35009765625,544200
2016-04-20,3527.10009765625,3548.60009765625,3511.800048828125,3548.60009765625,565500
2016-04-21,3505.800048828125,3543.199951171875,3489.949951171875,3543.199951171875,446900
2016-04-22,3505.85009765625,3521.60009765625,3492.39990234375,3492.39990234375,611200
2016-04-25,3491.300048828125,3517.300048828125,3480.64990234375,3498.699951171875,432700
2016-04-26,3531.0,3536.60009765625,3476.89990234375,3476.89990234375,538500
2016-04-27,3561.199951171875,3563.25,3529.050048828125,3530.60009765625,604500
2016-04-28,3500.14990234375,3566.199951171875,3495.300048828125,3566.199951171875,877800
2016-04-29,3488.300048828125,3511.35009765625,3463.89990234375,3494.35009765625,659800
2016-05-02,3497.5,3500.14990234375,3469.199951171875,3482.39990234375,379600
2016-05-03,3491.10009765625,3532.550048828125,3474.199951171875,3508.800048828125,604100
2016-05-04,3468.800048828125,3491.75,3464.85009765625,3481.550048828125,428900
2016-05-05,3463.199951171875,3480.75,3451.10009765625,3478.949951171875,392700
2016-05-06,3481.35009765625,3484.10009765625,3441.800048828125,3455.550048828125,418200
2016-05-09,3528.0,3537.85009765625,3487.60009765625,3487.60009765625,467000
2016-05-10,3536.10009765625,3540.75,3516.449951171875,3529.35009765625,399700
2016-05-11,3539.64990234375,3557.10009765625,3494.85009765625,3504.35009765625,807800
2016-05-12,3544.0,3558.550048828125,3530.199951171875,3551.39990234375,412200
2016-05-13,3515.449951171875,3539.60009765625,3504.64990234375,3539.60009765625,655600
2016-05-16,3531.800048828125,3535.60009765625,3492.25,3523.60009765625,534300
2016-05-17,3543.14990234375,3559.050048828125,3537.39990234375,3545.10009765625,547100
2016-05-18,3521.199951171875,3527.550048828125,3497.10009765625,3527.550048828125,434900
2016-05-19,3479.550048828125,3527.0,3473.550048828125,3527.0,539600
2016-05-20,3477.25,3495.89990234375,3468.199951171875,3485.64990234375,555800
2016-05-23,3486.949951171875,3513.89990234375,3482.64990234375,3513.89990234375,687700
2016-05-24,3486.800048828125,3492.0,3470.699951171875,3489.199951171875,836600
2016-05-25,3556.550048828125,3561.5,3509.050048828125,3509.800048828125,468400
2016-05-26,3598.550048828125,3604.050048828125,3552.5,3565.10009765625,613400
2016-05-27,3619.949951171875,3630.449951171875,3598.10009765625,3599.800048828125,608800
2016-05-30,3623.14990234375,3633.60009765625,3612.14990234375,3619.85009765625,586400
2016-05-31,3605.5,3639.35009765625,3601.89990234375,3634.050048828125,2671000
2016-06-01,3645.75,3654.25,3620.550048828125,3621.25,845400
2016-06-02,3668.89990234375,3671.800048828125,3633.050048828125,3637.5,792400
2016-06-03,3668.550048828125,3683.85009765625,3659.89990234375,3674.25,2677700
2016-06-06,3648.800048828125,3678.050048828125,3644.39990234375,3666.800048828125,668500
2016-06-07,3675.199951171875,3687.60009765625,3659.800048828125,3661.39990234375,671000
2016-06-08,3682.199951171875,3691.10009765625,3670.85009765625,3682.800048828125,551300
2016-06-09,3643.39990234375,3686.0,3636.949951171875,3686.0,476600
2016-06-10,3624.5,3667.800048828125,3622.199951171875,3635.60009765625,536200
2016-06-13,3606.14990234375,3616.300048828125,3590.39990234375,3598.199951171875,628900
2016-06-14,3598.800048828125,3610.800048828125,3582.050048828125,3610.800048828125,461200
2016-06-15,3636.699951171875,3638.800048828125,3608.64990234375,3612.949951171875,483100
2016-06-16,3613.14990234375,3630.800048828125,3588.60009765625,3630.800048828125,549900
2016-06-17,3630.75,3636.300048828125,3615.85009765625,3628.199951171875,573200
2016-06-20,3644.550048828125,3649.39990234375,3599.199951171875,3613.949951171875,603500
2016-06-21,3638.800048828125,3651.39990234375,3634.449951171875,3644.300048828125,560500
2016-06-22,3633.64990234375,3650.14990234375,3619.60009765625,3633.89990234375,461800
2016-06-23,3651.0,3655.050048828125,3626.25,3638.14990234375,746900
2016-06-24,3619.050048828125,3622.75,3540.10009765625,3579.14990234375,863900
2016-06-27,3619.300048828125,3631.75,3606.75,3610.89990234375,525200
2016-06-28,3656.800048828125,3658.5,3630.449951171875,3630.85009765625,645600
2016-06-29,3685.0,3687.199951171875,3667.800048828125,3673.050048828125,552100
2016-06-30,3733.550048828125,3738.449951171875,3706.10009765625,3707.64990234375,1567800
2016-07-01,3761.75,3773.14990234375,3736.64990234375,3736.64990234375,770800
2016-07-04,3760.0,3780.60009765625,3757.0,3779.64990234375,578600
2016-07-05,3747.449951171875,3763.300048828125,3734.75,3763.300048828125,617300
2016-07-07,3748.89990234375,3761.0,3745.75,3750.10009765625,579200
2016-07-08,3750.0,3754.89990234375,3732.75,3754.89990234375,531100
2016-07-11,3796.75,3804.949951171875,3781.10009765625,3783.25,461700
2016-07-12,3798.85009765625,3808.949951171875,3789.0,3804.75,421100
2016-07-13,3787.60009765625,3803.64990234375,3776.39990234375,3803.64990234375,465000
2016-07-14,3808.199951171875,3812.300048828125,3777.699951171875,3787.89990234375,443900
2016-07-15,3829.800048828125,3847.10009765625,3817.64990234375,3817.64990234375,630200
2016-07-18,3801.699951171875,3848.550048828125,3793.89990234375,3839.300048828125,580000
2016-07-19,3791.949951171875,3797.85009765625,3766.550048828125,3797.199951171875,509200
2016-07-20,3811.75,3814.10009765625,3796.300048828125,3797.199951171875,710600
2016-07-21,3802.14990234375,3825.699951171875,3800.0,3823.64990234375,618800
2016-07-22,3812.5,3820.0,3798.800048828125,3812.25,622800
2016-07-25,3852.64990234375,3855.25,3812.64990234375,3813.5,478200
2016-07-26,3818.64990234375,3859.85009765625,3811.5,3857.5,591700
2016-07-27,3830.14990234375,3851.699951171875,3809.699951171875,3830.64990234375,688800
2016-07-28,3878.199951171875,3882.699951171875,3840.550048828125,3849.75,874300
2016-07-29,3883.89990234375,3897.699951171875,3872.300048828125,3876.449951171875,835200
2016-08-01,3900.199951171875,3920.35009765625,3882.050048828125,3899.89990234375,644900
2016-08-02,3917.35009765625,3945.800048828125,3908.050048828125,3912.64990234375,719300
2016-08-03,3863.800048828125,3927.10009765625,3858.800048828125,3927.10009765625,609200
2016-08-04,3868.300048828125,3893.699951171875,3852.14990234375,3892.35009765625,509700
2016-08-05,3926.89990234375,3931.10009765625,3882.64990234375,3882.64990234375,542000
2016-08-08,3941.89990234375,3946.449951171875,3924.64990234375,3945.0,761700
2016-08-09,3918.10009765625,3942.85009765625,3896.39990234375,3942.85009765625,870800
2016-08-10,3860.25,3925.800048828125,3855.699951171875,3925.800048828125,624100
2016-08-11,3881.050048828125,3887.199951171875,3841.39990234375,3863.35009765625,628700
2016-08-12,3901.75,3921.0,3883.39990234375,3883.39990234375,568300
2016-08-16,3887.699951171875,3915.800048828125,3873.89990234375,3907.949951171875,695600
2016-08-17,3903.0,3913.699951171875,3885.60009765625,3886.949951171875,647000
2016-08-18,3906.64990234375,3922.5,3902.85009765625,3913.75,506600
2016-08-19,3910.0,3919.050048828125,3899.75,3911.0,509800
2016-08-22,3900.949951171875,3915.300048828125,3891.60009765625,3914.35009765625,494500
2016-08-23,3890.800048828125,3902.0,3865.550048828125,3902.0,963200
2016-08-24,3908.5,3913.449951171875,3894.14990234375,3897.550048828125,706100
2016-08-25,3885.300048828125,3925.39990234375,3881.0,3922.14990234375,744800
2016-08-26,3886.449951171875,3898.550048828125,3870.89990234375,3894.800048828125,751200
2016-08-29,3896.10009765625,3899.85009765625,3867.0,3888.550048828125,585300
2016-08-30,3949.60009765625,3951.39990234375,3909.60009765625,3909.949951171875,582600
2016-08-31,3959.050048828125,3978.25,3952.39990234375,3956.5,863500
2016-09-01,3943.10009765625,3983.449951171875,3936.5,3968.050048828125,1921600
2016-09-02,3973.39990234375,3979.14990234375,3933.60009765625,3948.60009765625,1283000
2016-09-06,4031.550048828125,4035.39990234375,3983.300048828125,3984.64990234375,840100
2016-09-07,4018.5,4032.550048828125,4010.85009765625,4032.550048828125,601300
2016-09-08,4067.0,4069.10009765625,4019.449951171875,4019.699951171875,621500
2016-09-09,4006.0,4065.699951171875,4001.85009765625,4065.699951171875,590000
2016-09-12,3922.35009765625,3953.449951171875,3911.800048828125,3953.449951171875,530700
2016-09-14,3941.85009765625,3946.60009765625,3922.64990234375,3923.25,663900
2016-09-15,3953.300048828125,3960.800048828125,3933.449951171875,3948.10009765625,890900
2016-09-16,3972.449951171875,4011.14990234375,3959.14990234375,3963.800048828125,968900
2016-09-19,3967.60009765625,3987.0,3963.949951171875,3981.75,483000
2016-09-20,3938.75,3972.300048828125,3934.75,3971.39990234375,501400
2016-09-21,3938.60009765625,3963.89990234375,3934.800048828125,3945.75,557300
2016-09-22,3976.0,3986.449951171875,3961.300048828125,3971.5,586800
2016-09-23,3965.699951171875,3983.949951171875,3962.199951171875,3982.449951171875,514700
2016-09-26,3921.199951171875,3963.89990234375,3914.300048828125,3963.199951171875,617300
2016-09-27,3915.0,3939.300048828125,3910.89990234375,3934.10009765625,677500
2016-09-28,3935.050048828125,3943.300048828125,3918.800048828125,3922.60009765625,647100
2016-09-29,3863.050048828125,3961.60009765625,3841.949951171875,3959.14990234375,1360700
2016-09-30,3879.199951171875,3888.449951171875,3834.14990234375,3859.949951171875,1055100
2016-10-03,3968.300048828125,3971.449951171875,3906.699951171875,3914.89990234375,636100
2016-10-04,3966.89990234375,3987.64990234375,3956.10009765625,3987.300048828125,557600
2016-10-05,3963.14990234375,3981.0,3957.800048828125,3979.85009765625,623800
2016-10-06,3951.449951171875,3983.5,3938.89990234375,3979.39990234375,549000
2016-10-07,3944.300048828125,3964.14990234375,3924.199951171875,3958.199951171875,575400
2016-10-10,3954.39990234375,3968.949951171875,3950.85009765625,3957.25,413100
2016-10-13,3905.39990234375,3950.85009765625,3886.25,3945.050048828125,719300
2016-10-14,3880.300048828125,3915.25,3875.10009765625,3914.64990234375,684800
2016-10-17,3828.14990234375,3889.75,3825.699951171875,3886.85009765625,671500
2016-10-18,3871.5,3873.39990234375,3836.85009765625,3837.5,625800
2016-10-19,3849.300048828125,3879.550048828125,3845.5,3878.60009765625,638400
2016-10-20,3858.449951171875,3878.10009765625,3855.699951171875,3861.85009765625,528200
2016-10-21,3871.25,3872.800048828125,3851.800048828125,3864.75,514400
2016-10-24,3857.300048828125,3878.60009765625,3853.39990234375,3875.699951171875,564100
2016-10-25,3848.550048828125,3858.60009765625,3834.800048828125,3857.39990234375,631600
2016-10-26,3857.64990234375,3871.35009765625,3834.89990234375,3855.14990234375,904800
2016-10-27,3825.89990234375,3861.699951171875,3809.75,3861.699951171875,1120400
2016-10-28,3846.85009765625,3851.699951171875,3822.699951171875,3836.89990234375,722700
2016-11-01,3838.5,3859.199951171875,3834.75,3857.300048828125,499900
2016-11-02,3812.14990234375,3834.10009765625,3794.050048828125,3808.5,585900
2016-11-03,3799.800048828125,3828.050048828125,3794.25,3805.199951171875,611900
2016-11-04,3795.949951171875,3836.39990234375,3788.35009765625,3825.0,1052700
2016-11-07,3809.75,3832.75,3800.35009765625,3829.5,604600
2016-11-08,3817.75,3824.449951171875,3790.300048828125,3822.64990234375,426800
2016-11-09,3720.10009765625,3743.0,3545.10009765625,3613.64990234375,1055900
2016-11-10,3706.64990234375,3785.550048828125,3697.5,3777.75,557800
2016-11-11,3556.39990234375,3675.800048828125,3548.449951171875,3671.10009765625,639900
2016-11-15,3440.75,3558.39990234375,3406.10009765625,3557.75,895800
2016-11-16,3478.300048828125,3505.5,3459.35009765625,3477.5,888800
2016-11-17,3442.35009765625,3498.550048828125,3431.75,3478.199951171875,473700
2016-11-18,3442.14990234375,3457.949951171875,3426.300048828125,3452.0,504000
2016-11-21,3381.949951171875,3453.199951171875,3376.35009765625,3453.199951171875,651200
2016-11-22,3440.35009765625,3451.699951171875,3385.75,3404.050048828125,625400
2016-11-23,3457.199951171875,3462.25,3423.64990234375,3459.949951171875,539300
2016-11-24,3434.39990234375,3456.800048828125,3427.10009765625,3449.14990234375,805700
2016-11-25,3458.35009765625,3463.10009765625,3437.35009765625,3448.050048828125,426500
2016-11-28,3497.64990234375,3505.14990234375,3454.64990234375,3458.39990234375,525100
2016-11-29,3535.699951171875,3551.25,3499.64990234375,3502.550048828125,640500
2016-11-30,3572.050048828125,3581.25,3537.699951171875,3550.199951171875,851400
2016-12-01,3549.64990234375,3577.10009765625,3543.300048828125,3574.60009765625,665800
2016-12-02,3491.5,3530.89990234375,3485.75,3527.5,552700
2016-12-05,3555.0,3561.75,3492.699951171875,3496.25,546600
2016-12-06,3538.35009765625,3568.0,3531.949951171875,3566.300048828125,480100
2016-12-07,3527.35009765625,3556.60009765625,3516.699951171875,3548.300048828125,575400
2016-12-08,3592.550048828125,3595.89990234375,3551.300048828125,3552.5,420300
2016-12-09,3590.199951171875,3606.800048828125,3579.5,3605.10009765625,541300
2016-12-12,3530.35009765625,3579.35009765625,3522.39990234375,3578.60009765625,378900
2016-12-13,3538.89990234375,3542.89990234375,3520.050048828125,3538.75,428400
2016-12-14,3521.39990234375,3547.14990234375,3517.35009765625,3546.14990234375,456600
2016-12-15,3508.25,3534.39990234375,3488.14990234375,3502.699951171875,501600
2016-12-16,3493.949951171875,3518.699951171875,3490.449951171875,3518.64990234375,498600
2016-12-19,3470.0,3494.300048828125,3465.64990234375,3493.300048828125,378300
2016-12-20,3451.25,3476.449951171875,3441.550048828125,3474.14990234375,450300
2016-12-21,3440.800048828125,3467.10009765625,3436.050048828125,3461.199951171875,893500
2016-12-22,3407.60009765625,3435.0,3399.699951171875,3433.800048828125,655800
2016-12-23,3415.949951171875,3430.699951171875,3380.64990234375,3404.300048828125,559600
2016-12-26,3390.199951171875,3414.14990234375,3378.60009765625,3412.449951171875,513700
2016-12-27,3438.10009765625,3442.949951171875,3370.85009765625,3393.35009765625,585400
2016-12-28,3449.300048828125,3473.949951171875,3440.39990234375,3440.39990234375,530800
2016-12-29,3483.85009765625,3491.800048828125,3438.14990234375,3450.050048828125,631200
2016-12-30,3517.199951171875,3521.800048828125,3492.35009765625,3494.25,458900
2017-01-02,3546.0,3549.300048828125,3492.699951171875,3520.85009765625,318100
2017-01-03,3553.449951171875,3564.14990234375,3532.800048828125,3547.39990234375,427300
2017-01-04,3574.949951171875,3580.5,3546.25,3558.699951171875,493200
2017-01-05,3618.199951171875,3623.949951171875,3579.949951171875,3587.199951171875,516500
2017-01-06,3603.25,3643.0,3598.64990234375,3624.449951171875,532700
2017-01-09,3598.25,3617.0,3595.199951171875,3612.800048828125,332700
2017-01-10,3623.050048828125,3626.60009765625,3604.35009765625,3607.0,500000
2017-01-11,3651.35009765625,3654.050048828125,3631.550048828125,3632.949951171875,374800
2017-01-12,3637.800048828125,3660.199951171875,3633.39990234375,3659.10009765625,589500
2017-01-13,3632.14990234375,3649.800048828125,3616.85009765625,3649.699951171875,740500
2017-01-16,3633.60009765625,3639.300048828125,3624.449951171875,3630.0,382400
2017-01-17,3654.25,3657.199951171875,3634.85009765625,3635.5,438600
2017-01-18,3668.300048828125,3685.75,3657.89990234375,3660.449951171875,564100
2017-01-19,3677.14990234375,3683.89990234375,3660.39990234375,3668.699951171875,638500
2017-01-20,3656.0,3691.800048828125,3652.35009765625,3670.39990234375,807600
2017-01-23,3679.89990234375,3682.85009765625,3654.800048828125,3655.050048828125,600900
2017-01-24,3711.25,3715.14990234375,3671.550048828125,3684.85009765625,650700
2017-01-25,3756.199951171875,3759.5,3702.550048828125,3712.60009765625,1040000
2017-01-27,3758.60009765625,3785.39990234375,3751.10009765625,3755.300048828125,700300
2017-01-30,3785.449951171875,3805.64990234375,3752.949951171875,3759.64990234375,2641100
2017-01-31,3784.14990234375,3808.39990234375,3771.85009765625,3790.050048828125,3700500
2017-02-01,3874.800048828125,3879.10009765625,3780.60009765625,3789.699951171875,1480500
2017-02-02,3867.050048828125,3888.60009765625,3849.550048828125,3875.75,1388600
2017-02-03,3864.89990234375,3884.5,3854.699951171875,3871.75,1388600
2017-02-06,3900.14990234375,3903.10009765625,3883.0,3885.39990234375,934500
2017-02-07,3892.35009765625,3913.199951171875,3877.35009765625,3909.449951171875,864800
2017-02-08,3902.60009765625,3908.39990234375,3879.60009765625,3899.35009765625,982300
2017-02-09,3920.60009765625,3925.89990234375,3881.449951171875,3913.699951171875,623400
2017-02-10,3910.300048828125,3933.64990234375,3905.449951171875,3929.550048828125,635900
2017-02-13,3905.0,3919.050048828125,3881.5,3912.35009765625,629000
2017-02-14,3897.39990234375,3908.199951171875,3871.39990234375,3907.800048828125,774700
2017-02-15,3875.5,3907.699951171875,3872.0,3899.449951171875,684900
2017-02-16,3891.949951171875,3895.300048828125,3864.25,3869.800048828125,600500
2017-02-17,3890.14990234375,3904.10009765625,3872.39990234375,3898.64990234375,726600
2017-02-20,3919.949951171875,3927.050048828125,3886.10009765625,3897.199951171875,830100
2017-02-21,3929.050048828125,3935.949951171875,3905.10009765625,3918.25,934000
2017-02-22,3931.300048828125,3941.0,3912.35009765625,3935.0,919100
2017-02-23,3927.10009765625,3962.14990234375,3922.25,3949.35009765625,2293500
2017-02-27,3900.550048828125,3926.050048828125,3896.60009765625,3923.89990234375,740500
2017-02-28,3916.85009765625,3920.89990234375,3897.300048828125,3899.25,1417900
2017-03-01,3941.199951171875,3949.10009765625,3921.199951171875,3931.699951171875,821900
2017-03-02,3917.300048828125,3966.75,3906.85009765625,3958.199951171875,825200
2017-03-03,3911.39990234375,3916.699951171875,3892.0,3909.75,739600
2017-03-06,3938.300048828125,3942.35009765625,3917.0,3923.64990234375,586600
2017-03-07,3930.25,3943.10009765625,3919.85009765625,3939.949951171875,624400
2017-03-08,3915.699951171875,3934.85009765625,3900.64990234375,3931.64990234375,592200
2017-03-09,3925.449951171875,3932.75,3910.14990234375,3920.60009765625,1228700
2017-03-10,3928.39990234375,3942.89990234375,3918.85009765625,3929.300048828125,629300
2017-03-14,3996.0,4000.699951171875,3968.89990234375,3981.050048828125,908000
2017-03-15,4014.0,4024.5,3989.949951171875,3990.10009765625,1314900
2017-03-16,4035.0,4036.550048828125,4021.300048828125,4027.60009765625,983700
2017-03-17,4032.300048828125,4064.949951171875,4025.35009765625,4054.25,1362400
2017-03-20,4024.550048828125,4052.300048828125,4010.35009765625,4045.0,2622100
2017-03-21,4021.550048828125,4039.300048828125,3992.0,4030.64990234375,1393400
2017-03-22,3966.949951171875,3997.800048828125,3961.10009765625,3988.199951171875,1110700
2017-03-23,3980.85009765625,3987.5,3971.10009765625,3971.35009765625,840800
2017-03-24,3976.89990234375,3996.75,3972.25,3989.39990234375,689400
2017-03-27,3955.25,3976.5,3946.89990234375,3975.550048828125,721500
2017-03-28,3978.800048828125,3984.14990234375,3961.14990234375,3961.25,587000
2017-03-29,3988.64990234375,3993.14990234375,3970.25,3990.10009765625,870900
2017-03-30,3999.14990234375,4005.199951171875,3987.300048828125,3990.800048828125,1160200
2017-03-31,3997.89990234375,4003.89990234375,3988.699951171875,3992.75,726300
2017-04-03,3999.75,4006.0,3984.050048828125,4005.5,566000
2017-04-05,4036.050048828125,4040.60009765625,4000.0,4017.64990234375,897800
2017-04-06,4024.64990234375,4028.75,4005.449951171875,4028.699951171875,627900
2017-04-07,4015.85009765625,4034.64990234375,4010.10009765625,4011.35009765625,905000
2017-04-10,4013.050048828125,4028.199951171875,4004.60009765625,4027.25,563200
2017-04-11,4027.64990234375,4030.10009765625,4000.449951171875,4006.699951171875,741800
2017-04-12,4019.35009765625,4029.050048828125,3992.14990234375,4024.699951171875,533200
2017-04-13,3996.89990234375,4019.10009765625,3992.25,4016.85009765625,420200
2017-04-17,3986.800048828125,3998.300048828125,3974.550048828125,3990.449951171875,467600
2017-04-18,3964.10009765625,4007.800048828125,3959.14990234375,3991.60009765625,591100
2017-04-19,3975.25,3983.14990234375,3963.39990234375,3971.89990234375,449500
2017-04-20,4007.39990234375,4010.89990234375,3978.050048828125,3984.699951171875,431000
2017-04-21,3989.550048828125,4024.0,3986.199951171875,4020.949951171875,473700
2017-04-24,4010.60009765625,4013.25,3983.14990234375,4001.60009765625,383500
2017-04-25,4078.14990234375,4081.60009765625,4017.0,4027.60009765625,668800
2017-04-26,4125.9501953125,4131.85009765625,4083.39990234375,4092.75,648700
2017-04-27,4110.75,4137.7001953125,4099.9501953125,4127.2001953125,720100
2017-04-28,4106.7998046875,4117.85009765625,4098.0498046875,4109.5,569900
2017-05-02,4124.39990234375,4136.9501953125,4101.10009765625,4119.2998046875,455300
2017-05-03,4118.60009765625,4138.75,4109.25,4137.0498046875,440900
2017-05-04,4137.10009765625,4140.2998046875,4118.0498046875,4120.25,448500
2017-05-05,4101.89990234375,4134.7998046875,4096.7998046875,4132.2998046875,456100
2017-05-08,4109.75,4116.89990234375,4095.89990234375,4108.2001953125,704000
2017-05-09,4107.35009765625,4118.0498046875,4100.2001953125,4118.0498046875,492900
2017-05-10,4200.4501953125,4205.9501953125,4108.4501953125,4108.75,1085800
2017-05-11,4236.25,4241.64990234375,4199.60009765625,4213.7001953125,837300
2017-05-12,4222.60009765625,4245.10009765625,4200.10009765625,4242.4501953125,614100
2017-05-15,4234.60009765625,4240.5498046875,4221.0,4232.4501953125,817100
2017-05-16,4268.7998046875,4271.85009765625,4231.14990234375,4240.0498046875,694500
2017-05-17,4273.39990234375,4275.89990234375,4251.5,4266.10009765625,610700
2017-05-18,4198.75,4262.9501953125,4193.89990234375,4245.25,614300
2017-05-19,4203.7998046875,4260.89990234375,4188.2001953125,4224.64990234375,913400
2017-05-22,4217.64990234375,4245.5,4210.0,4230.39990234375,803200
2017-05-23,4196.7998046875,4227.7998046875,4188.5,4226.7998046875,943400
2017-05-24,4163.2998046875,4204.7998046875,4155.2001953125,4196.4501953125,1026000
2017-05-25,4203.4501953125,4210.7998046875,4161.89990234375,4170.14990234375,1155300
2017-05-26,4242.7998046875,4247.7001953125,4207.0,4209.7001953125,626500
2017-05-29,4272.7998046875,4284.5,4229.7998046875,4235.5,1668200
2017-05-30,4282.64990234375,4285.2001953125,4250.7998046875,4269.64990234375,1805500
2017-05-31,4308.14990234375,4322.10009765625,4291.60009765625,4295.0498046875,3231700
2017-06-01,4329.9501953125,4337.7998046875,4306.89990234375,4313.64990234375,1616500
2017-06-02,4353.60009765625,4361.0498046875,4327.89990234375,4350.7001953125,1438800
2017-06-05,4389.2998046875,4405.39990234375,4362.7001953125,4367.5,1270300
2017-06-06,4349.75,4391.7001953125,4339.5,4389.2001953125,921600
2017-06-07,4386.39990234375,4397.64990234375,4361.2998046875,4365.5,916100
2017-06-08,4369.0498046875,4400.7998046875,4366.2001953125,4394.75,698600
2017-06-09,4378.5498046875,4382.14990234375,4360.85009765625,4370.7998046875,735300
2017-06-12,4357.60009765625,4382.2001953125,4346.0498046875,4382.0498046875,949600
2017-06-13,4352.75,4374.64990234375,4347.5498046875,4365.2001953125,813100
2017-06-14,4350.10009765625,4361.60009765625,4329.60009765625,4357.64990234375,746600
2017-06-15,4328.89990234375,4362.7998046875,4322.39990234375,4353.64990234375,791000
2017-06-16,4330.0498046875,4348.0,4321.85009765625,4337.7001953125,941500
2017-06-19,4347.5498046875,4359.35009765625,4344.14990234375,4350.14990234375,524700
2017-06-20,4345.2998046875,4361.7998046875,4341.35009765625,4354.7998046875,606000
2017-06-21,4368.85009765625,4373.64990234375,4332.35009765625,4350.25,681400
2017-06-22,4361.35009765625,4379.85009765625,4353.64990234375,4371.10009765625,947100
2017-06-23,4333.89990234375,4364.7001953125,4322.35009765625,4362.0,1040000
2017-06-27,4323.0498046875,4361.75,4313.0498046875,4343.5,1022100
2017-06-28,4308.2998046875,4326.5,4299.85009765625,4326.0,821300
2017-06-29,4322.14990234375,4348.7001953125,4316.2001953125,4323.2998046875,1081200
2017-06-30,4347.2998046875,4356.2001953125,4300.64990234375,4313.39990234375,818900
2017-07-03,4424.5498046875,4427.35009765625,4380.10009765625,4392.75,1031900
2017-07-04,4399.64990234375,4438.2998046875,4394.5,4437.64990234375,620000
2017-07-05,4414.25,4419.0498046875,4395.35009765625,4402.85009765625,607100
2017-07-06,4426.2001953125,4436.39990234375,4417.10009765625,4425.0498046875,739200
2017-07-07,4415.85009765625,4427.75,4410.85009765625,4426.0498046875,651300
2017-07-10,4445.25,4490.60009765625,4368.64990234375,4428.75,233800
2017-07-11,4441.4501953125,4461.25,4438.25,4457.25,942200
2017-07-12,4452.60009765625,4469.60009765625,4444.0,4452.39990234375,564000
2017-07-13,4488.7001953125,4494.14990234375,4466.14990234375,4468.5,699100
2017-07-14,4492.10009765625,4499.75,4476.35009765625,4499.60009765625,540600
2017-07-17,4487.64990234375,4499.7001953125,4477.5498046875,4496.5,653200
2017-07-18,4434.2998046875,4462.85009765625,4408.89990234375,4430.39990234375,2108300
2017-07-19,4476.35009765625,4480.25,4439.7998046875,4462.60009765625,1443300
2017-07-20,4457.35009765625,4486.4501953125,4448.10009765625,4485.14990234375,588500
2017-07-21,4459.7998046875,4465.64990234375,4422.60009765625,4465.64990234375,1084400
2017-07-24,4478.75,4483.35009765625,4454.5,4461.14990234375,758000
2017-07-25,4477.14990234375,4498.0,4470.0498046875,4495.60009765625,1292000
2017-07-26,4488.35009765625,4493.35009765625,4470.64990234375,4482.64990234375,733100
2017-07-27,4484.64990234375,4511.9501953125,4475.2998046875,4499.39990234375,1216400
2017-07-28,4481.35009765625,4485.25,4455.2998046875,4480.5,977100
2017-07-31,4486.7001953125,4491.25,4461.2001953125,4490.7001953125,731300
2017-08-01,4502.10009765625,4507.14990234375,4486.85009765625,4490.0498046875,640900
2017-08-02,4482.7001953125,4510.9501953125,4469.0498046875,4510.35009765625,538400
2017-08-03,4497.9501953125,4501.75,4466.0498046875,4482.89990234375,896900
2017-08-04,4534.10009765625,4540.0498046875,4492.4501953125,4493.2998046875,865200
2017-08-07,4541.0498046875,4550.9501953125,4523.89990234375,4525.0,479300
2017-08-08,4511.7001953125,4560.10009765625,4493.9501953125,4539.5,644200
2017-08-09,4479.60009765625,4512.9501953125,4472.2998046875,4512.9501953125,570500
2017-08-10,4432.35009765625,4466.89990234375,4414.2001953125,4462.0498046875,745900
2017-08-11,4375.60009765625,4407.85009765625,4363.89990234375,4391.5498046875,706100
2017-08-14,4433.85009765625,4446.5498046875,4396.9501953125,4397.7998046875,1019800
2017-08-16,4485.2998046875,4489.2001953125,4438.0498046875,4445.25,849500
2017-08-17,4473.5498046875,4497.75,4465.39990234375,4497.75,631400
2017-08-18,4487.64990234375,4491.64990234375,4446.14990234375,4450.10009765625,874700
2017-08-21,4454.0,4506.75,4449.35009765625,4495.4501953125,532500
2017-08-22,4443.60009765625,4481.89990234375,4439.0,4480.0498046875,647800
2017-08-23,4457.85009765625,4462.7001953125,4437.5498046875,4461.0498046875,551200
2017-08-24,4458.0,4464.14990234375,4450.0,4462.89990234375,493100
2017-08-28,4493.2001953125,4496.0498046875,4452.25,4468.14990234375,462800
2017-08-29,4457.2001953125,4487.39990234375,4446.64990234375,4487.39990234375,624900
2017-08-30,4485.85009765625,4499.25,4473.39990234375,4479.5498046875,456900
2017-08-31,4513.10009765625,4517.5498046875,4469.85009765625,4489.14990234375,763400
2017-09-01,4549.75,4557.64990234375,4516.7998046875,4523.4501953125,593200
2017-09-04,4517.2998046875,4554.35009765625,4497.89990234375,4553.7001953125,540700
2017-09-05,4525.7998046875,4536.25,4505.75,4524.5,574500
2017-09-06,4501.60009765625,4517.25,4496.85009765625,4504.9501953125,643600
2017-09-07,4511.60009765625,4527.64990234375,4508.14990234375,4518.39990234375,612400
2017-09-08,4501.10009765625,4523.2998046875,4490.5498046875,4520.25,491400
2017-09-11,4534.85009765625,4543.75,4516.75,4519.35009765625,506800
2017-09-12,4577.7001953125,4579.75,4549.39990234375,4557.5,694900
2017-09-13,4565.89990234375,4601.7001953125,4557.7998046875,4585.4501953125,1276100
2017-09-14,4550.9501953125,4583.25,4545.9501953125,4582.85009765625,720800
2017-09-15,4552.0,4561.7998046875,4528.35009765625,4540.7001953125,891200
2017-09-18,4600.39990234375,4607.64990234375,4570.85009765625,4572.75,636500
2017-09-19,4597.7998046875,4616.60009765625,4589.89990234375,4615.10009765625,907500
2017-09-20,4573.5498046875,4593.2001953125,4569.0,4585.7001953125,905600
2017-09-21,4553.39990234375,4580.4501953125,4532.64990234375,4572.2001953125,1124000
2017-09-22,4486.5,4539.85009765625,4481.4501953125,4537.89990234375,841800
2017-09-25,4455.4501953125,4492.7998046875,4431.5,4492.7998046875,925700
2017-09-26,4425.9501953125,4466.7998046875,4405.89990234375,4466.5,612800
2017-09-27,4373.7998046875,4448.9501953125,4364.25,4448.9501953125,789900
2017-09-28,4373.35009765625,4386.0498046875,4338.85009765625,4382.0498046875,1426700
2017-09-29,4390.64990234375,4415.9501953125,4377.35009765625,4388.7998046875,818900
2017-10-03,4422.9501953125,4441.85009765625,4418.85009765625,4436.9501953125,486000
2017-10-04,4441.7001953125,4452.7001953125,4419.10009765625,4440.39990234375,426700
2017-10-05,4434.0,4461.64990234375,4428.5498046875,4450.5498046875,340000
2017-10-06,4452.64990234375,4457.89990234375,4443.0,4447.4501953125,337800
2017-10-09,4466.5498046875,4479.4501953125,4455.0498046875,4470.64990234375,324900
2017-10-10,4473.0,4484.10009765625,4463.10009765625,4479.75,375400
2017-10-11,4478.60009765625,4501.60009765625,4459.10009765625,4485.89990234375,519100
2017-10-12,4521.0498046875,4523.5498046875,4471.64990234375,4486.5,403600
2017-10-13,4546.7001953125,4552.0,4537.0498046875,4546.5,1043500
2017-10-16,4600.0498046875,4606.0498046875,4563.35009765625,4563.9501953125,799400
2017-10-17,4620.75,4628.4501953125,4595.14990234375,4608.60009765625,947700
2017-10-18,4600.39990234375,4625.4501953125,4580.4501953125,4625.25,669500
2017-10-19,4596.10009765625,4611.35009765625,4583.5498046875,4609.35009765625,144700
2017-10-23,4621.89990234375,4636.2001953125,4599.14990234375,4609.2998046875,1217900
2017-10-24,4647.39990234375,4651.89990234375,4623.85009765625,4630.5,871900
2017-10-25,4666.14990234375,4676.5,4633.5498046875,4673.14990234375,650800
2017-10-26,4673.60009765625,4678.75,4648.7001953125,4671.9501953125,677600
2017-10-27,4682.85009765625,4704.35009765625,4675.64990234375,4695.0,788000
2017-10-30,4699.39990234375,4716.85009765625,4696.14990234375,4702.39990234375,606200
2017-10-31,4696.64990234375,4710.5,4684.64990234375,4710.2001953125,529500
2017-11-01,4756.25,4767.39990234375,4728.7998046875,4731.2998046875,1178900
2017-11-02,4747.14990234375,4763.5498046875,4730.4501953125,4759.60009765625,896300
2017-11-03,4737.0498046875,4774.2998046875,4732.5,4763.0498046875,974500
2017-11-06,4771.4501953125,4794.5498046875,4750.5498046875,4753.5,804300
2017-11-07,4723.89990234375,4789.39990234375,4719.85009765625,4786.2001953125,720900
2017-11-08,4713.2998046875,4742.2001953125,4704.35009765625,4722.25,921600
2017-11-09,4751.39990234375,4759.75,4712.0498046875,4742.39990234375,837100
2017-11-10,4775.9501953125,4788.25,4735.39990234375,4755.25,681500
2017-11-13,4742.39990234375,4801.0498046875,4734.39990234375,4791.85009765625,587900
2017-11-14,4745.2001953125,4764.2998046875,4739.39990234375,4752.35009765625,529400
2017-11-15,4710.25,4743.2001953125,4693.35009765625,4734.4501953125,676200
2017-11-16,4745.2998046875,4749.64990234375,4706.14990234375,4719.0,639400
2017-11-17,4771.39990234375,4796.39990234375,4765.39990234375,4777.2998046875,718100
2017-11-20,4785.5,4790.39990234375,4761.0498046875,4777.10009765625,757200
2017-11-21,4808.4501953125,4820.64990234375,4796.85009765625,4801.75,790200
2017-11-22,4826.39990234375,4835.7001953125,4806.4501953125,4823.0,648300
2017-11-23,4815.0498046875,4840.9501953125,4796.35009765625,4840.60009765625,625000
2017-11-24,4843.25,4850.5,4822.0,4827.85009765625,538700
2017-11-27,4851.5,4855.14990234375,4818.7001953125,4837.10009765625,554900
2017-11-28,4862.0,4875.9501953125,4842.89990234375,4853.64990234375,651300
2017-11-29,4860.2998046875,4877.75,4852.89990234375,4872.64990234375,523700
2017-11-30,4826.64990234375,4854.35009765625,4821.2001953125,4846.9501953125,1213200
2017-12-01,4781.39990234375,4853.0,4773.0,4845.89990234375,464400
2017-12-04,4781.5498046875,4803.60009765625,4757.4501953125,4803.39990234375,333300
2017-12-05,4772.5,4787.14990234375,4747.4501953125,4786.85009765625,385900
2017-12-06,4754.35009765625,4770.5,4746.14990234375,4764.0498046875,471500
2017-12-07,4857.4501953125,4867.75,4760.9501953125,4761.4501953125,553200
2017-12-08,4909.35009765625,4914.39990234375,4869.7998046875,4873.4501953125,676000
2017-12-11,4942.64990234375,4945.85009765625,4925.64990234375,4935.64990234375,591600
2017-12-12,4898.89990234375,4942.85009765625,4890.5,4940.9501953125,433800
2017-12-13,4871.0498046875,4926.10009765625,4855.2998046875,4900.4501953125,492100
2017-12-14,4894.10009765625,4907.10009765625,4850.2001953125,4887.9501953125,464100
2017-12-15,4927.5498046875,4949.0,4917.4501953125,4930.9501953125,509400
2017-12-18,4975.64990234375,4997.5,4828.5,4905.7998046875,550700
2017-12-19,5074.7001953125,5081.89990234375,4990.4501953125,4994.0,540700
2017-12-20,5067.7001953125,5092.0498046875,5062.60009765625,5090.14990234375,555400
2017-12-21,5049.35009765625,5081.39990234375,5041.7001953125,5081.2998046875,695300
2017-12-22,5065.5,5083.5498046875,5050.5,5059.75,655300
2017-12-26,5082.2001953125,5086.5,5054.39990234375,5077.0498046875,546600
2017-12-27,5068.89990234375,5099.9501953125,5054.7998046875,5092.25,482800
2017-12-28,5061.2001953125,5091.39990234375,5054.35009765625,5078.85009765625,808100
2017-12-29,5104.39990234375,5108.60009765625,5067.0,5073.7001953125,691000
2018-01-01,5069.75,5120.35009765625,5061.89990234375,5113.5498046875,781900
2018-01-02,5044.35009765625,5099.35009765625,5028.2001953125,5095.64990234375,797400
2018-01-03,5053.5,5078.2998046875,5046.14990234375,5065.4501953125,726300
2018-01-04,5080.35009765625,5083.7001953125,5050.60009765625,5066.60009765625,581200
2018-01-05,5138.75,5141.35009765625,5090.14990234375,5097.4501953125,1346400
2018-01-08,5140.7998046875,5145.89990234375,5126.2998046875,5143.39990234375,938300
2018-01-09,5124.39990234375,5153.5498046875,5111.4501953125,5149.25,946400
2018-01-10,5102.35009765625,5138.0498046875,5095.25,5136.2998046875,723500
2018-01-11,5115.7998046875,5119.35009765625,5090.39990234375,5104.0,555900
2018-01-12,5109.89990234375,5134.10009765625,5071.10009765625,5128.5498046875,763900
2018-01-15,5098.14990234375,5132.64990234375,5093.35009765625,5122.10009765625,529300
2018-01-16,5049.7001953125,5120.39990234375,5038.75,5111.35009765625,683800
2018-01-17,5052.60009765625,5060.25,4997.2998046875,5051.0,746500
2018-01-18,5056.7001953125,5103.39990234375,5033.85009765625,5089.5498046875,820200
2018-01-19,5076.2001953125,5082.5498046875,5034.7001953125,5052.7998046875,680100
2018-01-22,5086.39990234375,5094.7001953125,5062.25,5077.5,460000
2018-01-23,5108.64990234375,5118.60009765625,5086.85009765625,5102.7001953125,694100
2018-01-24,5063.39990234375,5102.39990234375,5039.64990234375,5098.85009765625,1108000
2018-01-25,5020.89990234375,5069.2001953125,5014.2998046875,5067.7998046875,995300
2018-01-29,5048.5498046875,5064.25,5022.14990234375,5032.5498046875,876800
2018-01-30,5032.2001953125,5057.0,5018.5498046875,5046.2001953125,675400
2018-01-31,4986.25,5031.9501953125,4970.2001953125,5025.14990234375,801000
2018-02-01,5017.0498046875,5053.2001953125,4928.14990234375,5001.7001953125,1189000
2018-02-02,4893.39990234375,5000.25,4882.25,4985.14990234375,1045700
2018-02-05,4888.7998046875,4901.0498046875,4797.7998046875,4834.60009765625,782600
2018-02-06,4811.25,4844.75,4701.10009765625,4709.4501953125,850200
2018-02-07,4803.0498046875,4883.0,4792.5498046875,4873.75,642700
2018-02-08,4844.10009765625,4860.2998046875,4808.2998046875,4828.9501953125,579500
2018-02-09,4818.89990234375,4833.10009765625,4770.89990234375,4777.9501953125,533100
2018-02-12,4864.39990234375,4870.9501953125,4845.60009765625,4862.64990234375,560300
2018-02-14,4857.14990234375,4888.0,4840.60009765625,4886.9501953125,640700
2018-02-15,4850.5,4873.60009765625,4841.7998046875,4873.60009765625,497300
2018-02-16,4807.2998046875,4879.64990234375,4799.9501953125,4878.89990234375,446700
2018-02-19,4762.4501953125,4817.5498046875,4733.7001953125,4816.14990234375,435200
2018-02-20,4772.7998046875,4790.7998046875,4749.5498046875,4766.4501953125,506200
2018-02-21,4779.25,4800.2998046875,4761.5,4800.2998046875,493500
2018-02-22,4752.2998046875,4771.2001953125,4746.10009765625,4769.9501953125,784900
2018-02-23,4783.60009765625,4786.9501953125,4754.5498046875,4767.75,480800
2018-02-26,4826.75,4832.0498046875,4798.2001953125,4802.2998046875,498900
2018-02-27,4841.9501953125,4860.89990234375,4833.7001953125,4853.85009765625,547900
2018-02-28,4805.60009765625,4825.2998046875,4795.2998046875,4814.4501953125,1074200
2018-03-01,4801.0498046875,4824.7001953125,4795.5,4808.60009765625,554900
2018-03-05,4753.5,4792.0,4744.0498046875,4792.0,464600
2018-03-06,4703.60009765625,4780.85009765625,4690.5,4774.60009765625,472900
2018-03-07,4694.35009765625,4723.75,4680.7998046875,4703.14990234375,659100
2018-03-08,4708.7001953125,4733.0498046875,4681.4501953125,4720.0498046875,731100
2018-03-09,4714.10009765625,4748.39990234375,4706.7998046875,4724.5,428600
2018-03-12,4793.85009765625,4800.10009765625,4741.89990234375,4751.10009765625,614300
2018-03-13,4800.4501953125,4814.7001953125,4772.85009765625,4793.25,571500
2018-03-14,4787.14990234375,4795.2998046875,4762.5498046875,4787.39990234375,434100
2018-03-15,4783.4501953125,4807.35009765625,4776.5498046875,4786.89990234375,409500
2018-03-16,4731.75,4789.7001953125,4722.7998046875,4789.7001953125,893400
2018-03-19,4693.2001953125,4750.85009765625,4686.85009765625,4744.35009765625,557200
2018-03-20,4714.25,4720.89990234375,4673.39990234375,4680.85009765625,553400
2018-03-21,4730.35009765625,4755.9501953125,4724.7001953125,4731.35009765625,595100
2018-03-22,4701.35009765625,4746.75,4695.64990234375,4729.75,479100
2018-03-23,4686.10009765625,4694.60009765625,4638.64990234375,4651.60009765625,624600
2018-03-26,4757.39990234375,4762.39990234375,4670.5498046875,4683.60009765625,591900
2018-03-27,4771.75,4782.25,4751.64990234375,4780.7001953125,499100
2018-03-28,4739.75,4771.7998046875,4729.85009765625,4753.0,932000
2018-04-02,4812.9501953125,4818.9501953125,4743.75,4754.7998046875,430800
2018-04-03,4833.39990234375,4837.4501953125,4794.9501953125,4800.9501953125,435900
2018-04-04,4796.2001953125,4856.64990234375,4785.5,4849.7998046875,481600
2018-04-05,4860.60009765625,4862.85009765625,4831.89990234375,4834.4501953125,507500
2018-04-06,4868.4501953125,4874.2998046875,4838.75,4869.0498046875,478600
2018-04-09,4904.75,4908.60009765625,4867.35009765625,4870.39990234375,585300
2018-04-10,4893.64990234375,4917.0498046875,4874.10009765625,4914.2001953125,638500
2018-04-11,4911.7998046875,4915.7001953125,4872.0498046875,4906.60009765625,479900
2018-04-12,4900.64990234375,4917.89990234375,4888.85009765625,4911.0498046875,470700
2018-04-13,4899.4501953125,4927.2001953125,4885.0,4924.89990234375,523600
2018-04-16,4941.2998046875,4946.60009765625,4884.85009765625,4885.89990234375,388100
2018-04-17,4965.9501953125,4970.5498046875,4942.89990234375,4961.5,708200
2018-04-18,4985.25,5012.5,4973.10009765625,4983.60009765625,967200
2018-04-19,4997.60009765625,5009.7001953125,4987.39990234375,5004.14990234375,603400
2018-04-20,4989.64990234375,4996.10009765625,4963.64990234375,4982.35009765625,515100
2018-04-23,5005.64990234375,5018.9501953125,4985.2001953125,4997.10009765625,480400
2018-04-24,5019.75,5036.25,4996.39990234375,5019.0,516200
2018-04-25,5021.39990234375,5035.60009765625,5004.85009765625,5026.75,626000
2018-04-26,5034.14990234375,5043.0,5009.2001953125,5035.2001953125,980600
2018-04-27,5045.7001953125,5071.4501953125,5038.85009765625,5048.5498046875,508900
2018-04-30,5093.75,5098.14990234375,5056.0,5056.60009765625,453800
2018-05-02,5059.7001953125,5125.9501953125,5049.2001953125,5124.5498046875,722400
2018-05-03,5011.35009765625,5057.25,4996.7998046875,5056.0498046875,652900
2018-05-04,4971.9501953125,5028.7001953125,4967.60009765625,5028.4501953125,784300
2018-05-07,5035.60009765625,5039.25,4982.14990234375,4994.10009765625,527400
2018-05-08,5020.60009765625,5050.25,5011.5498046875,5050.25,500900
2018-05-09,5003.10009765625,5020.85009765625,5000.5,5014.75,465200
2018-05-10,4974.10009765625,5028.75,4967.5,5012.5498046875,598100
2018-05-11,4989.5498046875,4992.39990234375,4962.10009765625,4987.35009765625,1404100
2018-05-14,4973.75,5004.39990234375,4967.0498046875,5004.10009765625,926400
2018-05-15,4977.7998046875,5015.64990234375,4957.4501953125,4985.75,710300
2018-05-16,5010.4501953125,5018.2998046875,4936.0,4960.14990234375,758200
2018-05-17,4978.39990234375,5027.39990234375,4969.9501953125,5022.85009765625,722000
2018-05-18,4968.85009765625,4987.2001953125,4953.35009765625,4976.25,764700
2018-05-21,4912.2001953125,4973.25,4900.14990234375,4971.7001953125,490300
2018-05-22,4937.7998046875,4942.39990234375,4887.0498046875,4901.64990234375,512600
2018-05-23,4916.9501953125,4938.2998046875,4911.14990234375,4933.85009765625,451300
2018-05-24,4929.9501953125,4941.5,4901.0,4928.0498046875,505000
2018-05-25,4990.9501953125,5000.60009765625,4928.7998046875,4938.85009765625,727700
2018-05-28,5031.4501953125,5040.14990234375,5005.39990234375,5017.10009765625,511500
2018-05-29,5036.10009765625,5057.64990234375,5017.60009765625,5034.39990234375,604000
2018-05-30,5033.7998046875,5038.25,5008.2001953125,5023.4501953125,597500
2018-05-31,5042.2998046875,5056.25,5022.2998046875,5053.64990234375,1023200
2018-06-01,5045.35009765625,5074.25,5041.5,5057.10009765625,518800
2018-06-04,5012.0498046875,5065.64990234375,5006.4501953125,5063.9501953125,456700
2018-06-05,4973.64990234375,5013.64990234375,4962.0,5009.7001953125,788700
2018-06-06,5026.2001953125,5034.2001953125,4972.64990234375,4974.60009765625,620400
2018-06-07,5073.2001953125,5079.7001953125,5041.64990234375,5042.14990234375,503300
2018-06-08,5067.89990234375,5071.75,5048.9501953125,5064.39990234375,542500
2018-06-11,5093.64990234375,5115.75,5074.10009765625,5078.89990234375,544200
2018-06-12,5117.60009765625,5122.35009765625,5091.0,5102.5,477500
2018-06-13,5103.85009765625,5132.0,5099.0,5124.7001953125,584000
2018-06-14,5097.14990234375,5111.0498046875,5073.75,5094.35009765625,430800
2018-06-15,5083.0,5100.7001953125,5050.60009765625,5097.10009765625,726400
2018-06-18,5073.9501953125,5102.60009765625,5066.7998046875,5095.0,459400
2018-06-19,5030.2998046875,5067.2001953125,5023.2001953125,5066.14990234375,420400
2018-06-20,5034.39990234375,5059.0498046875,5027.5,5040.5498046875,466000
2018-06-21,4994.7001953125,5049.2998046875,4987.75,5043.4501953125,461800
2018-06-22,5041.5498046875,5046.9501953125,4982.64990234375,4996.9501953125,534100
2018-06-25,5011.14990234375,5047.75,5005.7001953125,5046.2998046875,686700
2018-06-26,5045.25,5066.75,5003.2998046875,5007.5,667500
2018-06-27,5004.39990234375,5057.5498046875,4993.14990234375,5055.75,613300
2018-06-28,4969.0498046875,5008.0,4959.39990234375,4998.39990234375,813100
2018-06-29,5031.4501953125,5034.60009765625,4975.60009765625,4976.0,595100
2018-07-02,5006.60009765625,5055.60009765625,4989.2001953125,5047.2998046875,622200
2018-07-03,5039.89990234375,5048.0,4996.2001953125,5019.2001953125,489700
2018-07-04,5078.5,5082.14990234375,5016.39990234375,5046.35009765625,431700
2018-07-05,5092.4501953125,5104.9501953125,5054.60009765625,5075.39990234375,702400
2018-07-06,5107.85009765625,5130.7998046875,5070.60009765625,5090.39990234375,653000
2018-07-09,5142.4501953125,5150.89990234375,5122.4501953125,5139.0,474800
2018-07-10,5169.39990234375,5173.35009765625,5145.7998046875,5160.2998046875,547300
2018-07-11,5155.85009765625,5184.5498046875,5147.7001953125,5165.75,596000
2018-07-12,5141.5498046875,5183.14990234375,5129.14990234375,5179.39990234375,590700
2018-07-13,5129.60009765625,5164.2998046875,5110.64990234375,5158.7998046875,729500
2018-07-16,5090.14990234375,5144.14990234375,5084.5498046875,5130.14990234375,634100
2018-07-17,5098.14990234375,5111.7998046875,5076.9501953125,5099.60009765625,725500
2018-07-18,5063.89990234375,5123.64990234375,5044.4501953125,5119.25,799500
2018-07-19,5084.75,5097.39990234375,5059.2001953125,5075.0498046875,502000
2018-07-20,5052.7001953125,5090.7001953125,5043.10009765625,5086.35009765625,488300
2018-07-23,5114.89990234375,5119.75,5071.10009765625,5086.0498046875,797200
2018-07-24,5137.0498046875,5160.5,5114.0,5130.85009765625,1438100
2018-07-25,5112.85009765625,5145.2998046875,5105.60009765625,5145.0,695500
2018-07-26,5098.25,5140.64990234375,5077.25,5123.14990234375,978900
2018-07-27,5148.60009765625,5163.0,5124.75,5135.89990234375,1640100
2018-07-30,5194.0,5198.14990234375,5142.60009765625,5155.85009765625,817900
2018-07-31,5248.25,5252.89990234375,5175.89990234375,5193.75,1164400
2018-08-01,5235.2998046875,5276.7998046875,5212.75,5261.89990234375,850900
2018-08-02,5194.5498046875,5232.25,5185.7998046875,5231.85009765625,683100
2018-08-03,5231.4501953125,5235.9501953125,5202.5,5210.64990234375,661000
2018-08-06,5236.5498046875,5256.7998046875,5229.4501953125,5249.25,551600
2018-08-07,5248.89990234375,5261.7998046875,5231.5498046875,5252.5498046875,602700
2018-08-08,5256.64990234375,5271.35009765625,5241.2998046875,5261.5,479400
2018-08-09,5247.5,5267.64990234375,5227.75,5267.64990234375,577200
2018-08-10,5248.4501953125,5269.10009765625,5238.7998046875,5249.89990234375,549000
2018-08-13,5239.5,5276.64990234375,5212.75,5229.5,604400
2018-08-14,5265.0,5280.25,5250.25,5255.0498046875,544300
2018-08-16,5270.25,5287.89990234375,5247.35009765625,5258.10009765625,621600
2018-08-17,5326.9501953125,5330.35009765625,5284.60009765625,5288.14990234375,789000
2018-08-20,5353.64990234375,5363.64990234375,5337.2998046875,5345.75,843200
2018-08-21,5344.35009765625,5369.5498046875,5340.64990234375,5362.5498046875,747000
2018-08-23,5376.25,5383.25,5355.64990234375,5371.9501953125,703500
2018-08-24,5345.9501953125,5376.5498046875,5335.35009765625,5375.7001953125,544500
2018-08-27,5388.85009765625,5396.2001953125,5365.0498046875,5369.39990234375,565700
2018-08-28,5390.60009765625,5409.2998046875,5385.5498046875,5403.25,567400
2018-08-29,5373.9501953125,5399.2001953125,5369.64990234375,5395.9501953125,785400
2018-08-30,5386.5498046875,5397.10009765625,5372.64990234375,5377.0498046875,1299200
2018-08-31,5379.2998046875,5413.39990234375,5355.35009765625,5396.5498046875,1439000
2018-09-03,5309.2998046875,5416.4501953125,5293.39990234375,5416.4501953125,980600
2018-09-04,5189.4501953125,5311.39990234375,5176.14990234375,5310.60009765625,882800
2018-09-05,5141.4501953125,5190.0498046875,5090.2001953125,5178.2998046875,916400
2018-09-06,5129.7998046875,5163.89990234375,5104.25,5163.89990234375,954200
2018-09-07,5215.64990234375,5219.39990234375,5123.39990234375,5152.0498046875,785900
2018-09-10,5123.2001953125,5210.5498046875,5118.39990234375,5209.75,706700
2018-09-11,5042.25,5142.85009765625,5034.85009765625,5136.35009765625,1016900
2018-09-12,5086.5498046875,5094.5498046875,5026.5498046875,5059.2001953125,914200
2018-09-14,5147.25,5151.9501953125,5109.25,5118.7998046875,690500
2018-09-17,5097.39990234375,5123.5498046875,5087.89990234375,5123.5498046875,551400
2018-09-18,5082.5,5145.2001953125,5074.5498046875,5101.85009765625,621600
2018-09-19,5038.64990234375,5106.9501953125,5020.2998046875,5100.5,624200
2018-09-21,5017.9501953125,5082.2998046875,4834.2001953125,5058.64990234375,1405700
2018-09-24,4869.25,5026.14990234375,4835.7998046875,5021.4501953125,855400
2018-09-25,4922.0,4930.39990234375,4801.2998046875,4868.60009765625,876100
2018-09-26,4896.60009765625,4965.4501953125,4881.14990234375,4962.35009765625,785900
2018-09-27,4862.2001953125,4908.25,4847.2001953125,4903.10009765625,935200
2018-09-28,4793.2001953125,4889.25,4739.7998046875,4881.14990234375,1130500
2018-10-01,4805.60009765625,4814.0498046875,4730.5498046875,4797.89990234375,797700
2018-10-03,4694.39990234375,4795.10009765625,4684.4501953125,4795.10009765625,899600
2018-10-04,4597.14990234375,4652.75,4568.4501953125,4641.5,910600
2018-10-05,4483.2998046875,4575.14990234375,4457.89990234375,4568.10009765625,1102800
2018-10-08,4486.60009765625,4510.7001953125,4418.64990234375,4480.25,902200
2018-10-09,4405.85009765625,4508.0498046875,4384.64990234375,4501.9501953125,919300
2018-10-10,4517.2998046875,4527.35009765625,4419.2001953125,4420.60009765625,1101800
2018-10-11,4449.2001953125,4489.89990234375,4369.9501953125,4405.5498046875,849100
2018-10-12,4596.75,4605.2001953125,4495.75,4498.14990234375,1091400
2018-10-15,4573.64990234375,4612.35009765625,4532.9501953125,4610.9501953125,768100
2018-10-16,4614.39990234375,4622.35009765625,4581.5498046875,4591.64990234375,639700
2018-10-17,4560.4501953125,4663.9501953125,4546.0498046875,4656.5,775700
2018-10-19,4523.10009765625,4565.25,4496.9501953125,4538.10009765625,677800
2018-10-22,4508.89990234375,4559.25,4497.35009765625,4556.2001953125,765600
2018-10-23,4465.75,4493.5498046875,4435.89990234375,4464.10009765625,756800
2018-10-24,4505.60009765625,4524.5,4449.14990234375,4510.10009765625,780800
2018-10-25,4476.25,4493.75,4447.5,4463.0,954900
2018-10-26,4461.35009765625,4500.7998046875,4419.14990234375,4479.7998046875,803900
2018-10-29,4531.5,4536.7001953125,4456.64990234375,4471.75,1041000
2018-10-30,4539.2998046875,4554.89990234375,4514.0498046875,4532.2998046875,766700
2018-10-31,4592.14990234375,4597.4501953125,4475.0498046875,4555.2998046875,869100
2018-11-01,4587.14990234375,4619.0,4569.2001953125,4608.7001953125,731100
2018-11-02,4695.2998046875,4721.39990234375,4626.4501953125,4627.14990234375,787000
2018-11-05,4687.35009765625,4705.7001953125,4661.7001953125,4698.0498046875,615200
2018-11-06,4663.14990234375,4713.39990234375,4644.39990234375,4705.2998046875,537000
2018-11-07,4697.14990234375,4704.14990234375,4690.60009765625,4703.89990234375,4000
2018-11-09,4730.5498046875,4750.5498046875,4678.64990234375,4699.5,721200
2018-11-12,4680.0,4758.85009765625,4669.0,4740.75,609400
2018-11-13,4708.0,4713.64990234375,4653.64990234375,4666.85009765625,610500
2018-11-14,4751.10009765625,4790.25,4726.64990234375,4734.2998046875,905700
2018-11-15,4762.75,4777.4501953125,4740.5,4764.2001953125,1158000
2018-11-16,4796.60009765625,4804.7001953125,4766.85009765625,4769.9501953125,1684300
2018-11-19,4841.14990234375,4850.2001953125,4783.2001953125,4812.89990234375,1274600
2018-11-20,4807.2001953125,4844.14990234375,4799.39990234375,4836.5498046875,898100
2018-11-21,4812.5,4836.2001953125,4793.5498046875,4819.10009765625,927200
2018-11-22,4774.39990234375,4818.10009765625,4766.25,4808.7001953125,1010100
2018-11-26,4865.0,4871.0,4783.25,4792.35009765625,975000
2018-11-27,4850.7998046875,4860.9501953125,4821.2001953125,4860.2998046875,748000
2018-11-28,4827.4501953125,4889.75,4823.0,4863.85009765625,742800
2018-11-29,4890.7001953125,4900.39990234375,4852.0498046875,4865.10009765625,1017000
2018-11-30,4923.0498046875,4944.10009765625,4895.7998046875,4905.5,1202900
2018-12-03,4940.5498046875,4957.7998046875,4909.64990234375,4949.89990234375,1076100
2018-12-04,4908.39990234375,4954.60009765625,4900.5498046875,4943.5498046875,779100
2018-12-05,4869.2001953125,4894.89990234375,4854.10009765625,4893.85009765625,801200
2018-12-06,4772.9501953125,4841.39990234375,4767.7998046875,4841.39990234375,822600
2018-12-07,4825.5,4830.4501953125,4792.25,4799.7001953125,707700
2018-12-10,4753.10009765625,4784.0,4737.10009765625,4746.39990234375,504100
2018-12-11,4806.7001953125,4826.4501953125,4695.2998046875,4704.7001953125,871900
2018-12-12,4923.85009765625,4931.10009765625,4816.60009765625,4822.10009765625,890200
2018-12-13,4970.0498046875,4986.7001953125,4942.9501953125,4944.85009765625,904100
2018-12-14,4992.39990234375,4998.39990234375,4953.2998046875,4962.39990234375,1155800
2018-12-17,5008.60009765625,5016.5498046875,4987.2001953125,5003.75,700600
2018-12-18,5022.35009765625,5029.0498046875,4984.60009765625,5000.5498046875,816600
2018-12-19,5085.25,5092.60009765625,5041.75,5043.60009765625,932700
2018-12-20,5070.5498046875,5092.39990234375,5045.39990234375,5051.39990234375,660400
2018-12-21,4966.25,5089.89990234375,4958.5498046875,5081.9501953125,999000
2018-12-24,4907.0498046875,4979.0,4898.5,4978.2001953125,638700
2018-12-26,4930.39990234375,4940.60009765625,4841.64990234375,4891.85009765625,797700
2018-12-27,4955.35009765625,4971.0498046875,4941.0,4964.75,847300
2018-12-28,4992.5498046875,5003.25,4967.5,4971.0,722900
2018-12-31,4988.85009765625,5025.4501953125,4983.0,5015.14990234375,483900
2019-01-01,4966.5498046875,4999.5498046875,4945.7001953125,4997.5498046875,402800
2019-01-02,4900.2001953125,4958.7998046875,4883.0498046875,4954.64990234375,692600
2019-01-03,4882.10009765625,4938.89990234375,4875.14990234375,4901.5,805300
2019-01-04,4886.85009765625,4913.0498046875,4868.64990234375,4893.39990234375,671300
2019-01-07,4902.14990234375,4935.89990234375,4890.85009765625,4925.5498046875,540300
2019-01-08,4897.64990234375,4919.5,4887.85009765625,4904.75,574000
2019-01-09,4923.7001953125,4931.2001953125,4889.5498046875,4918.75,627700
2019-01-10,4927.5,4939.60009765625,4920.35009765625,4925.60009765625,540000
2019-01-11,4918.5,4938.7001953125,4898.14990234375,4935.9501953125,529700
2019-01-14,4902.0,4906.9501953125,4865.85009765625,4906.9501953125,457200
2019-01-15,4938.2001953125,4941.9501953125,4911.9501953125,4912.10009765625,559900
2019-01-16,4913.2001953125,4951.10009765625,4908.39990234375,4942.10009765625,683800
2019-01-17,4908.9501953125,4931.7001953125,4888.9501953125,4919.89990234375,678000
2019-01-18,4878.64990234375,4920.9501953125,4863.14990234375,4912.5498046875,935900
2019-01-21,4853.7998046875,4896.89990234375,4844.89990234375,4884.85009765625,908600
2019-01-22,4839.85009765625,4850.2001953125,4798.75,4849.85009765625,998000
2019-01-23,4800.75,4861.9501953125,4791.4501953125,4856.85009765625,1127600
2019-01-24,4805.89990234375,4825.35009765625,4794.9501953125,4812.14990234375,1114400
2019-01-25,4694.7001953125,4832.39990234375,4682.75,4815.39990234375,1490500
2019-01-28,4663.25,4713.5,4641.2998046875,4707.9501953125,2035700
2019-01-29,4686.2001953125,4697.5498046875,4632.7001953125,4653.2998046875,1179200
2019-01-30,4663.39990234375,4703.35009765625,4642.7998046875,4698.0498046875,819000
2019-01-31,4715.7998046875,4720.4501953125,4656.2001953125,4675.0498046875,1287500
2019-02-01,4804.89990234375,4866.14990234375,4728.60009765625,4733.2001953125,1227700
2019-02-04,4785.5,4809.7998046875,4763.10009765625,4806.75,1035400
2019-02-05,4811.0498046875,4823.2998046875,4776.89990234375,4780.14990234375,1017300
2019-02-06,4860.7998046875,4870.7998046875,4815.0498046875,4827.4501953125,1775600
2019-02-07,4906.75,4914.14990234375,4861.39990234375,4866.2001953125,2408000
2019-02-08,4832.25,4908.0498046875,4824.10009765625,4890.64990234375,1558800
2019-02-11,4794.25,4826.2001953125,4761.4501953125,4826.2001953125,1181000
2019-02-12,4774.35009765625,4806.39990234375,4768.2998046875,4800.35009765625,1053900
2019-02-14,4725.9501953125,4737.9501953125,4715.64990234375,4730.7998046875,1018500
2019-02-15,4677.7001953125,4735.2001953125,4640.75,4732.7998046875,1312900
2019-02-18,4633.4501953125,4681.10009765625,4601.60009765625,4679.5498046875,1342700
2019-02-19,4632.85009765625,4684.10009765625,4628.7001953125,4634.9501953125,1161900
2019-02-20,4656.5,4661.89990234375,4630.89990234375,4652.5,941400
2019-02-21,4677.7001953125,4683.35009765625,4643.4501953125,4662.5,968600
2019-02-22,4708.35009765625,4711.14990234375,4675.35009765625,4682.7001953125,1036100
2019-02-25,4724.0498046875,4728.2001953125,4699.7001953125,4717.7001953125,1014900
2019-02-26,4716.2001953125,4741.75,4664.5498046875,4697.89990234375,1107300
2019-02-27,4715.75,4781.5,4690.14990234375,4737.9501953125,957600
2019-02-28,4707.7998046875,4750.5498046875,4701.64990234375,4750.4501953125,1688300
2019-03-01,4727.35009765625,4735.39990234375,4709.0,4725.5,1325600
2019-03-05,4783.60009765625,4789.0498046875,4714.89990234375,4731.85009765625,1222400
2019-03-06,4785.39990234375,4812.10009765625,4772.7998046875,4802.2998046875,1617300
2019-03-07,4787.35009765625,4808.0498046875,4780.7998046875,4805.14990234375,1481000
2019-03-08,4786.64990234375,4802.2998046875,4776.4501953125,4784.9501953125,955600
2019-03-11,4883.2001953125,4888.0,4801.10009765625,4806.5498046875,1335200
2019-03-12,4933.0,4948.89990234375,4905.5,4907.89990234375,1434700
2019-03-13,4905.9501953125,4947.35009765625,4899.2001953125,4943.35009765625,1220800
2019-03-14,4903.14990234375,4915.5,4878.9501953125,4915.0498046875,788100
2019-03-15,4873.5498046875,4915.7998046875,4863.60009765625,4914.25,1312000
2019-03-18,4862.60009765625,4898.0,4844.5,4892.2998046875,835600
2019-03-19,4874.39990234375,4878.75,4844.60009765625,4870.2001953125,952700
2019-03-20,4840.9501953125,4885.2001953125,4834.7998046875,4881.9501953125,1936900
2019-03-22,4821.0,4869.4501953125,4809.2998046875,4844.0,1121200
2019-03-25,4766.2998046875,4799.5498046875,4750.89990234375,4799.5498046875,1163200
2019-03-26,4800.60009765625,4806.75,4763.7001953125,4777.35009765625,1010300
2019-03-27,4773.4501953125,4828.25,4767.14990234375,4820.7998046875,1150200
2019-03-28,4817.4501953125,4828.5498046875,4773.5498046875,4782.2001953125,2226900
2019-04-01,4849.9501953125,4900.2001953125,4844.0498046875,4876.2998046875,1079200
2019-04-02,4846.2001953125,4865.10009765625,4828.39990234375,4859.0,1706000
2019-04-03,4826.75,4871.0,4822.64990234375,4859.89990234375,1399700
2019-04-04,4850.14990234375,4857.25,4828.35009765625,4841.60009765625,1921300
2019-04-05,4837.4501953125,4867.85009765625,4829.39990234375,4865.75,2199700
2019-04-08,4830.4501953125,4856.35009765625,4809.7001953125,4849.5498046875,1590900
2019-04-09,4842.5498046875,4848.5498046875,4800.5498046875,4831.7998046875,1160600
2019-04-10,4826.0498046875,4852.0,4819.89990234375,4848.0498046875,1212900
2019-04-11,4849.35009765625,4855.2001953125,4826.7001953125,4832.0498046875,1203200
2019-04-12,4891.14990234375,4894.9501953125,4852.4501953125,4855.60009765625,1185000
2019-04-15,4907.9501953125,4916.5498046875,4887.7001953125,4908.9501953125,1336100
2019-04-16,4953.10009765625,4963.39990234375,4920.89990234375,4926.10009765625,1824500
2019-04-18,4933.64990234375,4972.4501953125,4923.64990234375,4966.7001953125,1494200
2019-04-22,4884.7998046875,4923.0,4879.75,4921.25,1140900
2019-04-23,4857.7998046875,4911.10009765625,4852.64990234375,4894.25,1018500
2019-04-24,4889.85009765625,4894.35009765625,4847.39990234375,4865.14990234375,1141900
2019-04-25,4861.7998046875,4902.25,4855.2001953125,4897.9501953125,1617500
2019-04-26,4840.5,4876.2998046875,4822.5498046875,4866.0498046875,824700
2019-04-30,4813.75,4841.64990234375,4791.7998046875,4829.5,1080800
2019-05-02,4781.0,4825.75,4776.10009765625,4807.5498046875,1482300
2019-05-03,4767.25,4802.0,4761.85009765625,4780.25,962700
2019-05-06,4710.39990234375,4744.89990234375,4702.2001953125,4742.89990234375,1079500
2019-05-07,4689.60009765625,4752.0,4685.25,4745.75,1428700
2019-05-08,4641.5498046875,4689.7998046875,4637.0498046875,4682.5498046875,3737300
2019-05-09,4648.0498046875,4665.89990234375,4628.0498046875,4633.14990234375,2512500
2019-05-10,4654.0,4669.4501953125,4620.39990234375,4641.64990234375,3008100
2019-05-13,4604.60009765625,4659.60009765625,4592.85009765625,4645.5,2857600
2019-05-14,4630.35009765625,4652.9501953125,4572.5498046875,4598.2998046875,3262100
2019-05-15,4595.85009765625,4647.25,4587.39990234375,4645.39990234375,2495600
2019-05-16,4591.7998046875,4604.7001953125,4564.14990234375,4603.89990234375,2243200
2019-05-17,4700.2001953125,4710.2998046875,4593.60009765625,4593.89990234375,2649700
2019-05-20,4839.89990234375,4847.35009765625,4759.64990234375,4790.7998046875,2294300
2019-05-21,4790.85009765625,4867.5,4779.10009765625,4853.35009765625,1662700
2019-05-22,4789.7001953125,4797.7001953125,4755.60009765625,4794.35009765625,2039500
2019-05-23,4767.85009765625,4867.4501953125,4751.85009765625,4851.10009765625,2375800
2019-05-24,4849.25,4856.4501953125,4770.10009765625,4793.7998046875,1886000
2019-05-27,4853.7001953125,4862.2001953125,4825.60009765625,4848.64990234375,1670200
2019-05-28,4838.25,4867.7001953125,4832.2998046875,4867.5498046875,2902900
2019-05-29,4801.39990234375,4832.7001953125,4790.4501953125,4832.60009765625,1110100
2019-05-30,4804.5498046875,4815.9501953125,4793.7998046875,4801.7998046875,3582900
2019-05-31,4809.4501953125,4860.0,4794.0498046875,4821.64990234375,2550900
2019-06-03,4911.5498046875,4916.7001953125,4825.25,4828.14990234375,1462000
2019-06-04,4872.2998046875,4910.14990234375,4866.9501953125,4900.85009765625,1384100
2019-06-06,4846.39990234375,4888.75,4834.4501953125,4887.5,1634800
2019-06-07,4847.64990234375,4857.2001953125,4801.25,4852.4501953125,1248600
2019-06-10,4883.85009765625,4897.5498046875,4861.9501953125,4868.9501953125,1665900
2019-06-11,4888.4501953125,4896.60009765625,4870.2001953125,4896.60009765625,1614700
2019-06-12,4865.0498046875,4886.5498046875,4850.39990234375,4885.14990234375,930900
2019-06-13,4865.35009765625,4869.89990234375,4834.35009765625,4857.2001953125,1010700
2019-06-14,4805.5,4863.7001953125,4796.7001953125,4860.35009765625,1159000
2019-06-17,4741.39990234375,4816.10009765625,4734.60009765625,4815.85009765625,1219000
2019-06-18,4721.7001953125,4758.2998046875,4701.10009765625,4744.89990234375,1368400
2019-06-19,4700.85009765625,4756.0,4676.5,4743.10009765625,1830100
2019-06-20,4761.9501953125,4768.60009765625,4670.2001953125,4688.4501953125,1564600
2019-06-21,4719.0498046875,4757.85009765625,4713.75,4749.5498046875,2001500
2019-06-24,4724.14990234375,4736.14990234375,4708.7998046875,4722.2998046875,1324200
2019-06-25,4743.85009765625,4750.35009765625,4703.75,4719.60009765625,1373400
2019-06-26,4733.9501953125,4754.2998046875,4724.9501953125,4736.0498046875,1825300
2019-06-27,4753.9501953125,4770.85009765625,4741.4501953125,4743.2001953125,3335400
2019-06-28,4755.5,4762.25,4745.10009765625,4759.7001953125,1361400
2019-07-01,4778.0,4787.39990234375,4768.35009765625,4772.5,1320100
2019-07-02,4793.35009765625,4799.89990234375,4765.75,4784.25,1751200
2019-07-03,4807.25,4811.64990234375,4794.10009765625,4807.10009765625,1296200
2019-07-04,4809.9501953125,4816.89990234375,4802.10009765625,4809.60009765625,2208800
2019-07-05,4759.9501953125,4828.14990234375,4747.39990234375,4815.64990234375,1608700
2019-07-08,4664.10009765625,4739.60009765625,4654.5,4734.85009765625,1275700
2019-07-09,4615.10009765625,4646.4501953125,4584.89990234375,4646.39990234375,1222000
2019-07-10,4573.25,4625.75,4565.75,4608.60009765625,1200000
2019-07-11,4613.7001953125,4618.7001953125,4570.75,4585.0498046875,1202300
2019-07-12,4613.10009765625,4639.35009765625,4597.0,4615.0498046875,1157300
2019-07-15,4608.4501953125,4633.75,4596.14990234375,4620.85009765625,853000
2019-07-16,4643.7001953125,4647.0,4590.85009765625,4601.5,884900
2019-07-17,4653.0498046875,4666.39990234375,4634.7001953125,4642.7001953125,1265500
2019-07-18,4600.5,4651.4501953125,4594.4501953125,4649.25,1195100
2019-07-19,4519.2998046875,4623.75,4509.9501953125,4617.25,1728300
2019-07-22,4522.60009765625,4536.14990234375,4485.85009765625,4517.5498046875,1216900
2019-07-23,4536.0,4554.2001953125,4509.0,4531.2998046875,1616200
2019-07-24,4522.35009765625,4546.60009765625,4474.2001953125,4534.10009765625,2289400
2019-07-25,4525.64990234375,4550.35009765625,4516.4501953125,4525.2001953125,2082700
2019-07-26,4569.4501953125,4578.2998046875,4503.7001953125,4517.9501953125,1792400
2019-07-29,4502.10009765625,4557.25,4496.4501953125,4555.2998046875,7552000
2019-07-30,4473.14990234375,4528.2998046875,4466.4501953125,4503.0,4594300
2019-07-31,4488.2001953125,4500.5,4436.5498046875,4467.10009765625,2607500
2019-08-01,4465.35009765625,4486.64990234375,4429.5,4468.85009765625,2355900
2019-08-02,4511.10009765625,4532.25,4432.5498046875,4457.7001953125,2636300
2019-08-05,4489.75,4498.5498046875,4435.2001953125,4481.10009765625,1923200
2019-08-06,4537.64990234375,4555.25,4471.25,4471.4501953125,2462500
2019-08-07,4509.64990234375,4553.0,4499.2998046875,4534.10009765625,2455500
2019-08-08,4577.39990234375,4587.0,4512.7001953125,4514.7001953125,2635800
2019-08-09,4622.7001953125,4634.7001953125,4582.75,4591.2998046875,2269200
2019-08-13,4514.5498046875,4615.39990234375,4508.60009765625,4613.89990234375,2753300
2019-08-14,4561.10009765625,4585.25,4512.10009765625,4529.60009765625,2454100
2019-08-16,4594.0,4598.85009765625,4512.4501953125,4551.89990234375,3389900
2019-08-19,4590.60009765625,4634.5498046875,4581.35009765625,4612.2998046875,2111900
2019-08-20,4600.2998046875,4616.39990234375,4570.7998046875,4597.9501953125,2386400
2019-08-21,4565.14990234375,4608.7998046875,4557.0498046875,4603.4501953125,1805800
2019-08-22,4539.5,4584.85009765625,4532.64990234375,4561.0498046875,2272900
2019-08-23,4570.35009765625,4578.7001953125,4497.5,4532.39990234375,2360700
2019-08-26,4633.2001953125,4642.0498046875,4533.7001953125,4635.10009765625,2614800
2019-08-27,4655.85009765625,4680.5,4641.7998046875,4654.75,2896300
2019-08-28,4621.7998046875,4662.2998046875,4598.0498046875,4649.10009765625,2216800
2019-08-29,4615.4501953125,4640.60009765625,4587.0498046875,4607.0,2362300
2019-08-30,4672.7998046875,4682.60009765625,4597.14990234375,4633.4501953125,2094000
2019-09-03,4574.64990234375,4645.2998046875,4568.0,4638.89990234375,1268800
2019-09-04,4538.60009765625,4599.64990234375,4511.9501953125,4582.0498046875,1237800
2019-09-05,4565.14990234375,4569.60009765625,4536.85009765625,4537.85009765625,1233600
2019-09-06,4604.2998046875,4607.7001953125,4559.64990234375,4581.5498046875,1306000
2019-09-09,4651.35009765625,4655.7001953125,4582.4501953125,4592.35009765625,1212400
2019-09-11,4692.7998046875,4698.0498046875,4651.5498046875,4662.39990234375,1878200
2019-09-12,4645.0,4711.7001953125,4640.7001953125,4706.7998046875,2069800
2019-09-13,4664.0498046875,4668.25,4633.4501953125,4655.35009765625,1493000
2019-09-16,4661.0,4678.60009765625,4621.4501953125,4632.0,1315400
2019-09-17,4597.64990234375,4675.2998046875,4590.5498046875,4670.39990234375,1912200
2019-09-18,4609.5,4629.9501953125,4578.39990234375,4620.5,1675900
2019-09-19,4569.2001953125,4620.60009765625,4557.25,4620.60009765625,4101600
2019-09-20,4874.4501953125,4914.0498046875,4560.7998046875,4588.64990234375,4411800
2019-09-23,5018.5,5107.0498046875,4947.5,4947.5,2722900
2019-09-24,5015.5498046875,5044.35009765625,4978.2001953125,5030.5498046875,2335500
2019-09-25,4918.89990234375,5015.25,4903.2001953125,5011.0,2100200
2019-09-26,4984.2001953125,4988.7001953125,4928.64990234375,4930.85009765625,2069400
2019-09-27,4957.64990234375,4981.64990234375,4941.0498046875,4974.64990234375,1932100
2019-09-30,4956.14990234375,4968.2001953125,4899.64990234375,4965.39990234375,4880400
2019-10-01,4911.89990234375,4989.2998046875,4868.7998046875,4967.2998046875,3273100
2019-10-03,4892.7998046875,4909.25,4866.0498046875,4908.10009765625,2103600
2019-10-04,4825.89990234375,4926.14990234375,4820.14990234375,4915.9501953125,1702200
2019-10-07,4821.5,4843.0,4789.2001953125,4819.9501953125,2097100
2019-10-09,4867.7001953125,4870.4501953125,4791.25,4815.14990234375,3128800
2019-10-10,4860.5498046875,4886.39990234375,4844.14990234375,4862.85009765625,5362200
2019-10-11,4891.75,4901.35009765625,4844.75,4874.5498046875,2052000
2019-10-14,4932.2998046875,4945.0,4891.60009765625,4905.5498046875,2033000
2019-10-15,4982.5498046875,5001.10009765625,4938.64990234375,4944.7998046875,1917300
2019-10-16,4976.14990234375,4994.9501953125,4956.35009765625,4988.60009765625,3733600
2019-10-17,5056.4501953125,5062.60009765625,4968.0,4980.7998046875,2719000
2019-10-18,5087.64990234375,5098.2998046875,5031.75,5044.14990234375,2181900
2019-10-22,5092.2001953125,5141.14990234375,5083.0498046875,5090.60009765625,2157400
2019-10-23,5109.75,5121.89990234375,5076.0498046875,5091.7998046875,2411700
2019-10-24,5108.5,5129.14990234375,5047.4501953125,5123.4501953125,8864800
2019-10-25,5082.25,5132.60009765625,5046.89990234375,5132.0,5330000
2019-10-29,5125.5,5133.2001953125,5054.75,5083.0,4550000
2019-10-30,5154.89990234375,5167.5,5131.89990234375,5167.5,3686200
2019-10-31,5169.75,5181.2001953125,5155.85009765625,5167.7001953125,5140000
2019-11-01,5168.0498046875,5195.0498046875,5152.25,5174.35009765625,9278400
2019-11-04,5132.2998046875,5185.2001953125,5125.7998046875,5178.14990234375,2600900
2019-11-05,5135.0,5140.25,5105.10009765625,5132.64990234375,1919200
2019-11-06,5101.10009765625,5123.4501953125,5093.85009765625,5115.5498046875,2681400
2019-11-07,5123.25,5132.14990234375,5094.75,5130.0,2441400
2019-11-08,5068.5498046875,5126.10009765625,5063.85009765625,5118.35009765625,3142200
2019-11-11,5039.2001953125,5078.2998046875,5029.85009765625,5064.4501953125,1896500
2019-11-13,5026.5,5063.2998046875,5014.9501953125,5048.85009765625,3053500
2019-11-14,5013.0498046875,5030.2001953125,4998.5,5022.39990234375,6642500
2019-11-15,5017.0498046875,5061.7001953125,5010.60009765625,5022.5,9481200
2019-11-18,5002.2001953125,5035.39990234375,4997.25,5025.39990234375,6439900
2019-11-19,4998.39990234375,5033.35009765625,4987.39990234375,5031.39990234375,11410900
2019-11-20,5015.5498046875,5036.2998046875,4989.39990234375,5019.9501953125,19491100
2019-11-21,4984.60009765625,5039.60009765625,4979.5,5032.7998046875,10498200
2019-11-22,4959.25,4988.89990234375,4945.4501953125,4986.4501953125,5863500
2019-11-25,5044.25,5052.7001953125,4961.60009765625,4963.75,6412200
2019-11-26,4992.7001953125,5057.39990234375,4982.64990234375,5045.75,14326100
2019-11-27,5030.25,5036.4501953125,5005.7001953125,5006.2001953125,4732300
2019-11-28,5031.75,5041.85009765625,5012.85009765625,5036.4501953125,6968300
2019-11-29,4994.7998046875,5035.85009765625,4980.10009765625,5034.89990234375,5083600
2019-12-02,5003.10009765625,5029.2001953125,4989.7001953125,5021.25,16074700
2019-12-03,4972.75,5015.14990234375,4955.14990234375,5013.2001953125,8220400
2019-12-04,4979.2998046875,4987.14990234375,4956.10009765625,4968.64990234375,7958300
2019-12-05,4965.60009765625,4988.14990234375,4959.7001953125,4987.39990234375,4502300
2019-12-06,4909.60009765625,4981.10009765625,4903.5,4981.10009765625,6024400
2019-12-09,4908.0498046875,4933.39990234375,4898.89990234375,4928.35009765625,3806700
2019-12-10,4867.2998046875,4916.7998046875,4862.85009765625,4915.7001953125,4784300
2019-12-11,4878.4501953125,4890.0498046875,4856.85009765625,4873.64990234375,3249600
2019-12-12,4897.89990234375,4908.4501953125,4886.0498046875,4891.9501953125,1829700
2019-12-13,4911.75,4921.0498046875,4898.5498046875,4918.25,3380200
2019-12-16,4861.14990234375,4927.2998046875,4856.7001953125,4920.9501953125,2139600
2019-12-17,4893.9501953125,4900.10009765625,4869.85009765625,4878.10009765625,4062400
2019-12-18,4919.75,4923.2998046875,4873.5498046875,4908.5,4246600
2019-12-19,4950.2998046875,4957.7998046875,4915.89990234375,4920.64990234375,2961400
2019-12-20,4966.4501953125,4975.75,4944.0,4952.25,2778000
2019-12-23,4973.2998046875,4984.2998046875,4956.14990234375,4961.75,2241700
2019-12-24,4972.7001953125,4996.60009765625,4966.89990234375,4979.9501953125,1878200
2019-12-26,4948.5498046875,4980.35009765625,4945.35009765625,4975.7998046875,2569700
2019-12-27,4978.0498046875,4983.7998046875,4955.2998046875,4960.9501953125,1974800
2019-12-30,4997.7001953125,5010.25,4982.7001953125,4990.10009765625,2284500
2019-12-31,4956.60009765625,5002.2998046875,4951.7001953125,5000.4501953125,2169800
2020-01-01,4953.35009765625,4976.0498046875,4949.0,4968.85009765625,923500
2020-01-02,4959.7001953125,4968.2001953125,4950.7001953125,4958.7998046875,1440800
2020-01-03,4921.14990234375,4956.89990234375,4907.75,4956.85009765625,1553500
2020-01-06,4846.2001953125,4910.9501953125,4840.10009765625,4908.25,1262500
2020-01-07,4859.5498046875,4899.60009765625,4847.2001953125,4868.60009765625,1409400
2020-01-08,4864.7001953125,4868.9501953125,4815.85009765625,4818.75,3899400
2020-01-09,4936.5,4941.2998046875,4908.14990234375,4916.14990234375,4620700
2020-01-10,4961.60009765625,4965.64990234375,4941.2001953125,4955.2998046875,2048000
2020-01-13,5008.5498046875,5011.64990234375,4974.5,4979.75,2149700
2020-01-14,5053.39990234375,5058.5498046875,5008.14990234375,5014.5498046875,1407200
2020-01-15,5093.39990234375,5099.7001953125,5043.14990234375,5054.5498046875,2018900
2020-01-16,5118.2001953125,5122.5498046875,5095.39990234375,5096.7998046875,2889300
2020-01-17,5161.2998046875,5165.35009765625,5123.7998046875,5123.7998046875,11915900
2020-01-20,5150.85009765625,5176.14990234375,5144.5,5164.5,4184400
2020-01-21,5107.64990234375,5138.0498046875,5101.60009765625,5136.25,7700
2020-01-22,5100.10009765625,5125.0,5073.14990234375,5123.2998046875,4300
2020-01-23,5130.35009765625,5133.39990234375,5082.9501953125,5099.2998046875,4372200
2020-01-24,5168.14990234375,5172.25,5130.75,5131.75,2411600
2020-01-27,5139.89990234375,5183.35009765625,5131.35009765625,5153.89990234375,1959900
2020-01-28,5082.60009765625,5152.2998046875,5075.60009765625,5151.7001953125,3607200
2020-01-29,5120.5,5130.89990234375,5102.7998046875,5104.9501953125,2860400
2020-01-30,5072.60009765625,5126.89990234375,5061.85009765625,5124.0,3333300
2020-01-31,5062.25,5112.39990234375,5055.0,5098.2001953125,2599900
2020-02-03,5067.85009765625,5080.60009765625,4956.7998046875,4958.9501953125,2699100
2020-02-04,5139.7001953125,5148.89990234375,5071.64990234375,5094.39990234375,2141700
2020-02-05,5155.5,5170.39990234375,5131.60009765625,5160.0,2790800
2020-02-06,5158.7001953125,5192.60009765625,5144.25,5174.7998046875,2398300
2020-02-07,5160.7001953125,5186.14990234375,5147.60009765625,5174.2998046875,1000200
2020-02-10,5108.7001953125,5168.25,5095.75,5165.35009765625,763500
2020-02-11,5106.39990234375,5153.39990234375,5100.0,5146.2001953125,908200
2020-02-12,5166.9501953125,5183.64990234375,5119.7998046875,5123.5,655000
2020-02-13,5172.5,5177.0498046875,5146.39990234375,5166.5498046875,778700
2020-02-14,5149.7001953125,5197.0498046875,5136.0498046875,5176.25,975900
2020-02-17,5132.2998046875,5163.7998046875,5123.4501953125,5150.5498046875,807600
2020-02-18,5101.5498046875,5127.75,5057.7998046875,5127.75,908700
2020-02-19,5156.64990234375,5163.7001953125,5110.39990234375,5131.0,814300
2020-02-20,5138.7001953125,5178.0498046875,5132.64990234375,5157.35009765625,946500
2020-02-24,5032.35009765625,5118.25,5024.75,5118.25,744700
2020-02-25,5022.5,5089.39990234375,5015.5498046875,5057.7001953125,802800
2020-02-26,4984.75,5024.35009765625,4971.25,5007.89990234375,1039500
2020-02-27,4979.64990234375,4985.7998046875,4933.10009765625,4985.7998046875,931300
2020-02-28,4867.2001953125,4903.25,4836.14990234375,4891.14990234375,1431300
2020-03-02,4826.75,4960.60009765625,4789.7001953125,4925.2001953125,1144000
2020-03-03,4877.9501953125,4902.89990234375,4813.39990234375,4849.9501953125,1029000
2020-03-04,4871.64990234375,4915.25,4798.75,4899.35009765625,1135300
2020-03-05,4911.25,4937.5,4884.9501953125,4892.4501953125,964800
2020-03-06,4841.89990234375,4858.75,4773.5498046875,4791.10009765625,953500
2020-03-09,4679.35009765625,4778.85009765625,4631.14990234375,4762.9501953125,1110600
2020-03-11,4675.10009765625,4722.39990234375,4637.64990234375,4643.9501953125,1308000
2020-03-12,4368.14990234375,4529.35009765625,4317.85009765625,4527.60009765625,2076400
2020-03-13,4412.10009765625,4515.9501953125,3910.14990234375,4169.35009765625,1951900
2020-03-16,4159.7001953125,4314.5,4135.7001953125,4291.60009765625,1163800
2020-03-17,4157.25,4290.89990234375,4123.5,4167.7001953125,1541100
2020-03-18,3974.39990234375,4229.4501953125,3957.300048828125,4207.35009765625,1818000
2020-03-19,3886.60009765625,3987.300048828125,3703.35009765625,3826.35009765625,2048200
2020-03-20,4112.2998046875,4146.2001953125,3910.64990234375,3911.050048828125,1684700
2020-03-23,3645.39990234375,3850.949951171875,3631.85009765625,3767.64990234375,1239500
2020-03-24,3707.60009765625,3818.35009765625,3614.85009765625,3743.89990234375,1471700
2020-03-25,3849.949951171875,3875.699951171875,3654.050048828125,3662.800048828125,1532200
2020-03-26,4028.0,4070.25,3819.050048828125,3887.25,1680900
2020-03-27,3986.800048828125,4139.64990234375,3932.050048828125,4135.14990234375,1237700
2020-03-30,3924.050048828125,3992.39990234375,3874.35009765625,3905.10009765625,986300
2020-03-31,4076.0,4092.25,3947.800048828125,4018.75,1206200
2020-04-01,3956.39990234375,4082.699951171875,3927.89990234375,4072.64990234375,831500
2020-04-03,3920.14990234375,3996.85009765625,3899.60009765625,3996.85009765625,1489900
2020-04-07,4262.85009765625,4276.5498046875,4039.25,4045.0,1445000
2020-04-08,4286.4501953125,4437.35009765625,4217.4501953125,4233.10009765625,1467600
2020-04-09,4459.9501953125,4473.10009765625,4356.39990234375,4382.75,1403600
2020-04-13,4405.85009765625,4444.7001953125,4338.5,4444.7001953125,1241400
2020-04-15,4465.9501953125,4545.9501953125,4420.85009765625,4470.5,2119300
2020-04-16,4455.5498046875,4493.0,4386.85009765625,4421.75,1350400
2020-04-17,4471.75,4563.7998046875,4435.64990234375,4562.0498046875,1350000
2020-04-20,4398.7998046875,4510.35009765625,4390.5498046875,4510.2001953125,1443600
2020-04-21,4346.0498046875,4366.9501953125,4302.0498046875,4324.35009765625,1224800
2020-04-22,4451.35009765625,4460.39990234375,4316.0498046875,4354.25,1696100
2020-04-23,4424.89990234375,4502.25,4409.9501953125,4455.4501953125,1860000
2020-04-24,4397.89990234375,4431.9501953125,4380.9501953125,4400.64990234375,1202500
2020-04-27,4450.64990234375,4463.5,4426.2998046875,4431.2001953125,990600
2020-04-28,4417.2001953125,4481.0498046875,4397.5498046875,4474.35009765625,1007900
2020-04-29,4422.0,4444.75,4415.14990234375,4443.75,1162700
2020-04-30,4509.0498046875,4521.14990234375,4450.5,4484.25,1734100
2020-05-04,4332.0498046875,4400.0,4321.89990234375,4395.2998046875,1669700
2020-05-05,4272.25,4391.75,4265.75,4381.7001953125,1766600
2020-05-06,4263.10009765625,4281.64990234375,4194.75,4273.9501953125,2109600
2020-05-07,4191.85009765625,4255.35009765625,4178.60009765625,4249.5498046875,3142200
2020-05-08,4216.5,4268.89990234375,4210.0,4268.89990234375,1638800
2020-05-11,4263.2001953125,4314.2001953125,4248.85009765625,4250.35009765625,1718300
2020-05-12,4295.5,4308.4501953125,4191.5,4237.14990234375,1648800
2020-05-13,4324.0,4445.4501953125,4317.7998046875,4445.39990234375,1952000
2020-05-14,4310.25,4334.7998046875,4277.7001953125,4283.60009765625,2028200
2020-05-15,4318.89990234375,4326.0498046875,4279.25,4322.2001953125,1654600
2020-05-18,4200.7001953125,4329.5498046875,4193.9501953125,4325.39990234375,1755100
2020-05-19,4286.60009765625,4301.7001953125,4229.25,4261.25,2058100
2020-05-20,4349.0498046875,4358.5,4284.0,4296.25,2245100
2020-05-21,4434.9501953125,4443.89990234375,4344.7001953125,4361.35009765625,2087500
2020-05-22,4440.75,4452.89990234375,4389.5,4425.60009765625,1903600
2020-05-26,4439.5,4472.25,4421.35009765625,4448.9501953125,2570900
2020-05-27,4452.60009765625,4459.5498046875,4391.2998046875,4445.5498046875,1592000
2020-05-28,4531.75,4541.0498046875,4440.35009765625,4460.4501953125,2395400
2020-05-29,4611.0498046875,4624.5498046875,4495.64990234375,4504.2998046875,3781000
2020-06-01,4704.2998046875,4741.0498046875,4658.2001953125,4666.60009765625,2573700
2020-06-02,4715.75,4754.5,4705.4501953125,4729.75,2397900
2020-06-03,4726.14990234375,4789.35009765625,4713.75,4774.14990234375,2202300
2020-06-04,4743.35009765625,4760.39990234375,4671.75,4726.2998046875,2391100
2020-06-05,4774.7998046875,4787.4501953125,4736.7001953125,4784.2998046875,2138100
2020-06-08,4753.7001953125,4829.39990234375,4745.35009765625,4829.39990234375,1736900
2020-06-09,4721.39990234375,4817.5498046875,4709.14990234375,4758.64990234375,1963800
2020-06-10,4698.89990234375,4749.9501953125,4682.35009765625,4733.4501953125,1424900
2020-06-11,4619.35009765625,4725.2998046875,4611.5498046875,4702.5,1467800
2020-06-12,4674.35009765625,4682.35009765625,4480.39990234375,4483.75,1960000
2020-06-15,4605.25,4683.9501953125,4596.35009765625,4665.25,1770500
2020-06-16,4601.2001953125,4677.85009765625,4553.7001953125,4674.4501953125,1574400
2020-06-17,4605.85009765625,4633.60009765625,4573.7998046875,4588.9501953125,1485400
2020-06-18,4628.25,4641.5498046875,4593.0,4599.2998046875,1546300
2020-06-19,4667.64990234375,4676.14990234375,4628.7998046875,4647.9501953125,1953500
2020-06-22,4718.2998046875,4733.75,4681.89990234375,4698.5,1326900
2020-06-23,4774.4501953125,4781.75,4729.7001953125,4736.7001953125,1524000
2020-06-24,4764.0498046875,4862.39990234375,4754.89990234375,4808.2998046875,1943800
2020-06-25,4797.60009765625,4806.75,4727.2998046875,4738.14990234375,2036400
2020-06-26,4770.14990234375,4849.7001953125,4762.2001953125,4838.85009765625,1902400
2020-06-29,4776.85009765625,4792.0,4746.25,4777.25,1939400
2020-06-30,4793.5,4829.85009765625,4788.0498046875,4817.14990234375,1422400
2020-07-01,4793.64990234375,4814.7001953125,4779.7998046875,4814.5,1495500
2020-07-02,4847.9501953125,4854.89990234375,4803.9501953125,4823.35009765625,2333600
2020-07-03,4891.25,4897.64990234375,4865.25,4872.5498046875,1754300
2020-07-06,4941.10009765625,4947.5,4901.75,4922.0,1504300
2020-07-07,4940.2001953125,4958.2001953125,4905.14990234375,4949.4501953125,1594600
2020-07-08,4897.39990234375,4968.39990234375,4888.7001953125,4958.89990234375,1522800
2020-07-09,4906.60009765625,4917.75,4879.75,4913.64990234375,1108100
2020-07-10,4902.85009765625,4929.9501953125,4883.4501953125,4893.64990234375,1381500
2020-07-13,4942.0,4946.75,4915.14990234375,4922.4501953125,1121100
2020-07-14,4885.2001953125,4929.14990234375,4869.0498046875,4928.5498046875,1326200
2020-07-15,4878.60009765625,4921.39990234375,4864.9501953125,4905.14990234375,1243800
2020-07-16,4897.60009765625,4903.85009765625,4811.60009765625,4888.25,1174700
2020-07-17,4949.85009765625,4960.75,4899.5498046875,4905.75,1338900
2020-07-20,4985.5,4991.2001953125,4943.75,4970.5,1108200
2020-07-21,4968.85009765625,5024.0,4964.35009765625,5007.2998046875,1255100
2020-07-22,4950.7998046875,4986.60009765625,4925.75,4982.0,1760900
2020-07-23,4987.5,5005.0498046875,4951.7001953125,4961.9501953125,1797500
2020-07-24,4943.39990234375,4965.7998046875,4903.60009765625,4965.7998046875,1683500
2020-07-27,4933.5,4958.0498046875,4898.2001953125,4953.10009765625,1446900
2020-07-28,4984.5498046875,4988.7998046875,4931.9501953125,4940.75,1417600
2020-07-29,4961.9501953125,5006.64990234375,4946.75,4983.5498046875,1170200
2020-07-30,4935.85009765625,5003.89990234375,4923.5498046875,4984.9501953125,1648400
2020-07-31,4945.5498046875,4974.2998046875,4919.0,4944.0498046875,1146800
2020-08-03,4913.25,4983.60009765625,4908.5,4961.60009765625,959100
2020-08-04,4967.2001953125,4981.2001953125,4935.2001953125,4937.89990234375,1475100
2020-08-05,4999.7998046875,5009.7001953125,4971.0498046875,4988.7998046875,1485800
2020-08-06,5025.10009765625,5035.5498046875,4999.0498046875,5025.10009765625,1279700
2020-08-07,5057.9501953125,5071.89990234375,5020.0,5026.64990234375,1129300
2020-08-10,5068.75,5093.85009765625,5060.9501953125,5075.64990234375,1157500
2020-08-11,5069.85009765625,5118.2998046875,5064.5498046875,5083.39990234375,1997100
2020-08-12,5073.14990234375,5090.2998046875,5050.39990234375,5061.89990234375,1645900
2020-08-13,5093.2001953125,5109.7998046875,5049.60009765625,5075.75,2788900
2020-08-14,5031.10009765625,5117.5,5009.89990234375,5115.75,1856200
2020-08-17,5095.4501953125,5102.35009765625,5020.0,5070.7998046875,1353700
2020-08-18,5148.10009765625,5155.25,5100.14990234375,5103.0,1635100
2020-08-19,5164.75,5189.75,5159.64990234375,5167.0498046875,2619500
2020-08-20,5146.0,5159.0498046875,5113.35009765625,5130.35009765625,3578200
2020-08-21,5174.14990234375,5191.2998046875,5161.35009765625,5188.9501953125,2287800
2020-08-24,5187.35009765625,5202.39990234375,5177.4501953125,5188.10009765625,2033700
2020-08-25,5191.5,5217.10009765625,5173.85009765625,5208.64990234375,1540700
2020-08-26,5190.14990234375,5215.7998046875,5183.85009765625,5215.5,2473500
2020-08-27,5198.75,5217.85009765625,5182.64990234375,5215.7998046875,2004100
2020-08-28,5186.2998046875,5221.2998046875,5181.0,5217.25,1656800
2020-08-31,5050.85009765625,5214.89990234375,5030.2998046875,5209.9501953125,4206500
2020-09-01,5130.85009765625,5148.39990234375,5049.25,5078.64990234375,2376500
2020-09-02,5157.5498046875,5168.2001953125,5114.9501953125,5143.60009765625,1963400
2020-09-03,5203.85009765625,5211.85009765625,5170.14990234375,5171.89990234375,1721300
2020-09-04,5131.64990234375,5194.7998046875,5117.35009765625,5141.25,1849000
2020-09-07,5139.7001953125,5157.25,5083.75,5148.2001953125,1605600
2020-09-08,5097.35009765625,5152.75,5087.2001953125,5144.60009765625,1586500
2020-09-09,5103.35009765625,5113.0,5053.25,5061.5,1901600
2020-09-10,5129.0498046875,5136.2998046875,5095.0,5127.4501953125,1511000
2020-09-11,5140.14990234375,5164.5,5125.4501953125,5130.5,1281700
2020-09-14,5118.85009765625,5170.9501953125,5098.0,5170.75,1784700
2020-09-15,5118.10009765625,5146.25,5103.39990234375,5138.4501953125,1463000
2020-09-16,5145.9501953125,5158.7001953125,5126.4501953125,5132.85009765625,1590700
2020-09-17,5135.2998046875,5154.60009765625,5120.10009765625,5133.10009765625,1529500
2020-09-18,5146.14990234375,5161.7001953125,5118.0,5160.75,1832700
2020-09-21,4976.85009765625,5156.85009765625,4953.7001953125,5154.89990234375,1498300
2020-09-22,4913.60009765625,4989.14990234375,4874.35009765625,4985.75,1654700
2020-09-23,4891.10009765625,4938.25,4846.9501953125,4928.75,2766300
2020-09-24,4805.64990234375,4853.25,4796.75,4853.25,2152500
2020-09-25,4918.89990234375,4926.5498046875,4844.60009765625,4856.10009765625,1922800
2020-09-28,4998.4501953125,5004.5,4941.0498046875,4954.25,1344100
2020-09-29,4970.0498046875,5038.7001953125,4960.0,5024.10009765625,1524200
2020-09-30,5005.0498046875,5027.85009765625,4969.0498046875,4984.2001953125,1314300
2020-10-01,5047.4501953125,5060.0498046875,5035.0,5055.0,1214600
2020-10-05,5032.5498046875,5071.0498046875,5014.64990234375,5067.60009765625,1198200
2020-10-06,5064.5498046875,5093.89990234375,5049.5,5061.85009765625,1329400
2020-10-07,5098.5498046875,5108.0498046875,5067.35009765625,5074.4501953125,1380300
2020-10-08,5104.89990234375,5124.2998046875,5074.35009765625,5119.10009765625,1223700
2020-10-09,5083.7001953125,5132.5,5069.85009765625,5111.9501953125,1154900
2020-10-12,5076.85009765625,5109.9501953125,5058.60009765625,5108.2001953125,1742800
2020-10-13,5043.9501953125,5115.5498046875,5038.0498046875,5086.4501953125,1493900
2020-10-14,5041.7001953125,5049.14990234375,5024.5,5044.75,1447900
2020-10-15,4983.4501953125,5068.60009765625,4970.25,5045.9501953125,1383500
2020-10-16,4988.7998046875,5014.10009765625,4973.5,5006.25,1361900
2020-10-19,5008.60009765625,5020.35009765625,4987.7998046875,5016.7998046875,1136300
2020-10-20,5030.4501953125,5047.2001953125,4986.35009765625,5000.4501953125,1358600
2020-10-21,5009.4501953125,5063.25,4964.2998046875,5055.14990234375,1352900
2020-10-22,5011.25,5021.4501953125,4985.25,5004.75,1316800
2020-10-23,5065.89990234375,5073.75,5032.60009765625,5041.14990234375,1174200
2020-10-26,5005.4501953125,5080.9501953125,4986.2998046875,5080.9501953125,1171400
2020-10-27,5091.2998046875,5096.9501953125,5013.39990234375,5014.25,1504100
2020-10-28,5089.7998046875,5168.2001953125,5076.39990234375,5120.5,2147900
2020-10-29,5065.0,5085.0498046875,5038.2001953125,5051.9501953125,1129100
2020-10-30,5013.89990234375,5087.39990234375,4988.14990234375,5069.2001953125,1215900
2020-11-02,5027.60009765625,5044.39990234375,5001.5,5033.5498046875,1144600
2020-11-03,5046.60009765625,5072.89990234375,5040.64990234375,5058.10009765625,1348400
2020-11-04,5077.7998046875,5100.5,5047.25,5050.89990234375,868700
2020-11-05,5165.60009765625,5170.60009765625,5113.9501953125,5117.14990234375,1107100
2020-11-06,5152.14990234375,5203.10009765625,5145.64990234375,5175.5498046875,1214900
2020-11-09,5217.7998046875,5223.75,5172.4501953125,5202.35009765625,1234300
2020-11-10,5203.89990234375,5251.5,5165.64990234375,5250.64990234375,2072300
2020-11-11,5257.60009765625,5262.60009765625,5184.5498046875,5228.85009765625,1583500
2020-11-12,5284.75,5288.7001953125,5248.5,5255.0,1241400
2020-11-13,5291.0,5310.7998046875,5274.14990234375,5289.0,994500
2020-11-17,5327.5,5349.85009765625,5310.14990234375,5349.85009765625,1034000
2020-11-18,5325.35009765625,5330.5498046875,5286.64990234375,5320.14990234375,1258800
2020-11-19,5308.5498046875,5372.5498046875,5297.5498046875,5305.85009765625,1495700
2020-11-20,5379.35009765625,5383.75,5322.75,5329.89990234375,1326400
2020-11-23,5387.4501953125,5402.10009765625,5359.64990234375,5401.5,920500
2020-11-24,5422.9501953125,5442.0,5397.7001953125,5400.35009765625,1183400
2020-11-25,5335.2001953125,5445.0,5321.0498046875,5441.14990234375,1172900
2020-11-26,5368.64990234375,5381.2998046875,5307.64990234375,5353.64990234375,940500
2020-11-27,5390.39990234375,5417.9501953125,5337.2001953125,5391.10009765625,2423600
2020-12-01,5440.0,5458.7998046875,5392.75,5458.7998046875,1076000
2020-12-02,5504.25,5509.9501953125,5446.7998046875,5456.5,1149600
2020-12-03,5562.7998046875,5569.2998046875,5516.60009765625,5541.39990234375,1261900
2020-12-04,5637.85009765625,5643.35009765625,5583.2998046875,5584.7001953125,1250000
2020-12-07,5696.14990234375,5701.7998046875,5638.2998046875,5642.89990234375,1205500
2020-12-08,5690.25,5738.7001953125,5656.75,5713.85009765625,1140100
2020-12-09,5721.14990234375,5731.0,5706.39990234375,5714.35009765625,1048100
2020-12-10,5782.7001953125,5790.39990234375,5696.85009765625,5719.5498046875,1414400
2020-12-11,5802.25,5823.4501953125,5750.7998046875,5805.5498046875,1317000
2020-12-14,5801.89990234375,5838.5498046875,5788.85009765625,5831.75,866400
2020-12-15,5787.35009765625,5796.0498046875,5757.5,5793.4501953125,1266200
2020-12-16,5857.14990234375,5865.0,5810.85009765625,5815.75,1179300
2020-12-17,5833.2998046875,5866.5,5814.5,5860.4501953125,1197800
2020-12-18,5850.5,5858.85009765625,5813.39990234375,5839.35009765625,1144500
2020-12-21,5669.25,5843.10009765625,5566.85009765625,5841.9501953125,1393600
2020-12-22,5725.9501953125,5743.7998046875,5571.10009765625,5667.39990234375,1407200
2020-12-23,5807.5,5817.0,5723.64990234375,5733.2001953125,956400
2020-12-24,5832.4501953125,5864.39990234375,5789.39990234375,5855.0,949600
2020-12-28,5871.4501953125,5876.64990234375,5846.35009765625,5860.25,704400
2020-12-29,5867.2001953125,5898.7998046875,5840.7001953125,5893.0498046875,833800
2020-12-30,5901.85009765625,5910.4501953125,5848.9501953125,5889.0,766600
2020-12-31,5912.7001953125,5918.85009765625,5890.9501953125,5898.7001953125,880900
2021-01-04,5974.5,5983.5498046875,5927.5,5970.7998046875,997600
2021-01-05,5995.89990234375,6009.89990234375,5927.85009765625,5954.60009765625,839300
2021-01-06,5977.85009765625,6029.39990234375,5934.7998046875,6007.5,1372400
2021-01-07,5975.5498046875,6017.5,5967.7998046875,6014.0498046875,1278400
2021-01-08,6072.10009765625,6081.7001953125,6009.10009765625,6018.2998046875,1688400
2021-01-11,6138.9501953125,6144.14990234375,6090.2998046875,6119.60009765625,1325900
2021-01-12,6106.7998046875,6141.2001953125,6101.4501953125,6139.5,1223700
2021-01-13,6125.7001953125,6170.14990234375,6074.7001953125,6153.9501953125,2162500
2021-01-14,6136.7998046875,6159.89990234375,6106.5,6142.85009765625,1212100
2021-01-15,6093.60009765625,6171.60009765625,6058.7998046875,6167.60009765625,1737700
2021-01-18,6043.2998046875,6097.25,5992.5,6093.2998046875,1412400
2021-01-19,6108.75,6124.0,6057.7998046875,6075.5498046875,918600
2021-01-20,6149.10009765625,6163.85009765625,6100.9501953125,6112.10009765625,1050800
2021-01-21,6133.0498046875,6233.14990234375,6100.7001953125,6191.14990234375,1368400
2021-01-25,6087.35009765625,6172.89990234375,6022.5498046875,6155.89990234375,960500
2021-01-27,6023.0498046875,6098.39990234375,6014.85009765625,6098.39990234375,1228400
2021-01-28,5975.5498046875,6029.60009765625,5952.4501953125,5971.7998046875,1151900
2021-01-29,5818.14990234375,6022.89990234375,5799.39990234375,6018.75,1430700
2021-02-01,5979.85009765625,6003.9501953125,5801.35009765625,5862.5,1349500
2021-02-02,6063.0,6090.75,6015.14990234375,6041.35009765625,1553700
2021-02-03,6084.35009765625,6124.7001953125,6042.60009765625,6107.0498046875,1662400
2021-02-04,6152.5,6161.4501953125,6090.10009765625,6102.0,2542900
2021-02-05,6106.2998046875,6204.0498046875,6088.0498046875,6192.25,3024200
2021-02-08,6170.35009765625,6195.10009765625,6146.35009765625,6161.2998046875,1750300
2021-02-09,6167.10009765625,6219.4501953125,6150.0,6188.89990234375,1778200
2021-02-10,6172.4501953125,6204.9501953125,6108.7998046875,6187.7001953125,1444500
2021-02-11,6194.85009765625,6203.5498046875,6155.89990234375,6180.75,1205200
2021-02-12,6113.4501953125,6204.89990234375,6089.89990234375,6204.89990234375,1843100
2021-02-16,6138.64990234375,6169.60009765625,6112.5,6161.7998046875,1184100
2021-02-18,6077.14990234375,6135.89990234375,6059.25,6134.10009765625,1033200
2021-02-19,6002.5498046875,6079.2998046875,5966.5498046875,6073.39990234375,1138400
2021-02-22,5896.35009765625,6009.2998046875,5877.85009765625,6005.25,1326600
2021-02-23,5907.2998046875,5930.35009765625,5856.64990234375,5919.14990234375,1098300
2021-02-24,5938.64990234375,5944.0,5883.64990234375,5928.0498046875,718000
2021-02-25,5951.89990234375,5983.4501953125,5939.75,5971.5,1082300
2021-02-26,5787.39990234375,5947.60009765625,5761.14990234375,5904.5,3241200
2021-03-01,5851.85009765625,5861.60009765625,5801.7998046875,5829.64990234375,1419800
2021-03-02,5978.4501953125,5989.2998046875,5873.9501953125,5890.25,1234000
2021-03-03,6001.9501953125,6028.5498046875,5979.7001953125,6028.5,1015200
2021-03-04,5997.7998046875,6028.60009765625,5940.2998046875,5957.0498046875,1091800
2021-03-05,5960.9501953125,6004.64990234375,5941.9501953125,5961.9501953125,936900
2021-03-08,5935.14990234375,5991.25,5928.5,5979.2001953125,851300
2021-03-09,5938.7001953125,5983.75,5887.10009765625,5964.14990234375,883900
2021-03-10,5975.85009765625,5982.5498046875,5953.5498046875,5966.7001953125,735500
2021-03-12,5910.4501953125,6009.85009765625,5902.25,6002.4501953125,864000
2021-03-15,5875.85009765625,5938.35009765625,5831.7998046875,5938.25,1005900
2021-03-16,5926.2001953125,5934.39990234375,5897.4501953125,5899.7001953125,100
2021-03-17,5853.64990234375,5942.2998046875,5846.9501953125,5942.10009765625,100
2021-03-18,5855.2001953125,5920.64990234375,5813.0498046875,5904.25,1644900
2021-03-19,5916.7998046875,5923.89990234375,5758.2001953125,5830.60009765625,2532300
2021-03-22,5956.89990234375,5965.9501953125,5901.60009765625,5918.4501953125,1022200
2021-03-23,5966.60009765625,5999.25,5953.9501953125,5971.64990234375,1015900
2021-03-24,5880.9501953125,5978.2998046875,5871.25,5945.14990234375,867900
2021-03-25,5737.5498046875,5889.5,5720.85009765625,5886.75,1137500
2021-03-26,5854.10009765625,5868.85009765625,5786.4501953125,5790.10009765625,835200
2021-03-30,5944.2001953125,5950.89990234375,5891.2001953125,5897.0,1042600
2021-03-31,5959.7998046875,5976.39990234375,5926.4501953125,5946.4501953125,833100
2021-04-01,5984.75,6000.9501953125,5949.2998046875,5989.5498046875,721300
2021-04-05,5886.60009765625,5980.10009765625,5834.0,5973.5,904700
2021-04-06,5938.5,5958.85009765625,5873.35009765625,5912.60009765625,873800
2021-04-07,6008.89990234375,6026.10009765625,5941.60009765625,5948.7998046875,840100
2021-04-08,6045.4501953125,6070.7001953125,6029.75,6035.25,630700
2021-04-09,6060.75,6080.2001953125,6030.39990234375,6046.9501953125,720000
2021-04-12,5869.0498046875,5981.64990234375,5838.9501953125,5973.7001953125,1076000
2021-04-13,5941.7998046875,5954.85009765625,5876.5498046875,5893.5498046875,785900
2021-04-15,5938.5498046875,5982.2001953125,5861.10009765625,5970.2998046875,733100
2021-04-16,5991.10009765625,6018.2998046875,5947.0498046875,5951.5,614600
2021-04-19,5887.7998046875,5900.25,5833.14990234375,5884.60009765625,633400
2021-04-20,5900.2001953125,5961.0,5851.75,5942.0498046875,840500
2021-04-22,5862.7001953125,5883.25,5836.4501953125,5883.10009765625,742900
2021-04-23,5818.89990234375,5868.89990234375,5794.35009765625,5844.85009765625,692800
2021-04-26,5862.60009765625,5869.4501953125,5840.5,5844.35009765625,626100
2021-04-27,5898.7001953125,5904.9501953125,5865.7998046875,5873.0498046875,660100
2021-04-28,5950.75,5979.60009765625,5919.35009765625,5924.0,667900
2021-04-29,5917.7998046875,6003.2001953125,5907.2998046875,5995.2998046875,615500
2021-04-30,5836.9501953125,5917.35009765625,5820.7998046875,5887.2998046875,760300
2021-05-03,5891.14990234375,5898.2998046875,5790.2001953125,5799.25,902200
2021-05-04,5841.5498046875,5929.0,5821.7998046875,5922.7001953125,768100
2021-05-06,5913.7001953125,5927.5498046875,5885.9501953125,5901.0498046875,655600
2021-05-07,5921.5498046875,5948.89990234375,5915.60009765625,5933.25,1015500
2021-05-10,5939.0498046875,5959.75,5925.7998046875,5949.7001953125,687600
2021-05-12,5909.89990234375,5936.7998046875,5893.7998046875,5935.2998046875,1166700
2021-05-14,5980.89990234375,5994.2998046875,5932.25,5942.7998046875,1435200
2021-05-17,5995.10009765625,6008.75,5967.7001953125,6008.75,1056000
2021-05-18,6069.35009765625,6077.0498046875,6015.10009765625,6035.25,1270000
2021-05-19,6056.5498046875,6081.89990234375,6048.10009765625,6063.89990234375,999900
2021-05-21,6067.39990234375,6079.0,6037.7998046875,6048.2001953125,1063200
2021-05-24,6058.89990234375,6082.5,6047.9501953125,6080.5,1015100
2021-05-26,6146.89990234375,6152.64990234375,6129.2001953125,6146.4501953125,735200
2021-05-27,6147.75,6164.4501953125,6121.9501953125,6159.2998046875,2378500
2021-05-28,6158.4501953125,6188.89990234375,6152.75,6171.89990234375,957100
2021-06-01,6195.14990234375,6231.75,6191.0498046875,6216.9501953125,1047700
2021-06-02,6191.85009765625,6198.0,6161.5498046875,6164.2998046875,1616800
2021-06-03,6270.5,6277.89990234375,6206.9501953125,6216.7998046875,1247600
2021-06-04,6248.7001953125,6287.89990234375,6237.2001953125,6287.89990234375,1000800
2021-06-07,6275.39990234375,6285.64990234375,6259.25,6270.25,939300
2021-06-08,6311.9501953125,6316.35009765625,6269.7998046875,6286.7998046875,819000
2021-06-09,6289.0498046875,6338.60009765625,6256.85009765625,6320.5498046875,953400
2021-06-10,6310.2998046875,6320.4501953125,6278.5498046875,6300.9501953125,941200
2021-06-11,6300.89990234375,6332.14990234375,6289.89990234375,6330.4501953125,619800
2021-06-14,6300.25,6306.2998046875,6216.14990234375,6297.0,580500
2021-06-15,6357.39990234375,6361.10009765625,6313.2001953125,6316.4501953125,967500
2021-06-16,6339.14990234375,6375.7998046875,6327.7998046875,6359.10009765625,753000
2021-06-17,6317.14990234375,6349.4501953125,6293.35009765625,6312.2998046875,860900
2021-06-18,6327.5,6343.0,6227.0,6329.5,1004500
2021-06-21,6334.2998046875,6337.64990234375,6270.89990234375,6280.0,654900
2021-06-22,6338.5,6384.0498046875,6332.64990234375,6367.4501953125,676600
2021-06-23,6335.60009765625,6369.5,6329.14990234375,6365.5498046875,527400
2021-06-24,6351.14990234375,6358.85009765625,6327.2001953125,6348.75,594500
2021-06-25,6356.4501953125,6369.14990234375,6339.39990234375,6359.5,472100
2021-06-28,6352.2998046875,6378.0498046875,6344.5,6378.0498046875,454500
2021-06-29,6340.14990234375,6384.7998046875,6328.60009765625,6353.35009765625,640700
2021-06-30,6330.2001953125,6381.10009765625,6321.2001953125,6357.7998046875,543300
2021-07-01,6370.0,6381.7001953125,6343.89990234375,6347.0498046875,561000
2021-07-02,6377.85009765625,6395.5,6352.5,6395.5,594100
2021-07-06,6394.25,6431.39990234375,6387.2998046875,6414.5,594800
2021-07-07,6418.0,6427.35009765625,6382.7001953125,6398.2001953125,595000
2021-07-08,6380.75,6427.89990234375,6367.7998046875,6410.25,608400
2021-07-09,6381.64990234375,6391.7998046875,6358.25,6374.64990234375,434900
2021-07-12,6379.89990234375,6419.5498046875,6367.9501953125,6412.89990234375,469900
2021-07-13,6374.0,6413.4501953125,6365.14990234375,6413.4501953125,438000
2021-07-14,6365.9501953125,6381.2998046875,6350.75,6377.14990234375,522147200
2021-07-15,6359.14990234375,6380.14990234375,6345.0,6380.14990234375,634000
2021-07-16,6378.2001953125,6389.2998046875,6361.35009765625,6379.35009765625,801700
2021-07-19,6354.0,6380.2998046875,6334.60009765625,6352.39990234375,524400
2021-07-20,6370.89990234375,6379.4501953125,6303.5498046875,6359.85009765625,732600
2021-07-22,6419.14990234375,6435.85009765625,6396.2001953125,6409.0,910400
2021-07-23,6433.39990234375,6455.14990234375,6406.2001953125,6433.0498046875,1118400
2021-07-26,6426.25,6460.0498046875,6419.5,6435.14990234375,858800
2021-07-27,6405.75,6453.0,6387.35009765625,6444.39990234375,610700
2021-07-28,6407.39990234375,6419.35009765625,6349.25,6417.0498046875,840600
2021-07-29,6368.39990234375,6432.10009765625,6362.5498046875,6419.85009765625,570500
2021-07-30,6372.35009765625,6412.39990234375,6353.60009765625,6381.0498046875,698700
2021-08-02,6424.14990234375,6430.7998046875,6407.7998046875,6418.5498046875,524000
2021-08-03,6531.75,6540.35009765625,6441.2001953125,6451.35009765625,965700
2021-08-04,6476.89990234375,6555.39990234375,6470.5498046875,6545.2001953125,909400
2021-08-05,6504.14990234375,6519.7998046875,6454.25,6502.85009765625,1491200
2021-08-06,6510.5498046875,6537.7998046875,6500.14990234375,6510.5498046875,994100
2021-08-09,6504.14990234375,6571.0,6482.5498046875,6536.4501953125,856324900
2021-08-10,6513.0,6542.35009765625,6474.0,6521.25,981300
2021-08-11,6489.89990234375,6531.85009765625,6416.60009765625,6522.14990234375,813500
2021-08-12,6503.0,6520.14990234375,6487.5,6509.9501953125,729000
2021-08-13,6541.10009765625,6554.7998046875,6506.7001953125,6519.89990234375,844900
2021-08-16,6538.7001953125,6561.2998046875,6517.0498046875,6543.7001953125,536600
2021-08-17,6612.7998046875,6619.2998046875,6538.85009765625,6543.75,732100
2021-08-18,6626.60009765625,6651.60009765625,6610.14990234375,6632.89990234375,735700
2021-08-20,6679.5,6700.60009765625,6572.0,6577.25,964000
2021-08-23,6651.7998046875,6721.39990234375,6629.2001953125,6720.64990234375,695000
2021-08-24,6652.0,6681.89990234375,6620.5498046875,6675.85009765625,508900
2021-08-25,6641.14990234375,6680.35009765625,6633.5,6662.5498046875,562600
2021-08-26,6629.5,6658.5498046875,6607.60009765625,6644.9501953125,845800
2021-08-27,6661.0498046875,6673.4501953125,6610.75,6644.2001953125,607500
2021-08-30,6776.0498046875,6785.39990234375,6682.89990234375,6690.75,878500
2021-08-31,6905.7998046875,6913.7001953125,6779.89990234375,6787.64990234375,1369600
2021-09-01,6951.60009765625,6964.5,6922.9501953125,6933.35009765625,972600
2021-09-02,7003.4501953125,7011.0498046875,6957.10009765625,6971.39990234375,815900
2021-09-03,7020.10009765625,7037.85009765625,6989.64990234375,7015.60009765625,613300
2021-09-06,7017.89990234375,7052.9501953125,7012.5498046875,7049.35009765625,564500
2021-09-07,7046.14990234375,7075.2001953125,7031.25,7039.7998046875,1069900
2021-09-08,7053.89990234375,7068.39990234375,7005.64990234375,7063.0,721000
2021-09-09,7091.85009765625,7095.64990234375,7032.0,7032.39990234375,754100
2021-09-13,7103.5,7112.25,7077.10009765625,7097.7998046875,735600
2021-09-14,7148.64990234375,7162.35009765625,7119.0,7133.5498046875,2785400
2021-09-15,7196.2001953125,7204.0,7159.2998046875,7168.35009765625,3016300
2021-09-16,7242.5498046875,7282.4501953125,7208.7998046875,7218.4501953125,2559600
2021-09-17,7254.25,7321.75,7242.25,7270.64990234375,2301600
2021-09-20,7239.14990234375,7301.0498046875,7204.10009765625,7227.9501953125,1681800
2021-09-21,7273.5,7279.2998046875,7213.0,7244.10009765625,1196900
2021-09-22,7308.10009765625,7335.25,7283.75,7309.89990234375,2857300
2021-09-23,7336.7998046875,7362.2001953125,7330.2001953125,7352.0498046875,2231600
2021-09-24,7329.2998046875,7378.4501953125,7316.5498046875,7354.14990234375,2070300
2021-09-27,7328.7001953125,7364.35009765625,7281.2001953125,7362.14990234375,0
2021-09-28,7274.39990234375,7353.35009765625,7231.75,7347.7001953125,0
2021-09-29,7230.9501953125,7267.2998046875,7220.0498046875,7254.9501953125,0
2021-09-30,7195.14990234375,7267.0,7185.7998046875,7238.7001953125,0
2021-10-01,7166.75,7182.2998046875,7120.14990234375,7182.2998046875,0
2021-10-04,7203.39990234375,7222.25,7172.14990234375,7191.75,0
2021-10-05,7238.7001953125,7244.10009765625,7198.0,7208.39990234375,0
2021-10-06,7164.0,7270.85009765625,7150.0498046875,7264.25,0
2021-10-07,7298.2001953125,7322.4501953125,7217.7001953125,7223.7001953125,0
2021-10-08,7284.89990234375,7342.89990234375,7277.10009765625,7342.85009765625,0
2021-10-11,7359.10009765625,7378.2001953125,7304.2001953125,7305.39990234375,0
2021-10-12,7436.0,7445.75,7349.75,7354.5,0
2021-10-13,7526.5498046875,7540.10009765625,7452.75,7479.4501953125,0
2021-10-14,7556.2001953125,7603.0,7539.25,7577.7001953125,0
2021-10-18,7520.64990234375,7653.4501953125,7508.89990234375,7652.85009765625,0
2021-10-19,7368.2998046875,7580.7998046875,7353.7001953125,7580.2001953125,0
2021-10-20,7283.7998046875,7395.2998046875,7248.89990234375,7378.14990234375,0
2021-10-21,7171.75,7334.14990234375,7119.35009765625,7334.14990234375,0
2021-10-22,7087.60009765625,7224.7001953125,7045.5498046875,7199.35009765625,0
2021-10-25,6996.2001953125,7082.0,6931.89990234375,7073.7001953125,0
2021-10-26,7090.7001953125,7113.60009765625,7008.5498046875,7013.0,0
2021-10-27,7141.9501953125,7180.14990234375,7127.0,7138.5,0
2021-10-28,7039.9501953125,7150.64990234375,7019.64990234375,7149.10009765625,0
2021-10-29,7042.85009765625,7112.2998046875,6972.0498046875,7051.5498046875,0
2021-11-01,7141.25,7149.10009765625,7042.14990234375,7079.5,0
2021-11-02,7141.7998046875,7191.2998046875,7127.39990234375,7160.7998046875,0
2021-11-03,7113.14990234375,7188.5498046875,7066.0498046875,7179.7998046875,0
2021-11-04,7174.4501953125,7184.25,7160.10009765625,7165.35009765625,0
2021-11-08,7221.5498046875,7228.5,7156.64990234375,7228.5,0
2021-11-09,7238.35009765625,7250.39990234375,7199.64990234375,7226.7998046875,0
2021-11-10,7264.2998046875,7272.25,7212.89990234375,7230.25,0
2021-11-11,7233.10009765625,7271.2001953125,7203.39990234375,7260.5,0
2021-11-12,7316.85009765625,7325.10009765625,7257.2998046875,7285.0,0
2021-11-15,7366.89990234375,7383.5498046875,7331.9501953125,7333.85009765625,0
2021-11-16,7393.2001953125,7428.14990234375,7357.25,7384.85009765625,0
2021-11-17,7416.2998046875,7457.10009765625,7381.85009765625,7386.60009765625,0
2021-11-18,7340.5,7442.5498046875,7309.7998046875,7423.25,0
2021-11-22,7230.9501953125,7395.0,7176.25,7386.5,0
2021-11-23,7262.5498046875,7278.60009765625,7183.0,7210.7001953125,0
2021-11-24,7207.10009765625,7296.89990234375,7183.14990234375,7292.9501953125,0
2021-11-25,7228.0498046875,7235.85009765625,7156.35009765625,7209.9501953125,0
2021-11-26,7044.5,7179.85009765625,7023.75,7178.10009765625,0
2021-11-29,7019.2998046875,7049.7001953125,6901.14990234375,7032.25,0
2021-11-30,7006.39990234375,7106.7001953125,6980.35009765625,7016.75,0
2021-12-01,7020.5,7091.0,6997.39990234375,7060.25,0
2021-12-02,7096.60009765625,7102.35009765625,7029.25,7041.4501953125,0
2021-12-03,7021.0,7109.0,7015.5,7098.64990234375,0
2021-12-06,6881.85009765625,7035.39990234375,6867.64990234375,7030.14990234375,0
2021-12-07,6953.9501953125,6980.39990234375,6898.2001953125,6929.85009765625,0
2021-12-08,7070.2998046875,7075.4501953125,6979.75,6979.75,0
2021-12-09,7121.0498046875,7127.14990234375,7040.2001953125,7095.75,0
2021-12-10,7131.5498046875,7152.0,7100.2998046875,7121.2998046875,0
2021-12-13,7070.64990234375,7182.85009765625,7063.35009765625,7170.85009765625,0
2021-12-14,7043.25,7067.10009765625,7006.10009765625,7054.7998046875,0
2021-12-15,7020.2001953125,7062.0,7002.9501953125,7044.25,0
2021-12-16,7004.4501953125,7061.7998046875,6978.0498046875,7059.60009765625,0
2021-12-17,6841.85009765625,6994.14990234375,6832.10009765625,6987.89990234375,0
2021-12-20,6738.5498046875,6793.25,6640.9501953125,6790.5,0
2021-12-21,6803.0,6849.2998046875,6760.0498046875,6778.64990234375,0
2021-12-22,6862.9501953125,6869.85009765625,6821.9501953125,6832.60009765625,0
2021-12-23,6915.2998046875,6925.25,6888.60009765625,6911.7998046875,0
2021-12-24,6884.0498046875,6943.9501953125,6876.35009765625,6943.9501953125,0
2021-12-27,6884.2001953125,6894.0,6814.2001953125,6865.7998046875,0
2021-12-28,6956.9501953125,6964.39990234375,6902.64990234375,6906.5,0
2021-12-29,6958.60009765625,6976.25,6944.0498046875,6961.7998046875,0
2021-12-30,6956.2998046875,6971.2001953125,6947.39990234375,6965.0498046875,0
2021-12-31,7051.5498046875,7066.0,6973.2001953125,6979.0498046875,0
2022-01-03,7090.7001953125,7105.4501953125,7062.64990234375,7068.60009765625,0
2022-01-04,7132.10009765625,7140.39990234375,7070.4501953125,7114.7998046875,0
2022-01-05,7172.14990234375,7177.4501953125,7109.2998046875,7133.14990234375,0
2022-01-06,7172.7998046875,7179.5498046875,7105.0,7133.7001953125,0
2022-01-07,7207.9501953125,7229.0,7177.10009765625,7189.85009765625,0
2022-01-10,7241.75,7248.60009765625,7216.4501953125,7231.60009765625,0
2022-01-11,7223.89990234375,7258.39990234375,7204.85009765625,7235.89990234375,0
2022-01-12,7265.64990234375,7270.0,7221.7998046875,7250.2001953125,0
2022-01-13,7261.60009765625,7277.7998046875,7233.10009765625,7277.7998046875,0
2022-01-14,7210.75,7252.2998046875,7197.75,7248.9501953125,0
2022-01-17,7257.7998046875,7263.85009765625,7199.75,7223.2998046875,0
2022-01-18,7139.35009765625,7275.85009765625,7127.4501953125,7268.0,0
2022-01-19,7074.2998046875,7149.0498046875,7062.10009765625,7149.0498046875,0
2022-01-20,7046.4501953125,7109.64990234375,7007.64990234375,7088.4501953125,0
2022-01-21,6999.0498046875,7048.4501953125,6953.75,7016.7001953125,0
2022-01-24,6796.14990234375,7002.4501953125,6740.2001953125,6992.0,0
2022-01-25,6896.0,6902.4501953125,6666.35009765625,6750.0,0
2022-01-27,6814.7001953125,6844.7998046875,6732.60009765625,6841.10009765625,0
2022-01-28,6835.10009765625,6932.5498046875,6823.14990234375,6844.5,0
2022-01-31,6929.2001953125,6951.35009765625,6898.39990234375,6903.89990234375,0
2022-02-01,7005.7998046875,7019.0,6900.7998046875,6984.5,0
2022-02-02,7054.7001953125,7072.14990234375,7033.5498046875,7043.9501953125,0
2022-02-03,7035.5,7078.5498046875,7016.2001953125,7059.60009765625,0
2022-02-04,7016.7001953125,7059.0498046875,6995.2998046875,7057.35009765625,0
2022-02-07,6900.0498046875,7034.75,6854.4501953125,7014.2001953125,0
2022-02-08,6911.2001953125,6953.10009765625,6862.0,6923.39990234375,0
2022-02-09,6992.9501953125,6999.25,6929.14990234375,6944.0,0
2022-02-10,7009.2001953125,7019.64990234375,6930.14990234375,7007.75,0
2022-02-11,6925.0498046875,6978.5,6891.85009765625,6978.5,0
2022-02-14,6725.7998046875,6804.75,6707.60009765625,6781.4501953125,0
2022-02-15,6940.7001953125,6950.4501953125,6738.7998046875,6758.2001953125,0
2022-02-16,6941.5498046875,6995.2998046875,6906.2001953125,6971.7001953125,0
2022-02-17,6950.0,7005.85009765625,6924.10009765625,6969.89990234375,0
2022-02-18,6918.2001953125,6954.5498046875,6909.2998046875,6913.64990234375,0
2022-02-21,6875.60009765625,6921.89990234375,6814.7001953125,6880.2998046875,0
2022-02-22,6850.2998046875,6863.2001953125,6733.75,6734.14990234375,0
2022-02-23,6876.7998046875,6925.5,6863.60009765625,6878.2998046875,0
2022-02-24,6587.60009765625,6745.89990234375,6569.5498046875,6664.5498046875,0
2022-02-25,6729.2998046875,6763.7001953125,6662.10009765625,6671.7998046875,0
2022-02-28,6780.60009765625,6790.4501953125,6583.0,6678.35009765625,0
2022-03-02,6675.4501953125,6730.0498046875,6634.75,6722.2001953125,0
2022-03-03,6581.2001953125,6728.64990234375,6566.0,6718.0498046875,0
2022-03-04,6403.7001953125,6538.2001953125,6351.7001953125,6530.5,0
2022-03-07,6263.35009765625,6289.4501953125,6189.60009765625,6266.35009765625,0
2022-03-08,6325.2998046875,6331.7001953125,6177.7001953125,6245.2001953125,0
2022-03-09,6459.7998046875,6485.39990234375,6324.5498046875,6366.7001953125,0
2022-03-10,6593.10009765625,6629.60009765625,6536.0498046875,6608.0,0
2022-03-11,6607.89990234375,6613.14990234375,6542.7998046875,6584.35009765625,0
2022-03-14,6637.2998046875,6643.75,6548.39990234375,6601.89990234375,0
2022-03-15,6657.39990234375,6718.89990234375,6612.35009765625,6649.5,0
2022-03-16,6769.0498046875,6775.14990234375,6695.5,6733.2998046875,0
2022-03-17,6895.7998046875,6903.85009765625,6833.2001953125,6844.7001953125,0
2022-03-21,6793.25,6921.10009765625,6783.10009765625,6918.39990234375,0
2022-03-22,6791.10009765625,6795.14990234375,6672.89990234375,6791.7001953125,0
2022-03-23,6748.14990234375,6830.5,6739.14990234375,6826.10009765625,0
2022-03-24,6736.2001953125,6775.0498046875,6706.14990234375,6727.10009765625,0
2022-03-25,6693.75,6766.75,6664.89990234375,6763.60009765625,0
2022-03-28,6728.0498046875,6734.5,6651.2998046875,6714.85009765625,0
2022-03-29,6754.2998046875,6783.35009765625,6739.89990234375,6762.35009765625,0
2022-03-30,6797.64990234375,6829.25,6779.2001953125,6808.60009765625,0
2022-03-31,6829.35009765625,6843.75,6812.0498046875,6815.7001953125,0
2022-04-01,6909.75,6922.0498046875,6828.0,6843.0498046875,0
2022-04-04,6989.14990234375,6995.85009765625,6909.4501953125,6918.85009765625,0
2022-04-05,7063.5,7092.0,7000.85009765625,7015.2998046875,0
2022-04-06,7071.5498046875,7091.7001953125,7027.7998046875,7046.14990234375,0
2022-04-07,7031.2998046875,7115.5,7023.4501953125,7057.5,0
2022-04-08,7121.14990234375,7131.0,7040.60009765625,7074.35009765625,0
2022-04-11,7131.89990234375,7155.60009765625,7103.35009765625,7127.0,0
2022-04-12,7052.2001953125,7132.5498046875,7033.75,7116.14990234375,0
2022-04-13,7049.5498046875,7108.9501953125,7019.2998046875,7070.4501953125,0
2022-04-18,7038.5498046875,7051.35009765625,6978.60009765625,7008.9501953125,0
2022-04-19,6910.0,7108.0,6870.0,7084.39990234375,0
2022-04-20,7016.14990234375,7034.10009765625,6925.2998046875,6947.5,0
2022-04-21,7108.5,7114.5,7042.5,7049.0498046875,0
2022-04-22,7075.85009765625,7112.35009765625,7045.2998046875,7067.75,0
2022-04-25,6971.0,7023.7998046875,6948.14990234375,6994.7998046875,0
2022-04-26,7123.85009765625,7130.7998046875,7029.5,7029.5,0
2022-04-27,7062.14990234375,7098.14990234375,7039.2001953125,7074.60009765625,0
2022-04-28,7161.10009765625,7186.4501953125,7093.7998046875,7143.25,0
2022-04-29,7088.89990234375,7218.64990234375,7062.9501953125,7188.4501953125,0
2022-05-02,7057.7001953125,7063.64990234375,7001.7001953125,7038.9501953125,0
2022-05-04,6873.2001953125,7087.64990234375,6845.25,7056.60009765625,0
2022-05-05,6851.0,6939.2998046875,6836.0,6928.9501953125,0
2022-05-06,6756.85009765625,6794.25,6711.9501953125,6743.0498046875,0
2022-05-09,6662.35009765625,6716.25,6638.85009765625,6707.85009765625,0
2022-05-10,6643.0498046875,6733.5,6628.39990234375,6668.25,0
2022-05-11,6597.89990234375,6680.60009765625,6522.14990234375,6644.75,0
2022-05-12,6475.39990234375,6576.14990234375,6438.2001953125,6561.89990234375,0
2022-05-13,6536.5498046875,6651.4501953125,6508.2001953125,6554.39990234375,0
2022-05-16,6590.10009765625,6612.0,6528.4501953125,6568.64990234375,0
2022-05-17,6739.7001953125,6747.4501953125,6608.64990234375,6629.0,0
2022-05-18,6770.5,6807.35009765625,6748.89990234375,6765.64990234375,0
2022-05-19,6640.25,6714.9501953125,6623.0,6631.4501953125,0
2022-05-20,6779.14990234375,6799.7998046875,6716.2001953125,6732.14990234375,0
2022-05-23,6813.14990234375,6876.25,6798.2998046875,6808.35009765625,0
2022-05-24,6745.2998046875,6835.85009765625,6725.89990234375,6835.85009765625,0
2022-05-25,6652.7998046875,6774.2998046875,6633.4501953125,6774.14990234375,0
2022-05-26,6684.7001953125,6706.9501953125,6533.85009765625,6657.5498046875,0
2022-05-27,6758.0,6766.2998046875,6694.5498046875,6744.2001953125,0
2022-05-30,6886.64990234375,6891.60009765625,6795.5498046875,6810.9501953125,0
2022-05-31,6918.5,6954.10009765625,6852.25,6882.85009765625,0
2022-06-01,6851.0498046875,6988.39990234375,6828.14990234375,6926.0498046875,0
2022-06-02,6849.2998046875,6855.25,6785.7001953125,6834.5498046875,0
2022-06-03,6771.7998046875,6895.25,6764.85009765625,6879.64990234375,0
2022-06-06,6751.7998046875,6768.39990234375,6676.39990234375,6759.14990234375,0
2022-06-07,6679.2998046875,6713.5498046875,6639.60009765625,6702.0498046875,0
2022-06-08,6635.75,6703.75,6611.9501953125,6691.64990234375,0
2022-06-09,6684.7998046875,6694.7001953125,6564.60009765625,6607.64990234375,0
2022-06-10,6665.2998046875,6679.4501953125,6615.39990234375,6619.2998046875,0
2022-06-13,6581.25,6620.35009765625,6559.75,6568.9501953125,0
2022-06-14,6567.7998046875,6617.4501953125,6539.7001953125,6547.4501953125,0
2022-06-15,6572.35009765625,6601.2998046875,6556.9501953125,6589.14990234375,0
2022-06-16,6493.64990234375,6634.10009765625,6463.7998046875,6631.9501953125,0
2022-06-17,6379.9501953125,6486.9501953125,6363.89990234375,6475.64990234375,0
2022-06-20,6437.10009765625,6459.75,6363.60009765625,6393.9501953125,0
2022-06-21,6557.39990234375,6569.75,6448.89990234375,6466.0498046875,0
2022-06-22,6479.2998046875,6537.0,6466.85009765625,6525.5,0
2022-06-23,6612.89990234375,6621.85009765625,6494.9501953125,6500.60009765625,0
2022-06-24,6713.64990234375,6718.0,6649.39990234375,6650.7001953125,0
2022-06-27,6761.89990234375,6785.7001953125,6737.39990234375,6774.39990234375,0
2022-06-28,6758.0,6765.35009765625,6691.5,6737.5498046875,0
2022-06-29,6722.89990234375,6738.7998046875,6679.5498046875,6699.7001953125,0
2022-06-30,6692.7998046875,6752.2998046875,6671.7998046875,6718.7998046875,0
2022-07-01,6770.89990234375,6789.7001953125,6634.2998046875,6675.0,0
2022-07-04,6878.9501953125,6883.2998046875,6761.14990234375,6784.25,0
2022-07-05,6882.89990234375,6922.0498046875,6867.60009765625,6902.9501953125,0
2022-07-06,7063.2001953125,7074.60009765625,6892.7001953125,6892.7001953125,0
2022-07-07,7093.2998046875,7145.10009765625,7085.89990234375,7120.5498046875,0
2022-07-08,7133.5498046875,7140.75,7092.89990234375,7134.5498046875,0
2022-07-11,7160.75,7173.25,7092.60009765625,7103.60009765625,0
2022-07-12,7094.35009765625,7146.60009765625,7083.0,7130.25,0
2022-07-13,7111.2998046875,7152.10009765625,7094.0,7132.7001953125,0
2022-07-14,7135.7998046875,7163.75,7070.14990234375,7134.2001953125,0
2022-07-15,7244.5,7252.9501953125,7166.5498046875,7175.7001953125,0
2022-07-18,7285.7001953125,7307.14990234375,7258.25,7287.10009765625,0
2022-07-19,7318.64990234375,7324.85009765625,7262.35009765625,7279.25,0
2022-07-20,7343.64990234375,7385.2998046875,7331.7998046875,7368.39990234375,0
2022-07-21,7420.4501953125,7436.9501953125,7342.7998046875,7347.2001953125,0
2022-07-22,7434.10009765625,7456.0,7409.10009765625,7440.0,0
2022-07-25,7397.2001953125,7449.39990234375,7382.7998046875,7437.0,0
2022-07-26,7319.14990234375,7405.4501953125,7307.2998046875,7404.35009765625,0
2022-07-27,7360.35009765625,7367.39990234375,7292.9501953125,7312.89990234375,0
2022-07-28,7423.0498046875,7429.60009765625,7355.75,7400.75,0
2022-07-29,7514.85009765625,7531.60009765625,7462.0498046875,7468.25,0
2022-08-01,7614.7998046875,7622.0498046875,7534.7001953125,7547.2001953125,0
2022-08-02,7672.89990234375,7685.0498046875,7609.7001953125,7629.7001953125,0
2022-08-03,7667.60009765625,7698.4501953125,7591.9501953125,7672.10009765625,0
2022-08-04,7695.2001953125,7704.85009765625,7589.2998046875,7692.2998046875,0
2022-08-05,7664.5,7725.35009765625,7655.85009765625,7712.4501953125,0
2022-08-08,7706.14990234375,7710.75,7666.0498046875,7678.14990234375,0
2022-08-10,7693.60009765625,7738.7001953125,7668.4501953125,7731.35009765625,0
2022-08-11,7685.9501953125,7756.7998046875,7662.39990234375,7747.4501953125,0
2022-08-12,7686.14990234375,7698.64990234375,7645.85009765625,7690.0498046875,0
2022-08-16,7787.75,7798.7001953125,7719.35009765625,7728.10009765625,0
2022-08-17,7853.85009765625,7861.2998046875,7804.2001953125,7809.0498046875,0
2022-08-18,7880.39990234375,7895.85009765625,7848.35009765625,7861.10009765625,0
2022-08-19,7789.39990234375,7901.39990234375,7769.2998046875,7893.2998046875,0
2022-08-22,7672.0,7776.89990234375,7659.2001953125,7775.5,0
2022-08-23,7752.25,7775.64990234375,7618.14990234375,7622.2998046875,0
2022-08-24,7773.89990234375,7783.0498046875,7692.9501953125,7725.25,0
2022-08-25,7775.14990234375,7843.35009765625,7760.85009765625,7801.2998046875,0
2022-08-26,7782.64990234375,7838.89990234375,7772.89990234375,7823.2001953125,0
2022-08-29,7788.35009765625,7799.39990234375,7621.7001953125,7624.60009765625,0
2022-08-30,7952.75,7963.5,7824.25,7824.85009765625,0
2022-09-01,7933.4501953125,7985.14990234375,7875.9501953125,7876.0,0
2022-09-02,7921.7998046875,7981.64990234375,7909.35009765625,7962.7001953125,0
2022-09-05,7932.0,7941.5498046875,7904.2001953125,7927.7998046875,0
2022-09-06,7940.64990234375,7978.7998046875,7919.0498046875,7947.2998046875,0
2022-09-07,7913.0498046875,7944.9501953125,7834.7001953125,7904.89990234375,0
2022-09-08,7955.75,7990.5498046875,7931.9501953125,7974.7998046875,0
2022-09-09,7951.60009765625,8013.10009765625,7932.7001953125,8013.10009765625,0
2022-09-12,7996.9501953125,8005.89990234375,7967.25,7972.25,0
2022-09-13,8047.9501953125,8058.64990234375,8019.2998046875,8030.60009765625,0
2022-09-14,8029.89990234375,8070.39990234375,7939.0,7940.2001953125,0
2022-09-15,8028.35009765625,8085.9501953125,8015.75,8066.2998046875,0
2022-09-16,7872.0,8031.64990234375,7841.0498046875,8026.4501953125,0
2022-09-19,7918.25,7945.14990234375,7798.5498046875,7882.2001953125,0
2022-09-20,8016.9501953125,8056.2001953125,7968.89990234375,7980.60009765625,0
2022-09-21,8006.89990234375,8082.0,7990.89990234375,8024.60009765625,0
2022-09-22,8113.5498046875,8129.2998046875,7987.75,8003.25,0
2022-09-23,7998.2001953125,8146.9501953125,7988.5,8129.89990234375,0
2022-09-26,7825.5498046875,7954.4501953125,7809.7998046875,7949.85009765625,0
2022-09-27,7839.5,7920.75,7807.5,7867.64990234375,0
2022-09-28,7840.60009765625,7900.64990234375,7767.2998046875,7793.5,0
2022-09-29,7803.0,7914.7998046875,7790.7998046875,7889.35009765625,0
2022-09-30,7872.7001953125,7887.85009765625,7722.89990234375,7806.4501953125,0
2022-10-03,7725.9501953125,7908.7001953125,7693.85009765625,7908.25,0
2022-10-04,7867.7998046875,7872.9501953125,7818.14990234375,7847.7998046875,0
2022-10-06,7846.2001953125,7935.0,7835.64990234375,7910.39990234375,0
2022-10-07,7843.9501953125,7877.2998046875,7796.2001953125,7865.85009765625,0
2022-10-10,7774.7998046875,7793.2998046875,7717.25,7749.2001953125,0
2022-10-11,7647.89990234375,7807.7001953125,7629.89990234375,7807.64990234375,0
2022-10-12,7688.7998046875,7698.2001953125,7608.39990234375,7676.7001953125,0
2022-10-13,7640.89990234375,7708.64990234375,7629.89990234375,7682.14990234375,0
2022-10-14,7626.2998046875,7745.0,7617.39990234375,7744.10009765625,0
2022-10-17,7639.0,7660.10009765625,7571.89990234375,7613.5,0
2022-10-18,7758.35009765625,7770.89990234375,7687.4501953125,7693.35009765625,0
2022-10-19,7748.60009765625,7798.89990234375,7736.2998046875,7793.7001953125,0
2022-10-20,7787.89990234375,7800.5498046875,7714.64990234375,7727.4501953125,0
2022-10-21,7779.64990234375,7834.5,7737.85009765625,7809.75,0
2022-10-24,7804.39990234375,7842.0498046875,7792.5498046875,7833.5498046875,0
2022-10-25,7767.0498046875,7833.39990234375,7753.85009765625,7832.89990234375,0
2022-10-27,7824.75,7847.85009765625,7770.0498046875,7806.5498046875,0
2022-10-28,7864.10009765625,7871.85009765625,7809.89990234375,7850.64990234375,0
2022-10-31,7965.0498046875,7975.0498046875,7909.25,7912.89990234375,0
2022-11-01,7994.10009765625,8007.10009765625,7951.89990234375,7996.10009765625,0
2022-11-02,7916.9501953125,7993.14990234375,7895.0498046875,7990.0498046875,0
2022-11-03,7918.7001953125,7933.64990234375,7876.35009765625,7876.60009765625,0
2022-11-04,7909.7001953125,7938.60009765625,7884.10009765625,7924.9501953125,0
2022-11-07,7938.14990234375,7969.89990234375,7885.2001953125,7939.2001953125,0
2022-11-09,7903.7001953125,7971.25,7883.25,7969.2998046875,0
2022-11-10,7840.75,7894.4501953125,7809.89990234375,7889.7001953125,0
2022-11-11,7839.14990234375,7921.64990234375,7824.0498046875,7913.7998046875,0
2022-11-14,7804.5,7868.7001953125,7789.64990234375,7845.35009765625,0
2022-11-15,7828.85009765625,7838.85009765625,7775.0,7823.25,0
2022-11-16,7807.9501953125,7835.5498046875,7777.2998046875,7833.0498046875,0
2022-11-17,7736.0498046875,7806.5,7721.5,7803.14990234375,0
2022-11-18,7691.89990234375,7760.75,7653.10009765625,7754.64990234375,0
2022-11-21,7681.64990234375,7688.85009765625,7643.25,7673.89990234375,0
2022-11-22,7696.0,7712.60009765625,7669.10009765625,7689.39990234375,0
2022-11-23,7697.75,7729.75,7686.64990234375,7726.14990234375,0
2022-11-24,7747.35009765625,7762.35009765625,7707.14990234375,7729.7998046875,0
2022-11-25,7745.2998046875,7774.85009765625,7704.14990234375,7767.35009765625,0
2022-11-28,7741.85009765625,7769.14990234375,7729.9501953125,7729.9501953125,0
2022-11-29,7812.10009765625,7835.7001953125,7745.75,7749.5,0
2022-11-30,7916.5,7949.25,7817.60009765625,7819.0,0
2022-12-01,7897.25,7952.60009765625,7884.0,7952.2001953125,0
2022-12-02,7830.60009765625,7893.0498046875,7810.14990234375,7890.14990234375,0
2022-12-05,7819.39990234375,7844.35009765625,7773.5498046875,7836.39990234375,0
2022-12-06,7823.7998046875,7831.10009765625,7788.64990234375,7794.5498046875,0
2022-12-07,7834.35009765625,7857.7998046875,7813.4501953125,7841.7001953125,0
2022-12-08,7825.0498046875,7867.2998046875,7810.35009765625,7840.5,0
2022-12-09,7836.4501953125,7868.5498046875,7783.7001953125,7854.39990234375,0
2022-12-12,7828.75,7837.39990234375,7774.0,7826.0,0
2022-12-13,7835.0,7846.2998046875,7814.25,7839.89990234375,0
2022-12-14,7827.39990234375,7857.0498046875,7811.10009765625,7852.2998046875,0
2022-12-15,7762.39990234375,7831.0,7747.75,7818.0,0
2022-12-16,7669.75,7752.14990234375,7663.5498046875,7734.2998046875,0
2022-12-19,7792.64990234375,7803.14990234375,7670.64990234375,7680.10009765625,0
2022-12-20,7747.10009765625,7777.64990234375,7690.2001953125,7777.64990234375,0
2022-12-21,7662.89990234375,7779.7998046875,7645.75,7768.4501953125,0
2022-12-22,7612.5498046875,7710.9501953125,7591.9501953125,7682.75,0
2022-12-23,7456.5,7582.5,7443.0498046875,7567.25,0
2022-12-27,7567.39990234375,7604.0,7530.7001953125,7579.25,0
2022-12-28,7590.2001953125,7612.35009765625,7550.2998046875,7562.5,0
2022-12-29,7613.14990234375,7639.39990234375,7519.7998046875,7569.60009765625,0
2022-12-30,7554.35009765625,7649.35009765625,7541.0,7646.85009765625,0
2023-01-02,7550.75,7575.89990234375,7523.64990234375,7569.0,0
2023-01-03,7552.5498046875,7561.60009765625,7526.2001953125,7544.89990234375,0
2023-01-04,7488.5498046875,7566.75,7475.60009765625,7561.25,0
2023-01-05,7534.85009765625,7555.5498046875,7478.4501953125,7521.85009765625,0
2023-01-06,7501.7998046875,7569.0,7474.7998046875,7538.2001953125,0
2023-01-09,7571.7998046875,7583.7998046875,7515.7001953125,7543.14990234375,0
2023-01-10,7523.2001953125,7584.75,7494.0,7583.4501953125,0
2023-01-11,7438.9501953125,7526.14990234375,7424.7998046875,7520.9501953125,0
2023-01-12,7434.14990234375,7461.14990234375,7402.25,7450.7998046875,0
2023-01-13,7456.60009765625,7467.5498046875,7404.4501953125,7447.39990234375,0
2023-01-16,7425.35009765625,7468.60009765625,7399.0,7466.2998046875,0
2023-01-17,7485.2998046875,7491.0,7418.35009765625,7434.10009765625,0
2023-01-18,7516.4501953125,7522.4501953125,7479.35009765625,7496.89990234375,0
2023-01-19,7452.9501953125,7503.9501953125,7429.5498046875,7495.2001953125,0
2023-01-20,7374.9501953125,7425.2998046875,7359.9501953125,7422.0,0
2023-01-23,7425.2001953125,7433.0,7374.35009765625,7402.7998046875,0
2023-01-24,7451.7001953125,7460.85009765625,7426.39990234375,7443.5498046875,0
2023-01-25,7392.0498046875,7448.2998046875,7381.7998046875,7446.60009765625,0
2023-01-27,7316.5498046875,7417.7001953125,7260.7001953125,7401.7998046875,0
2023-01-30,7289.0498046875,7316.89990234375,7222.25,7292.7998046875,0
2023-01-31,7349.5,7366.60009765625,7247.2001953125,7313.7998046875,0
2023-02-01,7347.2001953125,7444.14990234375,7245.2001953125,7402.2001953125,0
2023-02-02,7378.5498046875,7402.5498046875,7302.4501953125,7316.9501953125,0
2023-02-03,7428.0,7434.5498046875,7342.10009765625,7385.0498046875,0
2023-02-06,7419.5498046875,7425.25,7364.85009765625,7411.64990234375,0
2023-02-07,7359.10009765625,7430.75,7352.25,7430.7001953125,0
2023-02-08,7378.35009765625,7387.5498046875,7337.7998046875,7362.64990234375,0
2023-02-09,7374.85009765625,7397.2998046875,7346.60009765625,7374.64990234375,0
2023-02-10,7363.7998046875,7382.9501953125,7343.7998046875,7366.25,0
2023-02-13,7330.0,7379.2998046875,7312.39990234375,7361.4501953125,0
2023-02-14,7347.0498046875,7371.2001953125,7314.10009765625,7337.0498046875,0
2023-02-15,7386.7001953125,7394.0,7301.85009765625,7315.39990234375,0
2023-02-16,7387.85009765625,7425.9501953125,7376.5,7404.2001953125,0
2023-02-17,7345.5498046875,7392.9501953125,7326.5,7369.35009765625,0
2023-02-20,7319.5498046875,7367.64990234375,7313.0,7356.64990234375,0
2023-02-21,7311.39990234375,7344.75,7302.85009765625,7341.10009765625,0
2023-02-22,7250.5,7297.2998046875,7242.7001953125,7294.10009765625,0
2023-02-23,7207.9501953125,7255.89990234375,7183.10009765625,7254.64990234375,0
2023-02-24,7177.7001953125,7229.9501953125,7162.4501953125,7229.0,0
2023-02-27,7118.60009765625,7167.25,7076.2998046875,7164.0498046875,0
2023-02-28,7116.35009765625,7161.0,7096.60009765625,7128.7998046875,0
2023-03-01,7156.9501953125,7164.7998046875,7114.64990234375,7114.64990234375,0
2023-03-02,7108.89990234375,7170.64990234375,7105.0,7168.39990234375,0
2023-03-03,7191.7001953125,7202.9501953125,7137.14990234375,7141.5498046875,0
2023-03-06,7226.2001953125,7254.60009765625,7212.5498046875,7219.5498046875,0
2023-03-08,7247.75,7252.60009765625,7186.0,7218.7001953125,0
2023-03-09,7186.5498046875,7285.4501953125,7180.60009765625,7285.4501953125,0
2023-03-10,7178.60009765625,7183.10009765625,7135.7998046875,7165.5,0
2023-03-13,7097.0,7208.64990234375,7076.39990234375,7183.5,0
2023-03-14,7059.9501953125,7115.25,7040.5,7109.2998046875,0
2023-03-15,7047.5,7106.2001953125,7039.60009765625,7082.85009765625,0
2023-03-16,7120.5498046875,7144.35009765625,7042.5498046875,7058.4501953125,0
2023-03-17,7126.0,7167.35009765625,7090.0,7167.25,0
2023-03-20,7131.2001953125,7137.85009765625,7042.0498046875,7112.35009765625,0
2023-03-21,7115.7001953125,7160.39990234375,7111.64990234375,7151.9501953125,0
2023-03-22,7135.7998046875,7148.5,7114.85009765625,7132.2001953125,0
2023-03-23,7155.0498046875,7167.75,7109.4501953125,7128.2001953125,0
2023-03-24,7107.10009765625,7165.4501953125,7097.0,7152.10009765625,0
2023-03-27,7102.75,7142.7001953125,7081.7998046875,7110.89990234375,0
2023-03-28,7050.25,7117.89990234375,7040.0,7108.89990234375,0
2023-03-29,7104.60009765625,7118.14990234375,7049.35009765625,7051.85009765625,0
2023-03-31,7161.5,7170.7998046875,7120.2998046875,7131.64990234375,0
2023-04-03,7197.85009765625,7202.60009765625,7159.75,7200.85009765625,0
2023-04-05,7241.39990234375,7249.0,7183.9501953125,7199.85009765625,0
2023-04-06,7235.10009765625,7252.5,7197.75,7243.2998046875,0
2023-04-10,7240.2001953125,7257.5,7219.0498046875,7243.5,0
2023-04-11,7288.7001953125,7293.2001953125,7259.2001953125,7270.39990234375,0
2023-04-12,7304.85009765625,7314.39990234375,7279.89990234375,7304.89990234375,0
2023-04-13,7319.2998046875,7336.75,7301.89990234375,7310.60009765625,0
2023-04-17,7352.60009765625,7371.7001953125,7322.4501953125,7371.7001953125,0
2023-04-18,7348.35009765625,7370.35009765625,7323.10009765625,7366.2001953125,0
2023-04-19,7323.0,7351.4501953125,7310.35009765625,7341.75,0
2023-04-20,7339.2998046875,7355.9501953125,7319.2001953125,7328.5,0
2023-04-21,7344.0498046875,7352.2998046875,7324.7001953125,7340.25,0
2023-04-24,7363.89990234375,7368.14990234375,7322.0498046875,7356.0498046875,0
2023-04-25,7384.85009765625,7389.39990234375,7344.9501953125,7368.5,0
2023-04-26,7411.85009765625,7418.5498046875,7376.5,7396.39990234375,0
2023-04-27,7439.2001953125,7448.0,7405.85009765625,7417.0498046875,0
2023-04-28,7502.0498046875,7517.9501953125,7419.2998046875,7448.39990234375,0
2023-05-02,7522.64990234375,7547.39990234375,7509.7998046875,7522.2001953125,0
2023-05-03,7536.85009765625,7558.2998046875,7507.10009765625,7530.39990234375,0
2023-05-04,7564.75,7569.25,7525.0,7541.0498046875,0
2023-05-05,7592.39990234375,7612.5,7560.75,7567.5,0
2023-05-08,7653.60009765625,7659.7998046875,7607.10009765625,7615.25,0
2023-05-09,7640.7998046875,7680.64990234375,7621.5498046875,7671.75,0
2023-05-10,7666.10009765625,7670.2998046875,7635.14990234375,7659.35009765625,0
2023-05-11,7715.60009765625,7722.35009765625,7660.2998046875,7692.2998046875,0
2023-05-12,7749.0,7765.0498046875,7701.35009765625,7716.9501953125,0
2023-05-15,7796.35009765625,7821.60009765625,7743.7001953125,7755.0,0
2023-05-16,7756.89990234375,7820.0,7750.64990234375,7816.0,0
2023-05-17,7731.89990234375,7772.4501953125,7701.25,7762.14990234375,0
2023-05-18,7669.60009765625,7766.14990234375,7661.75,7766.14990234375,0
2023-05-19,7681.2001953125,7688.4501953125,7608.4501953125,7681.75,0
2023-05-22,7712.2001953125,7724.39990234375,7664.39990234375,7681.39990234375,0
2023-05-23,7726.60009765625,7750.64990234375,7718.85009765625,7728.9501953125,0
2023-05-24,7750.0498046875,7765.14990234375,7706.7998046875,7720.9501953125,0
2023-05-25,7808.85009765625,7820.5498046875,7754.85009765625,7761.35009765625,0
2023-05-26,7867.7998046875,7871.7998046875,7800.75,7819.2001953125,0
2023-05-29,7924.7001953125,7938.0,7891.4501953125,7920.25,0
2023-05-30,7931.35009765625,7951.0498046875,7916.7001953125,7938.60009765625,0
2023-05-31,7969.75,8010.35009765625,7914.5498046875,7931.35009765625,0
2023-06-01,7990.7998046875,8014.75,7961.39990234375,7986.35009765625,0
2023-06-02,8055.60009765625,8060.64990234375,8004.14990234375,8015.10009765625,0
2023-06-05,8062.75,8088.2998046875,8058.25,8076.0498046875,0
2023-06-06,8077.4501953125,8089.60009765625,8050.2001953125,8077.60009765625,0
2023-06-07,8160.7001953125,8166.7998046875,8088.64990234375,8100.7001953125,0
2023-06-08,8092.5,8184.39990234375,8084.85009765625,8175.10009765625,0
2023-06-09,8039.60009765625,8126.14990234375,8033.60009765625,8094.5498046875,0
2023-06-12,8057.39990234375,8074.0,8028.39990234375,8060.85009765625,0
2023-06-13,8137.0,8148.35009765625,8067.2998046875,8070.7998046875,0
2023-06-14,8162.5498046875,8168.85009765625,8123.85009765625,8146.9501953125,0
2023-06-15,8196.7998046875,8233.599609375,8169.4501953125,8180.2001953125,0
2023-06-16,8256.7001953125,8265.4501953125,8198.9501953125,8204.349609375,0
2023-06-19,8203.7998046875,8282.900390625,8194.5,8272.0498046875,0
2023-06-20,8217.0498046875,8226.400390625,8160.2998046875,8204.650390625,0
2023-06-21,8190.25,8243.4501953125,8169.5,8225.0498046875,0
2023-06-22,8134.7998046875,8202.650390625,8129.25,8196.5498046875,0
2023-06-23,8109.10009765625,8142.7001953125,8087.60009765625,8140.25,0
2023-06-26,8167.35009765625,8177.4501953125,8106.7001953125,8118.4501953125,0
2023-06-27,8190.10009765625,8202.75,8174.39990234375,8179.35009765625,0
2023-06-28,8247.400390625,8256.849609375,8205.5,8213.4501953125,0
2023-06-30,8318.75,8325.900390625,8264.0498046875,8274.400390625,0
2023-07-03,8336.349609375,8345.9501953125,8301.900390625,8336.7001953125,0
2023-07-04,8317.0498046875,8356.9501953125,8304.25,8356.2001953125,0
2023-07-05,8420.5,8432.25,8320.0,8331.7001953125,0
2023-07-06,8472.599609375,8475.400390625,8410.0,8438.2998046875,0
2023-07-07,8397.4501953125,8498.4501953125,8384.2998046875,8464.0,0
2023-07-10,8348.7001953125,8431.5498046875,8338.5,8412.849609375,0
2023-07-11,8445.400390625,8454.0498046875,8369.5,8377.5,0
2023-07-12,8440.400390625,8476.25,8397.25,8475.599609375,0
2023-07-13,8394.849609375,8474.849609375,8378.849609375,8469.349609375,0
2023-07-14,8437.2001953125,8447.650390625,8388.7001953125,8412.400390625,0
2023-07-17,8439.0,8478.0,8416.7998046875,8452.400390625,0
2023-07-18,8424.0498046875,8460.2998046875,8402.849609375,8452.0498046875,0
2023-07-19,8434.0,8445.7998046875,8408.5,8435.9501953125,0
2023-07-20,8500.0,8505.2998046875,8402.2998046875,8442.2001953125,0
2023-07-21,8443.5,8499.9501953125,8431.7998046875,8467.599609375,0
2023-07-24,8398.599609375,8468.849609375,8388.599609375,8449.0,0
2023-07-25,8380.599609375,8411.5498046875,8327.400390625,8404.5498046875,0
2023-07-26,8400.150390625,8421.2001953125,8379.5498046875,8408.5,0
2023-07-27,8347.0,8416.900390625,8313.5498046875,8394.400390625,0
2023-07-28,8411.9501953125,8417.599609375,8347.349609375,8371.099609375,0
2023-07-31,8402.2001953125,8413.25,8366.650390625,8396.5498046875,0
2023-08-01,8375.2001953125,8424.150390625,8365.650390625,8417.5498046875,0
2023-08-02,8312.849609375,8368.900390625,8270.900390625,8363.0498046875,0
2023-08-03,8254.7998046875,8314.349609375,8226.0498046875,8291.900390625,0
2023-08-04,8278.25,8318.150390625,8256.7001953125,8275.7001953125,0
2023-08-07,8310.25,8316.25,8266.599609375,8283.0498046875,0
2023-08-08,8292.099609375,8336.25,8265.900390625,8323.5498046875,0
2023-08-09,8320.900390625,8324.5,8267.099609375,8299.7001953125,0
2023-08-10,8292.099609375,8324.5498046875,8250.0498046875,8319.5,0
2023-08-11,8232.2998046875,8303.650390625,8223.150390625,8298.75,0
2023-08-14,8223.5498046875,8238.150390625,8141.5,8226.2001953125,0
2023-08-16,8242.2001953125,8250.0498046875,8187.25,8229.5,0
2023-08-17,8226.7001953125,8254.099609375,8198.75,8249.900390625,0
2023-08-18,8217.0,8245.400390625,8190.25,8216.400390625,0
2023-08-21,8275.4501953125,8283.900390625,8209.2998046875,8219.349609375,0
2023-08-22,8321.7998046875,8327.7998046875,8274.150390625,8293.0498046875,0
2023-08-23,8302.2998046875,8342.099609375,8297.7001953125,8342.0,0
2023-08-24,8325.4501953125,8352.150390625,8319.4501953125,8338.25,0
2023-08-25,8266.0498046875,8307.650390625,8253.25,8306.25,0
2023-08-28,8271.349609375,8292.349609375,8248.75,8283.7998046875,0
2023-08-29,8283.4501953125,8294.0498046875,8257.0,8287.0,0
2023-08-30,8339.2998046875,8351.150390625,8305.5498046875,8314.4501953125,0
2023-08-31,8298.4501953125,8351.75,8276.4501953125,8346.349609375,0
2023-09-01,8358.7001953125,8369.5,8292.650390625,8302.2998046875,0
2023-09-04,8343.900390625,8388.25,8317.400390625,8387.400390625,0
2023-09-05,8384.099609375,8395.849609375,8343.900390625,8360.2998046875,0
2023-09-06,8448.2998046875,8457.0,8374.7001953125,8393.650390625,0
2023-09-07,8447.599609375,8452.7998046875,8419.650390625,8441.7001953125,0
2023-09-08,8472.650390625,8493.0,8447.599609375,8476.849609375,0
2023-09-11,8550.25,8555.2998046875,8487.599609375,8497.75,0
2023-09-12,8480.900390625,8579.349609375,8453.7001953125,8577.75,0
2023-09-13,8517.5498046875,8521.900390625,8452.4501953125,8476.2998046875,0
2023-09-14,8529.400390625,8558.5,8493.150390625,8544.75,0
2023-09-15,8566.849609375,8580.849609375,8506.5,8531.4501953125,0
2023-09-18,8604.650390625,8627.400390625,8548.4501953125,8574.349609375,0
2023-09-20,8544.2001953125,8586.2001953125,8534.099609375,8559.599609375,0
2023-09-21,8504.349609375,8549.400390625,8465.900390625,8537.7001953125,0
2023-09-22,8503.099609375,8519.75,8471.0,8502.9501953125,0
2023-09-25,8518.7998046875,8543.0,8486.0498046875,8512.2001953125,0
2023-09-26,8529.5,8538.75,8513.599609375,8527.349609375,0
2023-09-27,8555.650390625,8566.150390625,8491.599609375,8531.2998046875,0
2023-09-28,8429.150390625,8571.75,8412.25,8568.7001953125,0
2023-09-29,8459.900390625,8486.9501953125,8417.650390625,8459.7998046875,0
2023-10-03,8432.400390625,8475.7998046875,8415.599609375,8475.400390625,0
2023-10-04,8405.900390625,8422.400390625,8369.2001953125,8418.400390625,0
2023-10-05,8448.2001953125,8453.150390625,8413.9501953125,8441.0,0
2023-10-06,8485.599609375,8493.0498046875,8456.0,8474.9501953125,0
2023-10-09,8435.0,8462.099609375,8399.25,8424.099609375,0
2023-10-10,8496.2998046875,8504.7001953125,8451.9501953125,8455.650390625,0
2023-10-11,8571.0,8580.650390625,8520.2998046875,8526.0498046875,0
2023-10-12,8581.4501953125,8601.9501953125,8559.0,8594.849609375,0
2023-10-13,8602.4501953125,8614.849609375,8546.7998046875,8558.0498046875,0
2023-10-16,8587.5,8607.400390625,8577.099609375,8590.099609375,0
2023-10-17,8616.0498046875,8639.349609375,8599.0,8611.7001953125,0
2023-10-18,8577.349609375,8626.900390625,8569.75,8624.099609375,0
2023-10-19,8594.400390625,8608.150390625,8534.0,8541.0498046875,0
2023-10-20,8524.7001953125,8570.9501953125,8512.099609375,8555.150390625,0
2023-10-23,8433.5,8533.5498046875,8421.900390625,8505.7001953125,0
2023-10-25,8383.2998046875,8450.650390625,8344.0498046875,8424.150390625,0
2023-10-26,8260.0,8353.099609375,8246.2001953125,8343.0498046875,0
2023-10-27,8342.9501953125,8373.900390625,8272.900390625,8272.900390625,0
2023-10-30,8335.599609375,8367.099609375,8260.099609375,8349.2998046875,0
2023-10-31,8331.7998046875,8359.9501953125,8313.650390625,8346.599609375,0
2023-11-01,8298.0,8353.5498046875,8289.7998046875,8335.7001953125,0
2023-11-02,8371.7998046875,8382.0498046875,8325.400390625,8354.9501953125,0
2023-11-03,8443.0498046875,8451.5498046875,8396.7001953125,8404.25,0
2023-11-06,8499.849609375,8504.9501953125,8459.9501953125,8480.900390625,0
2023-11-07,8514.9501953125,8524.599609375,8473.7998046875,8499.4501953125,0
2023-11-08,8573.400390625,8577.5,8527.5498046875,8551.0498046875,0
2023-11-09,8570.25,8593.0498046875,8561.400390625,8588.0498046875,0
2023-11-10,8565.4501953125,8575.25,8511.2001953125,8555.7001953125,0
2023-11-13,8582.4501953125,8591.0,8559.349609375,8589.650390625,0
2023-11-15,8664.150390625,8670.650390625,8599.849609375,8647.650390625,0
2023-11-16,8699.5498046875,8732.400390625,8639.75,8666.4501953125,0
2023-11-17,8759.349609375,8788.5,8697.4501953125,8699.0498046875,0
2023-11-20,8752.0,8772.349609375,8728.2998046875,8770.9501953125,0
2023-11-21,8768.25,8788.0498046875,8750.2001953125,8772.150390625,0
2023-11-22,8789.25,8795.9501953125,8742.650390625,8780.900390625,0
2023-11-23,8815.0,8832.2998046875,8796.5498046875,8803.4501953125,0
2023-11-24,8788.599609375,8826.4501953125,8781.650390625,8817.25,0
2023-11-28,8839.849609375,8850.4501953125,8792.7998046875,8806.5,0
2023-11-29,8899.2998046875,8908.099609375,8874.2001953125,8883.349609375,0
2023-11-30,8987.099609375,8998.349609375,8893.0,8900.0498046875,0
2023-12-01,9044.4501953125,9061.7001953125,9005.150390625,9013.7998046875,0
2023-12-04,9152.25,9168.5,9099.5,9167.650390625,0
2023-12-05,9198.7001953125,9213.400390625,9158.650390625,9183.400390625,0
2023-12-06,9238.400390625,9268.25,9203.75,9215.849609375,0
2023-12-07,9220.150390625,9254.2001953125,9197.400390625,9245.9501953125,0
2023-12-08,9167.099609375,9258.849609375,9137.150390625,9243.150390625,0
2023-12-11,9196.599609375,9201.150390625,9131.150390625,9182.7001953125,0
2023-12-12,9148.25,9228.7998046875,9121.4501953125,9217.9501953125,0
2023-12-13,9217.400390625,9229.75,9128.7001953125,9168.5498046875,0
2023-12-14,9270.9501953125,9286.599609375,9226.7001953125,9277.25,0
2023-12-15,9257.0498046875,9308.150390625,9206.5,9308.099609375,0
2023-12-18,9259.0,9284.400390625,9228.2001953125,9259.349609375,0
2023-12-19,9298.150390625,9313.5498046875,9247.5,9282.0,0
2023-12-20,9160.4501953125,9373.7998046875,9140.75,9367.900390625,0
2023-12-21,9195.4501953125,9212.0498046875,9064.5,9110.2998046875,0
2023-12-22,9279.0,9287.5498046875,9185.7001953125,9228.349609375,0
2023-12-26,9365.9501953125,9371.9501953125,9299.0,9313.150390625,0
2023-12-27,9450.2998046875,9459.2998046875,9376.75,9385.7998046875,0
2023-12-28,9541.650390625,9556.9501953125,9464.599609375,9469.5,0
2023-12-29,9577.9501953125,9587.25,9521.2998046875,9546.0498046875,0
2024-01-02,9520.849609375,9567.7001953125,9439.5,9566.650390625,0
2024-01-03,9544.9501953125,9570.099609375,9512.9501953125,9534.150390625,0
2024-01-04,9615.75,9627.0,9563.599609375,9579.2998046875,0
2024-01-05,9604.9501953125,9650.849609375,9586.75,9643.0,0
2024-01-08,9497.900390625,9639.0,9491.0498046875,9636.650390625,0
2024-01-09,9543.7001953125,9574.9501953125,9512.75,9562.900390625,0
2024-01-10,9553.349609375,9570.349609375,9507.900390625,9561.5,0
2024-01-11,9578.7998046875,9620.7001953125,9566.2998046875,9584.5,0
2024-01-12,9613.2001953125,9623.7998046875,9549.849609375,9590.849609375,0
2024-01-15,9672.349609375,9677.75,9598.4501953125,9653.400390625,0
2024-01-16,9656.7001953125,9709.599609375,9623.400390625,9677.7998046875,0
2024-01-17,9572.400390625,9649.150390625,9559.2998046875,9600.849609375,0
2024-01-18,9501.7001953125,9567.2998046875,9408.7998046875,9540.349609375,0
2024-01-19,9640.099609375,9654.2001953125,9539.5498046875,9550.2998046875,0
2024-01-23,9471.349609375,9645.349609375,9439.5498046875,9620.25,0
2024-01-24,9588.900390625,9596.9501953125,9398.599609375,9466.0,0
2024-01-25,9532.5498046875,9619.0498046875,9500.400390625,9616.0,0
2024-01-29,9606.5,9613.5,9513.5498046875,9514.349609375,0
2024-01-30,9518.900390625,9660.7001953125,9509.9501953125,9632.0498046875,0
2024-01-31,9627.9501953125,9638.9501953125,9496.9501953125,9523.400390625,0
2024-02-01,9636.400390625,9725.400390625,9622.25,9650.7001953125,0
2024-02-02,9633.099609375,9722.150390625,9616.849609375,9664.2998046875,0
2024-02-05,9553.5498046875,9696.400390625,9536.349609375,9673.900390625,0
2024-02-06,9626.599609375,9638.7998046875,9577.7998046875,9591.2998046875,0
2024-02-07,9723.5498046875,9744.400390625,9621.75,9686.0498046875,0
2024-02-08,9668.2998046875,9767.849609375,9622.75,9767.849609375,0
2024-02-09,9664.5,9684.25,9599.2001953125,9672.650390625,0
2024-02-12,9603.150390625,9682.150390625,9589.5,9679.2001953125,0
2024-02-13,9638.7001953125,9665.400390625,9583.599609375,9615.650390625,0
2024-02-14,9703.400390625,9720.599609375,9574.5498046875,9590.849609375,0
2024-02-15,9730.9501953125,9742.650390625,9702.650390625,9732.75,0
2024-02-16,9819.4501953125,9841.150390625,9751.4501953125,9773.2001953125,0
2024-02-20,9882.650390625,9896.9501953125,9830.4501953125,9888.5,0
2024-02-21,9870.150390625,9949.349609375,9835.599609375,9900.2001953125,0
2024-02-22,9962.900390625,9973.5,9788.099609375,9909.9501953125,0
2024-02-23,9951.900390625,9980.400390625,9932.5,9976.599609375,0
2024-02-26,9892.099609375,9938.150390625,9874.849609375,9929.75,0
2024-02-27,9938.5498046875,9950.4501953125,9873.849609375,9897.25,0
2024-02-28,9801.900390625,9966.9501953125,9788.900390625,9954.099609375,0
2024-02-29,9806.150390625,9833.150390625,9740.650390625,9784.9501953125,0
2024-03-01,9883.7001953125,9903.650390625,9825.5,9841.2998046875,0
2024-03-04,9885.0498046875,9954.0,9868.400390625,9935.2001953125,0
2024-03-05,9885.900390625,9915.849609375,9854.2001953125,9885.5498046875,0
2024-03-06,9961.599609375,9974.349609375,9807.400390625,9899.349609375,0
2024-03-07,10021.0,10030.9501953125,9935.650390625,9971.7998046875,0
2024-03-11,9981.349609375,10066.849609375,9967.2998046875,10045.5498046875,0
2024-03-12,9929.849609375,9986.25,9898.75,9982.7998046875,0
2024-03-13,9753.900390625,10014.5,9690.7998046875,10009.7001953125,0
2024-03-14,9894.900390625,9905.25,9694.099609375,9736.0498046875,0
2024-03-15,9858.5,9909.2998046875,9811.2001953125,9868.75,0
2024-03-18,9879.5,9891.5,9820.900390625,9857.400390625,0
2024-03-19,9766.9501953125,9866.849609375,9754.2001953125,9856.349609375,0
2024-03-20,9819.349609375,9828.099609375,9749.7001953125,9782.75,0
2024-03-21,9887.400390625,9902.5498046875,9846.25,9873.400390625,0
2024-03-22,9994.5498046875,10022.2998046875,9872.349609375,9889.349609375,0
2024-03-26,9970.599609375,9997.25,9930.599609375,9931.849609375,0
2024-03-27,10017.0,10043.5,9978.0498046875,9983.150390625,0
2024-03-28,10128.400390625,10190.7998046875,10019.9501953125,10047.7001953125,0
2024-04-01,10133.2001953125,10208.75,10120.650390625,10178.0,0
2024-04-02,10160.349609375,10177.2001953125,10117.4501953125,10177.2001953125,0
2024-04-03,10131.7998046875,10163.5498046875,10078.75,10130.4501953125,0
2024-04-04,10175.5498046875,10201.900390625,10082.2001953125,10187.9501953125,0
2024-04-05,10159.5,10204.2998046875,10153.400390625,10175.25,0
2024-04-08,10251.2998046875,10282.099609375,10191.900390625,10200.2998046875,0
2024-04-09,10230.099609375,10289.400390625,10208.2998046875,10289.0,0
2024-04-10,10313.099609375,10319.9501953125,10249.4501953125,10277.349609375,0
2024-04-12,10221.75,10312.349609375,10216.900390625,10300.9501953125,0
2024-04-15,10120.4501953125,10158.7998046875,10050.9501953125,10112.2001953125,0
2024-04-16,10112.75,10147.2998046875,10068.0498046875,10082.75,0
2024-04-18,10067.2998046875,10213.150390625,10045.5498046875,10145.5,0
2024-04-19,10150.0498046875,10165.150390625,9954.5,10052.0,0
2024-04-22,10234.2998046875,10254.0,10171.5498046875,10237.849609375,0
2024-04-23,10314.5498046875,10330.9501953125,10262.599609375,10284.2998046875,0
2024-04-24,10317.400390625,10354.650390625,10306.900390625,10327.0498046875,0
2024-04-25,10350.849609375,10358.0,10255.7001953125,10312.7001953125,0
2024-04-26,10325.7998046875,10390.7998046875,10316.900390625,10380.25,0
2024-04-29,10352.2001953125,10368.0,10278.099609375,10347.7001953125,0
2024-04-30,10405.349609375,10481.599609375,10381.099609375,10383.0,0
2024-05-02,10462.900390625,10482.099609375,10394.9501953125,10399.099609375,0
2024-05-03,10387.849609375,10514.75,10306.599609375,10512.150390625,0
2024-05-06,10388.849609375,10434.5,10341.75,10422.75,0
2024-05-07,10390.650390625,10479.2001953125,10339.7001953125,10432.650390625,0
2024-05-08,10427.0498046875,10439.0498046875,10330.7001953125,10372.7998046875,0
2024-05-09,10286.0,10466.0,10272.7001953125,10418.099609375,0
2024-05-10,10405.4501953125,10417.400390625,10296.650390625,10305.4501953125,0
2024-05-13,10392.099609375,10445.650390625,10279.650390625,10433.0498046875,0
2024-05-14,10436.849609375,10471.4501953125,10374.7998046875,10394.9501953125,0
2024-05-15,10421.900390625,10472.25,10392.75,10457.849609375,0
2024-05-16,10534.0498046875,10548.400390625,10380.2998046875,10473.849609375,0
2024-05-17,10609.349609375,10635.7001953125,10554.9501953125,10577.2998046875,0
2024-05-21,10614.650390625,10634.5498046875,10587.650390625,10606.5498046875,0
2024-05-22,10674.7998046875,10686.0,10606.2001953125,10636.0,0
2024-05-23,10796.7001953125,10804.5,10655.849609375,10698.349609375,0
2024-05-24,10741.400390625,10787.5498046875,10731.2001953125,10785.9501953125,0
2024-05-27,10703.650390625,10783.400390625,10687.2001953125,10778.5,0
2024-05-28,10664.7001953125,10731.9501953125,10650.25,10717.7998046875,0
2024-05-29,10630.2001953125,10671.5498046875,10603.2001953125,10604.75,0
2024-05-30,10504.5498046875,10620.349609375,10466.7001953125,10597.349609375,0
2024-05-31,10470.900390625,10557.650390625,10406.7001953125,10541.9501953125,0
2024-06-03,10627.0,10759.7001953125,10611.5,10758.0,0
2024-06-04,10436.900390625,10642.2998046875,9990.349609375,10642.2998046875,0
2024-06-05,10902.2998046875,10940.5,10467.400390625,10545.7001953125,0
2024-06-06,10917.4501953125,10957.75,10832.9501953125,10954.099609375,0
2024-06-07,11119.2998046875,11127.7001953125,10883.75,10887.2998046875,0
2024-06-10,11105.7001953125,11181.5498046875,11082.7001953125,11139.5498046875,0
2024-06-11,11102.599609375,11158.5,11086.2001953125,11123.9501953125,0
2024-06-12,11099.5,11139.599609375,11090.099609375,11122.400390625,0
2024-06-13,11127.25,11205.0,11093.150390625,11204.7998046875,0
2024-06-14,11221.900390625,11231.099609375,11139.099609375,11152.400390625,0
2024-06-18,11249.5498046875,11286.599609375,11230.7001953125,11268.7001953125,0
2024-06-19,11117.650390625,11290.099609375,11102.0,11288.4501953125,0
2024-06-20,11089.2998046875,11148.9501953125,11067.900390625,11143.9501953125,0
2024-06-21,11030.9501953125,11134.9501953125,11001.0498046875,11118.4501953125,0
2024-06-24,11123.75,11133.7001953125,10968.150390625,11000.099609375,0
2024-06-25,11087.599609375,11166.25,11068.650390625,11152.7998046875,0
2024-06-26,11091.2998046875,11116.5,11018.2998046875,11081.849609375,0
2024-06-27,11139.5498046875,11170.099609375,11043.9501953125,11094.349609375,0
2024-06-28,11131.599609375,11196.0498046875,11116.7001953125,11179.75,0
2024-07-01,11190.849609375,11200.0498046875,11117.5498046875,11118.2001953125,0
2024-07-02,11105.650390625,11227.0,11079.349609375,11225.849609375,0
2024-07-03,11163.0498046875,11175.9501953125,11121.2998046875,11148.9501953125,0
2024-07-04,11169.25,11208.5,11164.2001953125,11187.9501953125,0
2024-07-05,11220.4501953125,11230.7998046875,11137.599609375,11163.849609375,0
2024-07-08,11239.900390625,11265.2001953125,11202.099609375,11241.0,0
2024-07-09,11375.849609375,11383.650390625,11272.7998046875,11298.599609375,0
2024-07-10,11330.0,11409.4501953125,11207.5,11398.400390625,0
2024-07-11,11333.900390625,11359.7998046875,11297.900390625,11358.2998046875,0
2024-07-12,11347.5,11385.099609375,11325.4501953125,11352.7001953125,0
2024-07-15,11425.2001953125,11430.4501953125,11356.0498046875,11382.900390625,0
2024-07-16,11475.7998046875,11510.599609375,11430.9501953125,11463.0,0
2024-07-18,11526.25,11533.5498046875,11380.5498046875,11442.5,0
2024-07-19,11394.2998046875,11519.599609375,11383.2001953125,11519.599609375,0
2024-07-22,11452.7001953125,11474.900390625,11344.5498046875,11345.150390625,0
2024-07-23,11583.150390625,11592.5498046875,11275.900390625,11484.0498046875,0
2024-07-24,11567.099609375,11607.2001953125,11526.5,11589.2998046875,0
2024-07-25,11537.650390625,11550.599609375,11481.7998046875,11501.2001953125,0
2024-07-26,11760.7001953125,11773.849609375,11558.650390625,11584.25,0
2024-07-29,11750.7001953125,11832.849609375,11705.75,11824.349609375,0
2024-07-30,11717.849609375,11799.7001953125,11711.5,11778.2001953125,0
2024-07-31,11806.0498046875,11832.4501953125,11746.7998046875,11770.7001953125,0
2024-08-01,11833.0,11861.400390625,11780.9501953125,11849.900390625,0
2024-08-02,11748.4501953125,11867.650390625,11738.0498046875,11757.599609375,0
2024-08-05,11539.75,11665.0,11480.099609375,11525.2998046875,0
2024-08-06,11465.25,11698.7998046875,11444.2998046875,11607.9501953125,0
2024-08-07,11633.9501953125,11642.849609375,11559.7998046875,11617.099609375,0
2024-08-08,11572.599609375,11652.349609375,11556.0498046875,11633.5,0
2024-08-09,11714.9501953125,11727.2001953125,11650.849609375,11705.849609375,0
2024-08-12,11661.25,11712.2001953125,11628.2001953125,11677.4501953125,0
2024-08-13,11617.900390625,11701.5,11595.5,11690.150390625,0
2024-08-14,11641.099609375,11668.7001953125,11584.400390625,11647.75,0
2024-08-16,11816.4501953125,11831.099609375,11662.650390625,11706.0498046875,0
2024-08-19,11794.5,11893.25,11789.5498046875,11887.9501953125,0
2024-08-20,11812.150390625,11835.599609375,11774.0,11831.5,0
2024-08-21,11903.099609375,11909.7998046875,11820.5,11830.9501953125,0
2024-08-22,11972.5498046875,11990.0498046875,11929.25,11965.150390625,0
2024-08-23,11987.650390625,12015.4501953125,11965.2998046875,11997.7001953125,0
2024-08-26,12037.400390625,12049.9501953125,11965.4501953125,12009.5498046875,0
2024-08-27,11983.5,12060.349609375,11967.4501953125,12057.400390625,0
2024-08-28,12011.7001953125,12054.2998046875,11972.900390625,12004.0498046875,0
2024-08-29,12041.2998046875,12053.599609375,11963.9501953125,12028.9501953125,0
2024-08-30,12077.7001953125,12118.5498046875,12063.25,12073.75,0
2024-09-02,12101.9501953125,12150.2001953125,12075.5,12145.4501953125,0
2024-09-03,12085.849609375,12150.7998046875,12074.599609375,12130.400390625,0
2024-09-04,12101.25,12114.349609375,11996.7998046875,12006.4501953125,0
2024-09-05,12127.25,12160.4501953125,12098.099609375,12130.5,0
2024-09-06,12064.5,12162.75,12030.5,12125.0498046875,0
2024-09-09,12174.4501953125,12184.900390625,12008.849609375,12053.25,0
2024-09-10,12260.0,12307.25,12176.400390625,12209.0,0
2024-09-11,12287.5498046875,12390.2001953125,12260.0,12276.0498046875,0
2024-09-12,12531.400390625,12545.0498046875,12339.0498046875,12358.900390625,0
2024-09-13,12452.400390625,12557.900390625,12444.650390625,12554.599609375,0
2024-09-16,12444.900390625,12482.099609375,12411.75,12463.4501953125,0
2024-09-17,12500.2001953125,12508.7998046875,12445.2998046875,12476.25,0
2024-09-18,12472.0498046875,12540.5498046875,12412.25,12495.099609375,0
2024-09-19,12549.650390625,12594.150390625,12496.0,12516.349609375,0
2024-09-20,12816.900390625,12840.0498046875,12583.5498046875,12587.2001953125,0
2024-09-23,12982.400390625,12990.099609375,12856.349609375,12857.7001953125,0
2024-09-24,12947.4501953125,13013.0,12938.7001953125,12971.25,0
2024-09-25,12890.7001953125,12935.150390625,12821.5498046875,12934.7998046875,0
2024-09-26,13038.650390625,13051.2001953125,12898.0,12914.099609375,0
2024-09-27,12998.2998046875,13057.599609375,12954.75,13008.0498046875,0
2024-09-30,12826.849609375,12984.099609375,12808.599609375,12928.25,0
2024-10-01,12811.599609375,12872.5498046875,12768.900390625,12839.099609375,0
2024-10-03,12549.150390625,12714.2001953125,12529.25,12605.0498046875,0
2024-10-04,12351.4501953125,12595.5,12331.599609375,12500.849609375,0
2024-10-07,12258.7998046875,12414.7998046875,12196.599609375,12399.849609375,0
2024-10-08,12452.0498046875,12474.400390625,12251.349609375,12264.349609375,0
2024-10-09,12454.9501953125,12582.7001953125,12433.599609375,12500.5498046875,0
2024-10-10,12420.7001953125,12531.400390625,12396.7998046875,12501.849609375,0
2024-10-11,12423.0,12458.900390625,12372.25,12450.2001953125,0
2024-10-14,12439.75,12464.349609375,12397.349609375,12447.2998046875,0
2024-10-15,12464.7001953125,12510.849609375,12376.150390625,12509.7998046875,0
2024-10-16,12367.5498046875,12460.599609375,12319.900390625,12456.150390625,0
2024-10-17,12066.2001953125,12357.349609375,12054.4501953125,12349.7001953125,0
2024-10-18,12026.900390625,12053.400390625,11930.400390625,12030.0498046875,0
2024-10-21,11998.25,12053.25,11871.75,12040.849609375,0
2024-10-22,11819.5,12038.25,11805.7998046875,12019.849609375,0
2024-10-23,11802.9501953125,11897.4501953125,11749.5,11781.25,0
2024-10-24,11644.849609375,11825.4501953125,11616.349609375,11816.849609375,0
2024-10-25,11562.599609375,11688.599609375,11487.0498046875,11670.900390625,0
2024-10-28,11594.400390625,11669.9501953125,11457.9501953125,11559.4501953125,0
2024-10-29,11551.5498046875,11616.349609375,11426.4501953125,11590.349609375,0
2024-10-30,11559.5,11622.650390625,11486.4501953125,11500.349609375,0
2024-10-31,11480.7998046875,11580.099609375,11458.5498046875,11568.5498046875,0
2024-11-01,11569.2001953125,11603.349609375,11555.849609375,11565.5498046875,0
2024-11-04,11432.599609375,11599.650390625,11328.9501953125,11593.4501953125,0
2024-11-05,11434.7998046875,11444.0498046875,11320.849609375,11400.099609375,0
2024-11-06,11570.150390625,11586.900390625,11428.849609375,11457.0,0
2024-11-07,11433.599609375,11621.2001953125,11420.599609375,11617.400390625,0
2024-11-08,11425.150390625,11475.5,11358.0,11453.75,0
2024-11-11,11358.900390625,11457.150390625,11319.2001953125,11361.7998046875,0
2024-11-12,11213.75,11418.849609375,11183.400390625,11377.900390625,0
2024-11-13,11072.5,11194.599609375,11046.2998046875,11171.0,0
2024-11-14,11087.849609375,11150.2998046875,11033.0498046875,11094.25,0
2024-11-18,11113.150390625,11186.849609375,11041.099609375,11184.9501953125,0
2024-11-19,11172.599609375,11302.75,11147.150390625,11152.0498046875,0
2024-11-21,11076.7001953125,11140.7001953125,11021.099609375,11135.5498046875,0
2024-11-22,11304.0498046875,11326.099609375,11046.4501953125,11082.5,0
2024-11-25,11386.2001953125,11527.5498046875,11364.349609375,11458.099609375,0
2024-11-26,11390.75,11449.900390625,11338.2998046875,11428.849609375,0
2024-11-27,11468.2001953125,11500.349609375,11361.75,11415.25,0
2024-11-28,11349.599609375,11528.0,11327.849609375,11475.7001953125,0
2024-11-29,11447.400390625,11484.2998046875,11334.400390625,11336.4501953125,0
2024-12-02,11540.099609375,11551.349609375,11428.2001953125,11460.75,0
2024-12-03,11544.4501953125,11553.5,11471.25,11522.900390625,0
2024-12-04,11495.7998046875,11590.2001953125,11460.25,11574.7001953125,0
2024-12-05,11626.400390625,11663.2998046875,11464.150390625,11542.849609375,0
2024-12-06,11658.5498046875,11695.400390625,11625.25,11663.400390625,0
2024-12-09,11544.900390625,11643.5498046875,11523.7001953125,11634.150390625,0
2024-12-10,11524.4501953125,11570.150390625,11489.2001953125,11564.25,0
2024-12-11,11567.2998046875,11576.849609375,11499.25,11522.2001953125,0
2024-12-12,11510.099609375,11582.5,11499.599609375,11560.400390625,0
2024-12-13,11644.599609375,11655.2998046875,11392.099609375,11484.7001953125,0
2024-12-16,11626.5498046875,11665.099609375,11578.099609375,11657.099609375,0
2024-12-17,11516.2998046875,11621.400390625,11497.7001953125,11588.849609375,0
2024-12-18,11493.349609375,11538.599609375,11454.2001953125,11512.0498046875,0
2024-12-19,11424.0498046875,11451.0,11360.4501953125,11362.0498046875,0
2024-12-20,11234.0498046875,11504.400390625,11213.099609375,11440.349609375,0
2024-12-23,11273.150390625,11358.2001953125,11238.75,11280.25,0
2024-12-24,11306.2001953125,11364.25,11243.75,11284.7998046875,0
2024-12-26,11351.599609375,11360.2998046875,11289.900390625,11331.5,0
2024-12-27,11373.75,11453.900390625,11364.5,11380.25,0
2024-12-30,11363.900390625,11389.349609375,11316.4501953125,11374.2998046875,0
2024-12-31,11362.599609375,11396.650390625,11260.0498046875,11320.75,0
2025-01-02,11683.400390625,11692.5498046875,11416.0498046875,11467.150390625,0
2025-01-03,11668.5,11733.75,11651.2998046875,11724.5498046875,0
2025-01-06,11432.400390625,11700.7998046875,11391.849609375,11689.599609375,0
2025-01-07,11401.849609375,11500.349609375,11386.099609375,11442.900390625,0
2025-01-08,11367.2998046875,11434.2001953125,11264.400390625,11431.650390625,0
2025-01-09,11373.349609375,11444.099609375,11319.900390625,11387.25,0
2025-01-10,11254.25,11373.099609375,11208.599609375,11356.2001953125,0
2025-01-13,10937.7001953125,11128.2001953125,10922.0,11079.900390625,0
2025-01-14,10970.0,11051.0498046875,10950.2998046875,10994.0,0
2025-01-15,11013.4501953125,11049.400390625,10950.400390625,11015.650390625,0
2025-01-16,11026.25,11111.400390625,11001.25,11102.0498046875,0
2025-01-17,11070.2001953125,11104.7998046875,10971.0498046875,11039.7998046875,0
2025-01-20,11038.0498046875,11110.25,11000.349609375,11100.650390625,0
2025-01-21,10848.2998046875,11046.9501953125,10834.9501953125,11029.2998046875,0
2025-01-22,10840.0498046875,10880.5498046875,10772.650390625,10862.5,0
2025-01-23,10942.5498046875,10966.9501953125,10771.9501953125,10815.349609375,0
2025-01-24,10875.9501953125,11005.5498046875,10862.2998046875,10941.7001953125,0
2025-01-27,10741.7998046875,10837.4501953125,10726.0498046875,10819.7998046875,0
2025-01-28,10782.349609375,10869.0498046875,10701.5498046875,10774.0,0
2025-01-29,10874.849609375,10885.900390625,10780.099609375,10801.150390625,0
2025-01-30,10938.75,10963.75,10864.650390625,10893.400390625,0
2025-01-31,11115.599609375,11139.900390625,10937.9501953125,10951.2998046875,0
2025-02-03,11449.650390625,11512.5,11381.099609375,11449.150390625,0
2025-02-04,11429.650390625,11530.4501953125,11322.2001953125,11530.349609375,0
2025-02-05,11341.349609375,11451.650390625,11326.0498046875,11437.849609375,0
2025-02-06,11171.5,11396.349609375,11153.75,11394.150390625,0
2025-02-07,11218.5498046875,11271.349609375,11146.599609375,11221.5498046875,0
2025-02-10,11079.349609375,11282.2001953125,11049.5,11241.25,0
2025-02-11,10858.7001953125,11098.2998046875,10820.650390625,11095.5498046875,0
2025-02-12,10805.25,10872.4501953125,10672.0498046875,10842.849609375,0
2025-02-13,10784.7001953125,10888.2001953125,10768.2001953125,10828.349609375,0
2025-02-14,10682.849609375,10825.5498046875,10621.349609375,10810.0,0
2025-02-17,10635.0,10646.400390625,10534.900390625,10634.2001953125,0
2025-02-18,10601.0498046875,10680.849609375,10544.5498046875,10662.599609375,0
2025-02-19,10610.2998046875,10655.900390625,10533.849609375,10560.25,0
2025-02-20,10657.9501953125,10665.150390625,10530.599609375,10566.7998046875,0
2025-02-21,10542.0498046875,10675.5,10515.0,10644.400390625,0
2025-02-24,10494.150390625,10514.0498046875,10447.349609375,10450.9501953125,0
2025-02-25,10562.25,10597.2001953125,10499.2998046875,10502.7998046875,0
2025-02-27,10485.0498046875,10585.849609375,10453.599609375,10579.25,0
2025-02-28,10160.7001953125,10426.7998046875,10144.75,10419.849609375,0
2025-03-03,10213.75,10252.5498046875,10099.9501953125,10188.7998046875,0
2025-03-04,10159.9501953125,10188.7001953125,10090.650390625,10128.7998046875,0
2025-03-05,10360.25,10380.900390625,10167.75,10167.75,0
2025-03-06,10438.5498046875,10447.2001953125,10330.650390625,10432.0498046875,0
2025-03-07,10394.400390625,10467.0498046875,10381.25,10434.4501953125,0
2025-03-10,10313.75,10435.849609375,10296.75,10386.849609375,0
2025-03-11,10362.2001953125,10378.25,10230.7998046875,10247.5498046875,0
2025-03-12,10335.5498046875,10428.9501953125,10284.4501953125,10393.150390625,0
2025-03-13,10285.9501953125,10395.099609375,10275.900390625,10377.0,0
2025-03-17,10337.400390625,10369.650390625,10245.0498046875,10245.0498046875,0
2025-03-18,10529.9501953125,10545.849609375,10375.5498046875,10392.849609375,0
2025-03-19,10589.4501953125,10629.849609375,10527.0,10558.5,0
2025-03-20,10757.7998046875,10770.5498046875,10626.75,10663.400390625,0
2025-03-21,10807.75,10861.2998046875,10750.4501953125,10772.849609375,0
2025-03-24,10804.7001953125,10863.349609375,10772.0,10863.349609375,0
2025-03-25,10763.099609375,10872.900390625,10727.0498046875,10844.150390625,0
2025-03-26,10710.75,10785.599609375,10700.650390625,10762.400390625,0
2025-03-27,10771.650390625,10785.4501953125,10660.400390625,10693.900390625,0
2025-03-28,10720.400390625,10842.5498046875,10664.75,10773.849609375,0
2025-04-01,10662.400390625,10831.400390625,10626.650390625,10698.650390625,0
2025-04-02,10827.5498046875,10834.75,10658.849609375,10692.900390625,0
2025-04-03,10829.5,10844.150390625,10737.099609375,10740.849609375,0
2025-04-04,10742.849609375,10828.900390625,10707.9501953125,10816.099609375,0
2025-04-07,10450.849609375,10490.5,10159.849609375,10163.150390625,0
2025-04-08,10654.9501953125,10719.400390625,10515.400390625,10620.099609375,0
2025-04-09,10725.0498046875,10767.349609375,10631.900390625,10675.599609375,0
2025-04-11,10863.2001953125,10889.9501953125,10815.75,10874.25,0
2025-04-15,11047.900390625,11079.849609375,10986.2998046875,11079.849609375,0
2025-04-16,11107.849609375,11116.650390625,11020.75,11038.25,0
2025-04-17,11266.7001953125,11283.0498046875,11043.900390625,11107.099609375,0
2025-04-21,11333.400390625,11345.849609375,11195.75,11297.650390625,0
2025-04-22,11412.650390625,11422.75,11318.0,11371.400390625,0
2025-04-23,11527.5,11537.650390625,11362.400390625,11458.650390625,0
2025-04-24,11435.2998046875,11540.5,11409.349609375,11523.400390625,0
2025-04-25,11247.150390625,11489.9501953125,11161.400390625,11444.25,0
2025-04-28,11323.7998046875,11337.2001953125,11225.9501953125,11239.099609375,0
2025-04-29,11309.0,11380.900390625,11281.099609375,11352.9501953125,0
2025-04-30,11316.5498046875,11354.0498046875,11262.650390625,11326.4501953125,0
2025-05-02,11281.7998046875,11437.7001953125,11228.599609375,11260.150390625,0
2025-05-05,11448.900390625,11461.25,11319.849609375,11335.650390625,0
2025-05-06,11414.849609375,11545.900390625,11390.0498046875,11515.25,0
2025-05-07,11408.7001953125,11433.900390625,11298.650390625,11299.0498046875,0
2025-05-08,11227.150390625,11405.5498046875,11167.150390625,11395.7001953125,0
2025-05-09,11147.900390625,11182.7998046875,11016.2001953125,11016.2001953125,0
2025-05-12,11536.7998046875,11549.2001953125,11358.849609375,11380.599609375,0
2025-05-13,11396.5498046875,11576.2001953125,11374.150390625,11513.599609375,0
2025-05-14,11453.349609375,11490.849609375,11381.0,11400.599609375,0
2025-05-15,11627.849609375,11650.9501953125,11410.7001953125,11467.349609375,0
2025-05-16,11654.5498046875,11661.599609375,11583.75,11631.900390625,0
2025-05-19,11644.5498046875,11719.599609375,11637.5,11655.7998046875,0
2025-05-20,11438.5498046875,11684.2998046875,11428.150390625,11682.0498046875,0
2025-05-21,11504.5498046875,11566.9501953125,11422.5,11461.150390625,0
2025-05-22,11403.0498046875,11484.650390625,11343.2998046875,11480.2998046875,0
2025-05-23,11529.150390625,11550.349609375,11412.900390625,11440.099609375,0
2025-05-26,11585.7001953125,11610.349609375,11540.0498046875,11546.0498046875,0
2025-05-27,11510.150390625,11607.5498046875,11457.599609375,11581.2998046875,0
2025-05-28,11407.599609375,11482.2001953125,11398.0498046875,11481.5,0
2025-05-29,11439.2001953125,11452.400390625,11386.25,11432.25,0
2025-05-30,11383.150390625,11456.0,11370.5498046875,11421.5498046875,0
2025-06-02,11445.4501953125,11459.849609375,11368.0,11373.150390625,0
2025-06-03,11380.650390625,11515.650390625,11370.75,11484.5,0
2025-06-04,11425.150390625,11437.9501953125,11377.9501953125,11389.2001953125,0
2025-06-05,11486.099609375,11546.4501953125,11416.849609375,11467.349609375,0
2025-06-06,11616.5,11620.9501953125,11472.400390625,11500.7998046875,0
2025-06-09,11658.25,11662.900390625,11614.5,11659.0,0
2025-06-10,11635.599609375,11692.4501953125,11613.25,11686.849609375,0
2025-06-11,11614.9501953125,11672.349609375,11596.75,11639.7998046875,0
2025-06-12,11451.0,11648.400390625,11429.2998046875,11644.75,0
2025-06-13,11373.849609375,11389.75,11243.7001953125,11243.7001953125,0
2025-06-16,11484.5498046875,11490.7001953125,11350.900390625,11376.400390625,0
2025-06-17,11422.599609375,11501.2001953125,11408.4501953125,11497.599609375,0
2025-06-18,11441.0498046875,11514.7001953125,11387.650390625,11417.650390625,0
2025-06-19,11450.599609375,11487.349609375,11421.900390625,11447.400390625,0
2025-06-20,11620.9501953125,11638.349609375,11446.349609375,11460.400390625,0
2025-06-23,11580.599609375,11617.7998046875,11504.9501953125,11543.2001953125,0
2025-06-24,11616.900390625,11736.849609375,11604.0,11681.2001953125,0
2025-06-25,11758.75,11765.0,11669.650390625,11673.849609375,0
2025-06-26,11855.4501953125,11860.349609375,11752.7001953125,11787.7998046875,0
2025-06-27,11870.650390625,11900.900390625,11848.349609375,11866.650390625,0
2025-06-30,11842.849609375,11903.7998046875,11806.7998046875,11889.75,0
2025-07-01,11830.9501953125,11895.75,11816.650390625,11878.2998046875,0
2025-07-02,11845.9501953125,11855.400390625,11795.099609375,11831.650390625,0
2025-07-03,11835.2001953125,11911.5498046875,11827.900390625,11859.400390625,0
2025-07-04,11776.75,11821.25,11731.150390625,11808.25,0
2025-07-07,11827.849609375,11838.2001953125,11782.150390625,11789.900390625,0
2025-07-08,11788.349609375,11826.599609375,11743.7998046875,11815.4501953125,0
2025-07-09,11805.0498046875,11845.25,11782.0498046875,11794.400390625,0
2025-07-10,11726.4501953125,11831.5,11713.650390625,11821.0,0
2025-07-11,11621.349609375,11742.7998046875,11607.900390625,11725.650390625,0
2025-07-14,11665.599609375,11679.0498046875,11590.849609375,11625.0,0
2025-07-15,11750.0,11760.7001953125,11675.0,11690.5,0
2025-07-16,11794.849609375,11809.9501953125,11701.849609375,11749.25,0
2025-07-17,11772.2001953125,11832.9501953125,11766.900390625,11809.400390625,0
2025-07-18,11699.150390625,11789.5,11676.349609375,11787.099609375,0
2025-07-21,11747.099609375,11764.099609375,11638.099609375,11686.849609375,0
2025-07-22,11801.5,11830.7998046875,11762.650390625,11822.0498046875,0
2025-07-23,11839.099609375,11850.25,11794.900390625,11818.5498046875,0
2025-07-24,11781.5498046875,11876.650390625,11768.25,11838.900390625,0
2025-07-25,11687.7998046875,11763.650390625,11663.2998046875,11757.7001953125,0
2025-07-28,11612.150390625,11725.5,11586.7001953125,11670.650390625,0
2025-07-29,11676.599609375,11689.7001953125,11574.150390625,11595.0498046875,0
2025-07-30,11700.099609375,11718.2998046875,11650.5498046875,11686.7998046875,0
2025-07-31,11739.099609375,11799.7001953125,11595.0,11604.349609375,0
2025-08-01,11697.150390625,11836.25,11682.0498046875,11752.0,0
2025-08-04,11782.349609375,11789.400390625,11692.75,11727.2998046875,0
2025-08-05,11790.0,11800.900390625,11718.5498046875,11794.0498046875,0
2025-08-06,11747.75,11814.150390625,11714.150390625,11802.9501953125,0
2025-08-07,11772.9501953125,11789.2998046875,11647.25,11683.400390625,0
2025-08-08,11647.099609375,11769.099609375,11637.0498046875,11754.2998046875,0
2025-08-11,11756.650390625,11766.400390625,11619.7001953125,11646.650390625,0
2025-08-12,11747.150390625,11831.900390625,11736.7998046875,11763.4501953125,0
2025-08-13,11844.7998046875,11865.25,11772.4501953125,11772.900390625,0
2025-08-14,11839.900390625,11879.5498046875,11822.2001953125,11862.849609375,0
2025-08-18,12089.9501953125,12172.5498046875,12027.25,12031.75,0
2025-08-19,12189.7001953125,12197.150390625,12075.5498046875,12114.25,0
2025-08-20,12295.2001953125,12313.599609375,12189.5,12206.2998046875,0
2025-08-21,12258.900390625,12307.4501953125,12248.849609375,12305.25,0
2025-08-22,12196.2998046875,12282.400390625,12183.2001953125,12266.4501953125,0
2025-08-25,12212.7001953125,12244.0498046875,12172.4501953125,12243.7998046875,0
2025-08-26,12166.349609375,12243.5,12139.650390625,12186.150390625,0
2025-08-28,12063.849609375,12231.0,12049.400390625,12231.0,0
2025-08-29,12059.349609375,12105.849609375,12013.0498046875,12053.099609375,0
2025-09-01,12208.5498046875,12219.5,12061.25,12061.25,0
2025-09-02,12213.0,12265.599609375,12176.25,12225.7001953125,0
2025-09-03,12296.900390625,12304.9501953125,12206.0,12243.4501953125,0
2025-09-04,12358.7001953125,12582.099609375,12340.400390625,12580.400390625,0
2025-09-05,12370.5498046875,12419.2001953125,12328.599609375,12398.2001953125,0
2025-09-08,12431.5,12485.7001953125,12374.25,12395.900390625,0
2025-09-09,12443.849609375,12457.849609375,12398.0,12448.0498046875,0
2025-09-10,12406.599609375,12490.0498046875,12378.900390625,12482.9501953125,0
2025-09-11,12411.400390625,12432.099609375,12379.4501953125,12398.349609375,0
2025-09-12,12375.5,12440.400390625,12369.0,12431.75,0
2025-09-15,12347.349609375,12410.150390625,12342.7998046875,12386.0498046875,0
2025-09-16,12420.2998046875,12437.849609375,12349.900390625,12355.2998046875,0
2025-09-17,12443.2998046875,12464.9501953125,12419.75,12444.5498046875,0
2025-09-18,12485.099609375,12492.7001953125,12429.5498046875,12469.2998046875,0
2025-09-19,12462.650390625,12506.099609375,12445.650390625,12490.25,0
2025-09-22,12493.150390625,12562.0,12469.599609375,12482.9501953125,0
2025-09-23,12394.2001953125,12553.400390625,12388.5,12534.849609375,0
2025-09-24,12318.25,12396.900390625,12312.599609375,12383.7998046875,0
2025-09-25,12243.2998046875,12347.7998046875,12231.2998046875,12318.900390625,0
2025-09-26,12080.150390625,12252.9501953125,12073.150390625,12223.849609375,0
2025-09-29,12108.349609375,12153.400390625,12065.7001953125,12123.7998046875,0
2025-09-30,12063.25,12137.150390625,12044.0498046875,12109.4501953125,0
2025-10-01,12131.7998046875,12142.150390625,12037.400390625,12059.0498046875,0
2025-10-03,12144.0,12151.5,12028.099609375,12103.400390625,0
2025-10-06,12210.2998046875,12223.2998046875,12097.0,12140.099609375,0
2025-10-07,12225.900390625,12261.650390625,12182.75,12204.400390625,0
2025-10-08,12183.849609375,12257.4501953125,12169.4501953125,12226.25,0
2025-10-09,12227.4501953125,12234.0498046875,12171.25,12209.7001953125,0
2025-10-10,12285.150390625,12303.9501953125,12202.099609375,12216.9501953125,0
2025-10-13,12264.849609375,12308.349609375,12238.150390625,12252.5,0
2025-10-14,12228.4501953125,12306.4501953125,12186.4501953125,12306.4501953125,0
2025-10-15,12349.25,12359.900390625,12247.4501953125,12252.599609375,0
2025-10-16,12483.349609375,12538.7001953125,12361.0,12368.0,0
2025-10-17,12620.7998046875,12660.0,12467.9501953125,12472.7998046875,0
2025-10-20,12639.0498046875,12716.2001953125,12621.7998046875,12675.400390625,0
2025-10-21,12633.900390625,12686.349609375,12611.150390625,12669.650390625,0
2025-10-23,12567.099609375,12714.2998046875,12549.9501953125,12714.0,0
2025-10-24,12520.25,12568.2001953125,12485.4501953125,12568.2001953125,0
2025-10-27,12601.650390625,12619.0,12533.25,12534.150390625,0
2025-10-28,12550.099609375,12634.7998046875,12502.2001953125,12611.4501953125,0
2025-10-29,12576.599609375,12602.0,12533.5498046875,12570.349609375,0
2025-10-30,12501.0,12575.2001953125,12479.25,12560.7001953125,0
2025-10-31,12415.5498046875,12551.7998046875,12407.5,12511.5,0
2025-11-03,12446.0,12458.150390625,12375.9501953125,12410.4501953125,0
2025-11-04,12384.2998046875,12468.2998046875,12372.400390625,12459.7001953125,0
2025-11-06,12325.7998046875,12465.4501953125,12314.2998046875,12415.150390625,0
2025-11-07,12253.2001953125,12276.2001953125,12180.2998046875,12274.0498046875,0
2025-11-10,12224.25,12273.2001953125,12217.75,12243.4501953125,0
2025-11-11,12320.099609375,12330.099609375,12199.599609375,12256.099609375,0
2025-11-12,12389.5,12398.7001953125,12335.7998046875,12370.099609375,0
2025-11-13,12357.150390625,12437.400390625,12347.349609375,12428.599609375,0
2025-11-14,12389.099609375,12404.2001953125,12302.0,12335.599609375,0
2025-11-17,12478.25,12482.5,12400.5,12426.0498046875,0
2025-11-18,12431.25,12501.099609375,12406.5498046875,12492.5498046875,0
2025-11-19,12481.099609375,12488.7998046875,12400.7998046875,12436.2998046875,0
2025-11-20,12499.2998046875,12537.0498046875,12488.900390625,12511.4501953125,0
2025-11-21,12500.25,12540.9501953125,12467.400390625,12485.7998046875,0
2025-11-24,12422.2001953125,12514.0498046875,12398.2001953125,12513.400390625,0
2025-11-25,12405.0,12454.0498046875,12386.900390625,12441.400390625,0
2025-11-26,12497.900390625,12509.150390625,12370.849609375,12370.849609375,0
2025-11-27,12450.349609375,12530.0,12416.9501953125,12522.849609375,0
2025-11-28,12472.150390625,12498.599609375,12439.0498046875,12458.150390625,0
2025-12-01,12462.4501953125,12517.349609375,12433.4501953125,12510.0498046875,0
2025-12-02,12459.9501953125,12511.5,12429.2998046875,12452.650390625,0
2025-12-03,12325.2001953125,12472.150390625,12316.2001953125,12460.0,0
2025-12-04,12349.650390625,12359.2998046875,12287.7998046875,12331.0,0
2025-12-05,12376.150390625,12383.2998046875,12283.849609375,12326.5,0
2025-12-08,12170.5,12360.400390625,12145.5498046875,12352.849609375,0
2025-12-09,12158.2998046875,12183.400390625,12040.400390625,12134.849609375,0
2025-12-10,12075.099609375,12216.5,12064.0,12155.7998046875,0
2025-12-11,12139.75,12144.2998046875,12034.650390625,12060.900390625,0
2025-12-12,12211.900390625,12218.2998046875,12143.650390625,12149.900390625,0
2025-12-15,12205.0498046875,12216.4501953125,12129.5498046875,12173.2001953125,0
2025-12-16,12192.9501953125,12248.400390625,12163.4501953125,12194.5,0
2025-12-17,12136.849609375,12229.650390625,12115.5498046875,12217.349609375,0
2025-12-18,12103.5,12134.0498046875,12039.150390625,12120.75,0
2025-12-19,12191.25,12197.599609375,12118.099609375,12121.099609375,0
2025-12-22,12283.0,12287.7998046875,12202.650390625,12215.900390625,0
2025-12-23,12282.7998046875,12305.099609375,12238.150390625,12305.099609375,0
2025-12-24,12272.2998046875,12309.7998046875,12253.5498046875,12277.0498046875,0
2025-12-26,12231.5498046875,12283.0,12215.75,12262.7998046875,0
2025-12-29,12183.400390625,12265.150390625,12168.2998046875,12237.75,0
2025-12-30,12182.150390625,12220.099609375,12135.650390625,12182.099609375,0
2025-12-31,12289.4501953125,12305.9501953125,12182.400390625,12182.400390625,0
2026-01-02,12256.5,12274.099609375,12200.150390625,12236.099609375,0
2026-01-05,12283.2001953125,12329.7998046875,12230.9501953125,12248.849609375,0
2026-01-06,12274.650390625,12303.150390625,12230.599609375,12283.5,0
2026-01-07,12249.900390625,12306.5498046875,12206.25,12284.75,0
2026-01-08,12156.599609375,12253.150390625,12134.5498046875,12238.150390625,0
2026-01-09,12027.7998046875,12191.5498046875,12003.2998046875,12145.599609375,0
2026-01-12,12080.9501953125,12095.650390625,11900.599609375,12013.9501953125,0
